Date,Open,High,Low,Close,Volume
2025-12-29 14:30:00+00:00,6903.60009765625,6908.1201171875,6897.52978515625,6907.9599609375,0
2025-12-29 14:35:00+00:00,6907.830078125,6920.2099609375,6907.22021484375,6916.240234375,35606270
2025-12-29 14:40:00+00:00,6916.27978515625,6916.27978515625,6911.25,6912.35009765625,29872144
2025-12-29 14:45:00+00:00,6912.6201171875,6912.6201171875,6903.6201171875,6906.08984375,32494158
2025-12-29 14:50:00+00:00,6906.06005859375,6909.60986328125,6902.60986328125,6906.18017578125,27191285
2025-12-29 14:55:00+00:00,6906.2099609375,6907.5400390625,6901.240234375,6903.77978515625,22958351
2025-12-29 15:00:00+00:00,6903.6298828125,6906.5400390625,6900.990234375,6901.58984375,23153755
2025-12-29 15:05:00+00:00,6901.66015625,6903.41015625,6898.52978515625,6899.06982421875,25190286
2025-12-29 15:10:00+00:00,6898.759765625,6899.93017578125,6896.18017578125,6898.740234375,21274098
2025-12-29 15:15:00+00:00,6898.64013671875,6905.1298828125,6898.47021484375,6902.89013671875,19979936
2025-12-29 15:20:00+00:00,6902.8798828125,6906.58984375,6902.1201171875,6906.419921875,18950083
2025-12-29 15:25:00+00:00,6906.35986328125,6908.18017578125,6905.81982421875,6907.6201171875,19788373
2025-12-29 15:30:00+00:00,6907.47998046875,6908.990234375,6905.41015625,6908.97998046875,20358060
2025-12-29 15:35:00+00:00,6908.97998046875,6911.66015625,6905.7900390625,6907.75,19812579
2025-12-29 15:40:00+00:00,6907.740234375,6910.52978515625,6906.490234375,6909.66015625,16617306
2025-12-29 15:45:00+00:00,6909.64013671875,6909.85009765625,6902.7099609375,6902.830078125,17948393
2025-12-29 15:50:00+00:00,6902.830078125,6902.830078125,6896.7099609375,6900.68994140625,19592833
2025-12-29 15:55:00+00:00,6900.68017578125,6904.75,6899.85009765625,6901.52001953125,17384488
2025-12-29 16:00:00+00:00,6901.4501953125,6902.64013671875,6899.2099609375,6899.240234375,18268749
2025-12-29 16:05:00+00:00,6899.33984375,6902.0,6897.97021484375,6898.91015625,16472556
2025-12-29 16:10:00+00:00,6898.919921875,6903.89990234375,6898.740234375,6902.85009765625,16921902
2025-12-29 16:15:00+00:00,6902.77978515625,6902.77978515625,6897.8798828125,6899.7099609375,15644768
2025-12-29 16:20:00+00:00,6899.72021484375,6900.7900390625,6897.85986328125,6900.18017578125,15889850
2025-12-29 16:25:00+00:00,6900.2001953125,6900.31982421875,6897.3798828125,6899.47998046875,14382810
2025-12-29 16:30:00+00:00,6899.47998046875,6902.5400390625,6897.669921875,6897.72998046875,16684258
2025-12-29 16:35:00+00:00,6897.77978515625,6899.68994140625,6896.43017578125,6896.60986328125,13283752
2025-12-29 16:40:00+00:00,6896.64013671875,6896.83984375,6894.830078125,6896.3701171875,13773193
2025-12-29 16:45:00+00:00,6896.35009765625,6898.85009765625,6896.27978515625,6898.33984375,15345417
2025-12-29 16:50:00+00:00,6898.3701171875,6900.2001953125,6897.47998046875,6899.64990234375,13824002
2025-12-29 16:55:00+00:00,6899.64990234375,6901.509765625,6898.33984375,6898.58984375,16845377
2025-12-29 17:00:00+00:00,6898.5400390625,6899.85986328125,6897.009765625,6897.759765625,11963383
2025-12-29 17:05:00+00:00,6897.85986328125,6898.27978515625,6895.509765625,6895.7998046875,14237043
2025-12-29 17:10:00+00:00,6895.7900390625,6896.39013671875,6893.9599609375,6896.06982421875,11611207
2025-12-29 17:15:00+00:00,6895.990234375,6896.8701171875,6894.47021484375,6895.0498046875,13958481
2025-12-29 17:20:00+00:00,6895.06005859375,6895.27978515625,6892.68994140625,6893.080078125,11071356
2025-12-29 17:25:00+00:00,6893.08984375,6893.18994140625,6888.759765625,6890.2998046875,12285133
2025-12-29 17:30:00+00:00,6890.27978515625,6892.72998046875,6889.7099609375,6891.56982421875,14604478
2025-12-29 17:35:00+00:00,6891.60986328125,6892.68017578125,6890.52001953125,6890.56005859375,11685487
2025-12-29 17:40:00+00:00,6890.64990234375,6892.9599609375,6890.31005859375,6892.6298828125,11975909
2025-12-29 17:45:00+00:00,6892.580078125,6894.33984375,6892.490234375,6894.02001953125,14160356
2025-12-29 17:50:00+00:00,6893.9599609375,6897.2998046875,6893.9599609375,6896.9599609375,13497565
2025-12-29 17:55:00+00:00,6896.97021484375,6898.43017578125,6896.85986328125,6897.81005859375,11980382
2025-12-29 18:00:00+00:00,6897.77978515625,6897.77978515625,6895.77001953125,6897.33984375,13212100
2025-12-29 18:05:00+00:00,6897.31005859375,6898.7998046875,6896.7001953125,6897.830078125,11959935
2025-12-29 18:10:00+00:00,6897.85986328125,6897.8701171875,6895.68994140625,6896.68994140625,10950028
2025-12-29 18:15:00+00:00,6896.68017578125,6899.740234375,6896.68017578125,6899.56005859375,12423692
2025-12-29 18:20:00+00:00,6899.580078125,6902.77001953125,6899.33984375,6902.39990234375,15664116
2025-12-29 18:25:00+00:00,6902.4599609375,6902.5498046875,6900.1298828125,6900.97998046875,11968630
2025-12-29 18:30:00+00:00,6900.97998046875,6903.31005859375,6900.75,6903.2900390625,12060083
2025-12-29 18:35:00+00:00,6903.35009765625,6906.39013671875,6903.35009765625,6904.64013671875,13446481
2025-12-29 18:40:00+00:00,6904.64990234375,6904.740234375,6901.8701171875,6902.240234375,12438196
2025-12-29 18:45:00+00:00,6902.2900390625,6902.56982421875,6900.919921875,6901.0498046875,10718283
2025-12-29 18:50:00+00:00,6901.009765625,6901.5400390625,6899.93017578125,6900.64990234375,11615455
2025-12-29 18:55:00+00:00,6900.66015625,6900.740234375,6899.4501953125,6899.77978515625,11580855
2025-12-29 19:00:00+00:00,6899.759765625,6900.35009765625,6897.64990234375,6898.16015625,13568219
2025-12-29 19:05:00+00:00,6898.2099609375,6898.9599609375,6896.72021484375,6897.259765625,12464093
2025-12-29 19:10:00+00:00,6897.259765625,6898.27978515625,6896.81005859375,6897.740234375,12414000
2025-12-29 19:15:00+00:00,6897.77978515625,6898.68017578125,6897.259765625,6897.990234375,12611000
2025-12-29 19:20:00+00:00,6898.0,6901.4501953125,6898.0,6901.06005859375,13380000
2025-12-29 19:25:00+00:00,6901.10986328125,6902.43994140625,6900.4599609375,6902.14013671875,10697000
2025-12-29 19:30:00+00:00,6902.10009765625,6905.83984375,6902.10009765625,6905.39013671875,13418000
2025-12-29 19:35:00+00:00,6905.43994140625,6906.41015625,6904.89990234375,6905.740234375,12351000
2025-12-29 19:40:00+00:00,6905.75,6908.22998046875,6905.75,6906.85986328125,13817000
2025-12-29 19:45:00+00:00,6906.85986328125,6910.330078125,6906.7001953125,6909.14013671875,13488000
2025-12-29 19:50:00+00:00,6909.1298828125,6910.93994140625,6909.0498046875,6910.25,14111000
2025-12-29 19:55:00+00:00,6910.240234375,6912.22021484375,6910.240234375,6910.77978515625,15580000
2025-12-29 20:00:00+00:00,6910.77978515625,6910.83984375,6908.919921875,6910.18017578125,15833000
2025-12-29 20:05:00+00:00,6910.1201171875,6911.169921875,6909.72998046875,6910.580078125,15059000
2025-12-29 20:10:00+00:00,6910.58984375,6912.5,6910.58984375,6912.5,14717000
2025-12-29 20:15:00+00:00,6912.47998046875,6913.7099609375,6911.990234375,6912.18994140625,15629000
2025-12-29 20:20:00+00:00,6912.16015625,6912.97998046875,6911.259765625,6912.240234375,17090000
2025-12-29 20:25:00+00:00,6912.18994140625,6912.419921875,6909.58984375,6909.669921875,18485000
2025-12-29 20:30:00+00:00,6909.740234375,6911.68017578125,6909.2998046875,6909.89990234375,21102000
2025-12-29 20:35:00+00:00,6909.9599609375,6911.259765625,6908.89013671875,6908.93017578125,21836000
2025-12-29 20:40:00+00:00,6908.919921875,6909.60009765625,6906.25,6907.3701171875,25036000
2025-12-29 20:45:00+00:00,6907.39990234375,6908.5400390625,6906.93017578125,6907.5498046875,33690000
2025-12-29 20:50:00+00:00,6907.5,6909.35009765625,6904.25,6904.25,54392000
2025-12-29 20:55:00+00:00,6904.10986328125,6907.25,6902.4501953125,6906.9599609375,126283000
2025-12-30 14:30:00+00:00,6900.43994140625,6905.89990234375,6899.85986328125,6900.7099609375,0
2025-12-30 14:35:00+00:00,6900.81982421875,6902.7998046875,6899.1201171875,6900.39990234375,28349125
2025-12-30 14:40:00+00:00,6900.72021484375,6901.18017578125,6898.490234375,6898.9501953125,23238084
2025-12-30 14:45:00+00:00,6898.89013671875,6908.509765625,6896.64013671875,6908.0,26851907
2025-12-30 14:50:00+00:00,6908.080078125,6909.7001953125,6906.02978515625,6908.080078125,22726496
2025-12-30 14:55:00+00:00,6908.43994140625,6913.25,6908.27978515625,6909.47998046875,21476449
2025-12-30 15:00:00+00:00,6909.4501953125,6909.919921875,6905.5498046875,6906.35986328125,22378428
2025-12-30 15:05:00+00:00,6906.16015625,6906.47021484375,6903.080078125,6903.47021484375,20222780
2025-12-30 15:10:00+00:00,6903.47021484375,6903.7998046875,6896.66015625,6897.64990234375,19420667
2025-12-30 15:15:00+00:00,6897.740234375,6900.27001953125,6895.60986328125,6897.169921875,19281029
2025-12-30 15:20:00+00:00,6897.10986328125,6901.64990234375,6896.02978515625,6898.1298828125,17779667
2025-12-30 15:25:00+00:00,6898.06982421875,6898.39013671875,6895.93017578125,6896.830078125,15107664
2025-12-30 15:30:00+00:00,6896.97021484375,6897.419921875,6895.39990234375,6895.830078125,16359866
2025-12-30 15:35:00+00:00,6895.830078125,6897.39990234375,6894.89990234375,6897.16015625,19799485
2025-12-30 15:40:00+00:00,6897.1201171875,6897.5400390625,6893.47021484375,6895.2998046875,16904143
2025-12-30 15:45:00+00:00,6895.3701171875,6898.22998046875,6894.75,6898.22998046875,15491721
2025-12-30 15:50:00+00:00,6898.169921875,6903.2001953125,6897.85009765625,6902.08984375,17592992
2025-12-30 15:55:00+00:00,6902.009765625,6905.02978515625,6902.009765625,6903.8798828125,15654002
2025-12-30 16:00:00+00:00,6903.85009765625,6907.6298828125,6903.14013671875,6907.10009765625,16777530
2025-12-30 16:05:00+00:00,6907.06982421875,6907.93017578125,6904.93994140625,6905.2099609375,17477816
2025-12-30 16:10:00+00:00,6905.22021484375,6906.740234375,6904.85009765625,6905.43994140625,16514933
2025-12-30 16:15:00+00:00,6905.58984375,6907.8701171875,6905.509765625,6907.43017578125,16824462
2025-12-30 16:20:00+00:00,6907.41015625,6913.06005859375,6907.41015625,6910.93017578125,17494076
2025-12-30 16:25:00+00:00,6910.83984375,6910.8798828125,6909.0400390625,6910.10986328125,15254276
2025-12-30 16:30:00+00:00,6910.080078125,6910.419921875,6907.35986328125,6907.75,14554406
2025-12-30 16:35:00+00:00,6907.77978515625,6908.33984375,6903.16015625,6903.85009765625,16158870
2025-12-30 16:40:00+00:00,6903.8798828125,6903.919921875,6902.18994140625,6903.919921875,13851955
2025-12-30 16:45:00+00:00,6903.97021484375,6904.22021484375,6903.10009765625,6903.169921875,11786819
2025-12-30 16:50:00+00:00,6903.14990234375,6903.43017578125,6901.259765625,6901.490234375,12017666
2025-12-30 16:55:00+00:00,6901.6298828125,6901.93017578125,6900.06005859375,6900.31982421875,12058000
2025-12-30 17:00:00+00:00,6900.14990234375,6900.5,6898.39990234375,6898.64990234375,12569814
2025-12-30 17:05:00+00:00,6898.64990234375,6900.35009765625,6898.64990234375,6899.85009765625,11182165
2025-12-30 17:10:00+00:00,6899.89013671875,6900.47021484375,6898.31005859375,6898.60986328125,10891914
2025-12-30 17:15:00+00:00,6898.580078125,6900.33984375,6897.02978515625,6900.02978515625,12686328
2025-12-30 17:20:00+00:00,6900.080078125,6901.43017578125,6899.60986328125,6901.009765625,11679358
2025-12-30 17:25:00+00:00,6900.97021484375,6901.68994140625,6900.68994140625,6901.33984375,11073481
2025-12-30 17:30:00+00:00,6901.43017578125,6904.259765625,6901.25,6903.89990234375,10952206
2025-12-30 17:35:00+00:00,6903.93994140625,6904.43994140625,6903.4599609375,6903.830078125,11002109
2025-12-30 17:40:00+00:00,6903.83984375,6904.7099609375,6901.89990234375,6902.0498046875,11062943
2025-12-30 17:45:00+00:00,6902.0400390625,6902.14013671875,6899.830078125,6902.06005859375,10889681
2025-12-30 17:50:00+00:00,6902.02001953125,6904.31982421875,6901.7001953125,6904.18017578125,10505939
2025-12-30 17:55:00+00:00,6904.1298828125,6904.52978515625,6903.56005859375,6903.89013671875,10373570
2025-12-30 18:00:00+00:00,6903.93017578125,6903.990234375,6900.009765625,6902.669921875,12012773
2025-12-30 18:05:00+00:00,6902.66015625,6905.02978515625,6902.66015625,6904.81982421875,10777291
2025-12-30 18:10:00+00:00,6904.7998046875,6905.41015625,6904.1298828125,6904.68017578125,10675980
2025-12-30 18:15:00+00:00,6904.66015625,6905.14990234375,6904.22021484375,6904.77001953125,9784531
2025-12-30 18:20:00+00:00,6904.77001953125,6904.85009765625,6903.259765625,6903.990234375,9423450
2025-12-30 18:25:00+00:00,6904.0,6905.47998046875,6903.77978515625,6905.33984375,10844957
2025-12-30 18:30:00+00:00,6905.35009765625,6906.77978515625,6905.22998046875,6906.27978515625,10745787
2025-12-30 18:35:00+00:00,6906.31982421875,6906.31982421875,6903.60986328125,6903.759765625,10428431
2025-12-30 18:40:00+00:00,6903.759765625,6904.47998046875,6902.72021484375,6904.2001953125,11661816
2025-12-30 18:45:00+00:00,6904.18017578125,6906.3798828125,6903.85986328125,6906.14013671875,11050014
2025-12-30 18:50:00+00:00,6906.14990234375,6906.3701171875,6905.0498046875,6905.240234375,11205383
2025-12-30 18:55:00+00:00,6905.2998046875,6905.89013671875,6904.7001953125,6905.4599609375,11039149
2025-12-30 19:00:00+00:00,6905.47021484375,6906.16015625,6903.47998046875,6903.6298828125,12357798
2025-12-30 19:05:00+00:00,6903.58984375,6904.9501953125,6902.22998046875,6904.02001953125,12205024
2025-12-30 19:10:00+00:00,6903.97021484375,6906.58984375,6902.97998046875,6906.58984375,12352974
2025-12-30 19:15:00+00:00,6906.60986328125,6906.60986328125,6904.43017578125,6906.31982421875,13409855
2025-12-30 19:20:00+00:00,6906.259765625,6906.27001953125,6905.009765625,6905.43017578125,12040509
2025-12-30 19:25:00+00:00,6905.4501953125,6906.06005859375,6904.89990234375,6905.64990234375,11129920
2025-12-30 19:30:00+00:00,6905.64013671875,6906.8798828125,6904.740234375,6905.64990234375,12500703
2025-12-30 19:35:00+00:00,6905.58984375,6905.66015625,6904.25,6905.43017578125,12659750
2025-12-30 19:40:00+00:00,6905.39990234375,6906.4501953125,6905.10009765625,6905.41015625,12575947
2025-12-30 19:45:00+00:00,6905.43017578125,6906.0,6904.1201171875,6904.27978515625,12423639
2025-12-30 19:50:00+00:00,6904.27978515625,6904.52001953125,6902.02978515625,6903.14013671875,14226364
2025-12-30 19:55:00+00:00,6903.16015625,6903.68017578125,6901.85009765625,6903.2099609375,13770429
2025-12-30 20:00:00+00:00,6903.240234375,6903.990234375,6903.0400390625,6903.990234375,13996000
2025-12-30 20:05:00+00:00,6904.0400390625,6904.06982421875,6901.27978515625,6901.7998046875,15718000
2025-12-30 20:10:00+00:00,6901.77978515625,6902.18994140625,6898.77978515625,6900.52978515625,17576000
2025-12-30 20:15:00+00:00,6900.47998046875,6903.2001953125,6900.2900390625,6902.85009765625,15624000
2025-12-30 20:20:00+00:00,6902.83984375,6904.5498046875,6902.6298828125,6904.5400390625,15509000
2025-12-30 20:25:00+00:00,6904.5400390625,6905.08984375,6902.85986328125,6902.85986328125,16479000
2025-12-30 20:30:00+00:00,6902.759765625,6904.7001953125,6902.64013671875,6904.6201171875,21203000
2025-12-30 20:35:00+00:00,6904.56005859375,6904.91015625,6903.7099609375,6904.89013671875,20721000
2025-12-30 20:40:00+00:00,6904.9501953125,6905.8701171875,6903.7998046875,6904.39013671875,22591000
2025-12-30 20:45:00+00:00,6904.41015625,6904.5,6901.89013671875,6902.35986328125,31081000
2025-12-30 20:50:00+00:00,6902.33984375,6903.52978515625,6899.97021484375,6899.97021484375,55011000
2025-12-30 20:55:00+00:00,6900.009765625,6901.0400390625,6895.18017578125,6896.4501953125,126406000
2025-12-31 14:30:00+00:00,6898.81982421875,6901.419921875,6892.97998046875,6895.14013671875,0
2025-12-31 14:35:00+00:00,6895.18017578125,6896.7001953125,6886.2099609375,6887.7001953125,25332333
2025-12-31 14:40:00+00:00,6887.7099609375,6887.85986328125,6884.25,6885.68994140625,21133104
2025-12-31 14:45:00+00:00,6885.740234375,6886.4599609375,6879.8798828125,6882.6298828125,21182125
2025-12-31 14:50:00+00:00,6883.08984375,6890.419921875,6882.91015625,6890.419921875,19955689
2025-12-31 14:55:00+00:00,6890.16015625,6891.22998046875,6885.43994140625,6886.509765625,16497451
2025-12-31 15:00:00+00:00,6886.490234375,6887.1298828125,6882.97998046875,6884.330078125,18999021
2025-12-31 15:05:00+00:00,6884.35009765625,6884.66015625,6882.58984375,6883.2001953125,18507396
2025-12-31 15:10:00+00:00,6883.56982421875,6884.5400390625,6879.6298828125,6881.18017578125,17401307
2025-12-31 15:15:00+00:00,6881.2998046875,6882.27001953125,6876.240234375,6878.10009765625,15995601
2025-12-31 15:20:00+00:00,6878.22998046875,6881.39990234375,6877.7998046875,6879.64990234375,15572432
2025-12-31 15:25:00+00:00,6879.6298828125,6883.2001953125,6879.5400390625,6882.18017578125,14768731
2025-12-31 15:30:00+00:00,6882.2001953125,6883.2001953125,6879.16015625,6881.0498046875,15936724
2025-12-31 15:35:00+00:00,6881.08984375,6881.919921875,6878.169921875,6878.43017578125,15496376
2025-12-31 15:40:00+00:00,6878.14013671875,6878.52001953125,6876.68017578125,6878.240234375,12682797
2025-12-31 15:45:00+00:00,6878.27001953125,6878.27001953125,6875.169921875,6875.64990234375,13724387
2025-12-31 15:50:00+00:00,6875.66015625,6875.66015625,6872.6201171875,6872.68994140625,12418304
2025-12-31 15:55:00+00:00,6872.7099609375,6872.97998046875,6868.97998046875,6870.14990234375,15392988
2025-12-31 16:00:00+00:00,6870.31982421875,6873.3798828125,6870.27978515625,6872.5400390625,14611966
2025-12-31 16:05:00+00:00,6872.5498046875,6872.77001953125,6870.830078125,6871.4599609375,13069869
2025-12-31 16:10:00+00:00,6871.4599609375,6873.18994140625,6870.39990234375,6872.35986328125,13284862
2025-12-31 16:15:00+00:00,6872.2900390625,6875.5,6872.2900390625,6875.5,13974888
2025-12-31 16:20:00+00:00,6875.5498046875,6876.27978515625,6874.259765625,6875.52001953125,13325166
2025-12-31 16:25:00+00:00,6875.5498046875,6878.52978515625,6875.4501953125,6878.509765625,12690704
2025-12-31 16:30:00+00:00,6878.52978515625,6878.60986328125,6874.89013671875,6875.3701171875,13272394
2025-12-31 16:35:00+00:00,6875.3701171875,6878.35009765625,6874.7900390625,6878.25,12757732
2025-12-31 16:40:00+00:00,6878.14013671875,6878.14990234375,6874.9599609375,6876.18017578125,10597700
2025-12-31 16:45:00+00:00,6876.14990234375,6876.64990234375,6875.1298828125,6876.1298828125,10579889
2025-12-31 16:50:00+00:00,6876.169921875,6879.56982421875,6876.009765625,6878.7998046875,11901808
2025-12-31 16:55:00+00:00,6878.89013671875,6881.10009765625,6878.830078125,6880.64990234375,11705836
2025-12-31 17:00:00+00:00,6880.6298828125,6881.1201171875,6879.8798828125,6879.97998046875,11670964
2025-12-31 17:05:00+00:00,6879.9501953125,6880.22998046875,6873.97021484375,6874.10009765625,11116043
2025-12-31 17:10:00+00:00,6874.10986328125,6876.7099609375,6873.56005859375,6876.490234375,11747412
2025-12-31 17:15:00+00:00,6876.490234375,6878.9599609375,6876.330078125,6878.56005859375,11896462
2025-12-31 17:20:00+00:00,6878.56982421875,6878.56982421875,6875.89013671875,6876.14990234375,10438554
2025-12-31 17:25:00+00:00,6876.1298828125,6877.990234375,6875.669921875,6877.14013671875,10741453
2025-12-31 17:30:00+00:00,6877.14990234375,6879.52978515625,6876.759765625,6879.43994140625,10424352
2025-12-31 17:35:00+00:00,6879.3798828125,6880.1298828125,6877.4501953125,6877.52001953125,11298945
2025-12-31 17:40:00+00:00,6877.6201171875,6877.919921875,6876.10009765625,6877.85009765625,10593088
2025-12-31 17:45:00+00:00,6877.81005859375,6878.31982421875,6875.93994140625,6875.990234375,10389957
2025-12-31 17:50:00+00:00,6875.97021484375,6876.47021484375,6874.7099609375,6876.0400390625,10410884
2025-12-31 17:55:00+00:00,6876.08984375,6876.08984375,6873.91015625,6875.14990234375,10956188
2025-12-31 18:00:00+00:00,6875.22021484375,6876.259765625,6874.72998046875,6876.2099609375,11153686
2025-12-31 18:05:00+00:00,6876.2099609375,6878.14990234375,6874.58984375,6877.83984375,10202544
2025-12-31 18:10:00+00:00,6877.85009765625,6879.97021484375,6877.419921875,6879.97021484375,10097609
2025-12-31 18:15:00+00:00,6880.0400390625,6880.18994140625,6876.7998046875,6876.8798828125,10312761
2025-12-31 18:20:00+00:00,6876.8798828125,6877.740234375,6876.7001953125,6877.4599609375,9272344
2025-12-31 18:25:00+00:00,6877.490234375,6881.06982421875,6877.419921875,6880.72021484375,10598530
2025-12-31 18:30:00+00:00,6880.759765625,6881.77978515625,6880.0498046875,6881.77978515625,10397445
2025-12-31 18:35:00+00:00,6881.7998046875,6882.2900390625,6881.10009765625,6881.27001953125,11260407
2025-12-31 18:40:00+00:00,6881.27978515625,6884.56005859375,6881.27978515625,6884.22021484375,11144767
2025-12-31 18:45:00+00:00,6884.27978515625,6886.5498046875,6883.72021484375,6885.259765625,12181771
2025-12-31 18:50:00+00:00,6885.240234375,6886.56005859375,6884.6201171875,6886.47021484375,9682557
2025-12-31 18:55:00+00:00,6886.47998046875,6887.31005859375,6884.68994140625,6885.2900390625,11075456
2025-12-31 19:00:00+00:00,6885.25,6889.31005859375,6885.25,6887.77978515625,11703073
2025-12-31 19:05:00+00:00,6887.759765625,6887.8701171875,6886.33984375,6887.14990234375,10554315
2025-12-31 19:10:00+00:00,6887.18017578125,6887.259765625,6885.93994140625,6886.18994140625,9170045
2025-12-31 19:15:00+00:00,6886.2001953125,6886.2998046875,6881.43017578125,6881.64990234375,10686480
2025-12-31 19:20:00+00:00,6881.66015625,6881.990234375,6879.3701171875,6881.5400390625,11004435
2025-12-31 19:25:00+00:00,6881.5,6881.5,6877.7001953125,6877.97021484375,12049218
2025-12-31 19:30:00+00:00,6877.91015625,6878.52978515625,6868.64990234375,6868.7998046875,14746173
2025-12-31 19:35:00+00:00,6868.7900390625,6875.22998046875,6868.7900390625,6872.169921875,14602862
2025-12-31 19:40:00+00:00,6872.22021484375,6874.89990234375,6872.1201171875,6872.7998046875,12267080
2025-12-31 19:45:00+00:00,6872.830078125,6873.39013671875,6870.509765625,6870.64013671875,11355597
2025-12-31 19:50:00+00:00,6870.759765625,6871.18994140625,6868.0400390625,6868.33984375,10899458
2025-12-31 19:55:00+00:00,6868.39013671875,6869.8798828125,6868.06982421875,6868.740234375,11315881
2025-12-31 20:00:00+00:00,6868.77001953125,6869.16015625,6862.08984375,6863.5498046875,15674437
2025-12-31 20:05:00+00:00,6863.5400390625,6865.77001953125,6860.08984375,6860.9599609375,15334681
2025-12-31 20:10:00+00:00,6860.9599609375,6860.9599609375,6857.39990234375,6859.6298828125,15389355
2025-12-31 20:15:00+00:00,6859.7099609375,6862.41015625,6859.43994140625,6861.7001953125,16279446
2025-12-31 20:20:00+00:00,6861.6298828125,6861.6298828125,6855.85986328125,6856.89013671875,16920138
2025-12-31 20:25:00+00:00,6856.8701171875,6857.5498046875,6853.10009765625,6854.3701171875,17028984
2025-12-31 20:30:00+00:00,6854.35986328125,6861.47998046875,6852.9501953125,6860.39990234375,20892181
2025-12-31 20:35:00+00:00,6860.3701171875,6864.18017578125,6859.83984375,6859.83984375,20328000
2025-12-31 20:40:00+00:00,6859.740234375,6861.68017578125,6858.14013671875,6861.490234375,20868000
2025-12-31 20:45:00+00:00,6861.5,6861.9599609375,6855.080078125,6855.080078125,30415000
2025-12-31 20:50:00+00:00,6855.06005859375,6856.5400390625,6851.89990234375,6852.080078125,55870000
2025-12-31 20:55:00+00:00,6852.009765625,6857.02001953125,6844.5498046875,6845.77001953125,138515000
2026-01-02 14:30:00+00:00,6878.10986328125,6888.669921875,6871.68017578125,6874.77001953125,0
2026-01-02 14:35:00+00:00,6874.35009765625,6878.5498046875,6869.5,6871.58984375,44741446
2026-01-02 14:40:00+00:00,6871.2001953125,6877.1201171875,6867.89990234375,6875.60986328125,43296863
2026-01-02 14:45:00+00:00,6876.080078125,6890.240234375,6874.93017578125,6886.64013671875,46205066
2026-01-02 14:50:00+00:00,6886.9501953125,6894.5,6885.60009765625,6888.169921875,35161782
2026-01-02 14:55:00+00:00,6888.18994140625,6890.7998046875,6886.35009765625,6887.77978515625,33101906
2026-01-02 15:00:00+00:00,6887.91015625,6894.8701171875,6887.91015625,6890.27978515625,39401363
2026-01-02 15:05:00+00:00,6890.2099609375,6890.8701171875,6883.08984375,6883.39990234375,34631478
2026-01-02 15:10:00+00:00,6883.31005859375,6884.75,6866.85009765625,6869.22998046875,37047738
2026-01-02 15:15:00+00:00,6869.2001953125,6870.0,6860.509765625,6863.7998046875,33970072
2026-01-02 15:20:00+00:00,6864.240234375,6864.240234375,6846.4599609375,6847.08984375,32681234
2026-01-02 15:25:00+00:00,6847.4501953125,6851.02978515625,6842.31005859375,6850.08984375,28974449
2026-01-02 15:30:00+00:00,6850.2900390625,6861.85986328125,6847.2998046875,6860.490234375,33288698
2026-01-02 15:35:00+00:00,6860.68017578125,6865.7099609375,6856.18994140625,6861.81005859375,33541063
2026-01-02 15:40:00+00:00,6862.06982421875,6871.259765625,6861.56982421875,6867.56982421875,27434322
2026-01-02 15:45:00+00:00,6867.3798828125,6869.85009765625,6859.27001953125,6859.31005859375,26993642
2026-01-02 15:50:00+00:00,6859.39990234375,6860.43017578125,6845.89013671875,6855.02978515625,30156339
2026-01-02 15:55:00+00:00,6855.31005859375,6858.6298828125,6837.27978515625,6840.18994140625,33180842
2026-01-02 16:00:00+00:00,6840.1201171875,6841.10986328125,6834.4501953125,6836.330078125,31168501
2026-01-02 16:05:00+00:00,6836.35009765625,6840.66015625,6832.72998046875,6839.75,27046580
2026-01-02 16:10:00+00:00,6839.7900390625,6843.9501953125,6830.77978515625,6843.93994140625,30568586
2026-01-02 16:15:00+00:00,6844.02001953125,6848.91015625,6838.66015625,6841.919921875,28132216
2026-01-02 16:20:00+00:00,6841.7998046875,6848.66015625,6837.8798828125,6847.93017578125,25209602
2026-01-02 16:25:00+00:00,6847.759765625,6849.5498046875,6844.10009765625,6844.31982421875,21794876
2026-01-02 16:30:00+00:00,6844.35009765625,6851.259765625,6841.759765625,6849.72021484375,24243222
2026-01-02 16:35:00+00:00,6849.89990234375,6851.7900390625,6844.31005859375,6844.64990234375,22136649
2026-01-02 16:40:00+00:00,6844.81005859375,6845.509765625,6840.83984375,6841.06982421875,19882392
2026-01-02 16:45:00+00:00,6840.93994140625,6842.16015625,6837.89013671875,6838.41015625,19400764
2026-01-02 16:50:00+00:00,6838.7900390625,6839.83984375,6828.990234375,6830.72998046875,21529195
2026-01-02 16:55:00+00:00,6831.06982421875,6837.31005859375,6830.5400390625,6837.259765625,19096710
2026-01-02 17:00:00+00:00,6837.27978515625,6838.3798828125,6832.72998046875,6834.77001953125,18661000
2026-01-02 17:05:00+00:00,6834.7998046875,6839.97021484375,6834.7998046875,6837.2998046875,17048000
2026-01-02 17:10:00+00:00,6837.27001953125,6849.6201171875,6837.2099609375,6848.740234375,19176000
2026-01-02 17:15:00+00:00,6848.85009765625,6850.5400390625,6847.83984375,6847.919921875,18792000
2026-01-02 17:20:00+00:00,6847.8701171875,6850.27001953125,6846.93017578125,6847.8701171875,19278000
2026-01-02 17:25:00+00:00,6847.85009765625,6850.3701171875,6845.240234375,6850.3701171875,15928000
2026-01-02 17:30:00+00:00,6850.4501953125,6853.93994140625,6847.830078125,6848.4501953125,19417000
2026-01-02 17:35:00+00:00,6848.60009765625,6849.830078125,6844.580078125,6846.22021484375,16306000
2026-01-02 17:40:00+00:00,6846.2900390625,6848.06005859375,6843.740234375,6846.18017578125,16904000
2026-01-02 17:45:00+00:00,6846.18017578125,6848.259765625,6836.35986328125,6838.080078125,19979000
2026-01-02 17:50:00+00:00,6837.93017578125,6840.27001953125,6836.18017578125,6839.85009765625,16924000
2026-01-02 17:55:00+00:00,6839.83984375,6841.85986328125,6836.27001953125,6837.580078125,15342000
2026-01-02 18:00:00+00:00,6837.669921875,6841.60009765625,6837.2900390625,6839.72998046875,15222000
2026-01-02 18:05:00+00:00,6839.72021484375,6839.8798828125,6834.16015625,6835.9599609375,15258000
2026-01-02 18:10:00+00:00,6835.85986328125,6838.47998046875,6833.669921875,6834.31005859375,15412000
2026-01-02 18:15:00+00:00,6834.27978515625,6840.85986328125,6832.35986328125,6839.830078125,16637000
2026-01-02 18:20:00+00:00,6839.89990234375,6843.39013671875,6837.18017578125,6837.64013671875,16665000
2026-01-02 18:25:00+00:00,6837.669921875,6838.43017578125,6834.43994140625,6835.85986328125,14521000
2026-01-02 18:30:00+00:00,6835.93017578125,6836.5400390625,6834.02978515625,6835.39013671875,15363000
2026-01-02 18:35:00+00:00,6835.39013671875,6839.080078125,6833.77978515625,6836.81982421875,15881000
2026-01-02 18:40:00+00:00,6836.85009765625,6837.259765625,6833.85009765625,6837.259765625,14949000
2026-01-02 18:45:00+00:00,6837.2998046875,6839.18994140625,6827.68994140625,6828.06005859375,18419000
2026-01-02 18:50:00+00:00,6827.9599609375,6830.830078125,6824.31005859375,6830.60986328125,18066000
2026-01-02 18:55:00+00:00,6830.60986328125,6831.02001953125,6826.56005859375,6831.02001953125,15147000
2026-01-02 19:00:00+00:00,6830.93994140625,6836.580078125,6830.14013671875,6836.580078125,19931000
2026-01-02 19:05:00+00:00,6836.3701171875,6842.68994140625,6836.3701171875,6842.259765625,19313000
2026-01-02 19:10:00+00:00,6842.2001953125,6851.02978515625,6840.35009765625,6850.1201171875,22196000
2026-01-02 19:15:00+00:00,6850.08984375,6851.490234375,6847.14013671875,6847.6201171875,20880000
2026-01-02 19:20:00+00:00,6847.7099609375,6854.39013671875,6845.3701171875,6854.2900390625,18638000
2026-01-02 19:25:00+00:00,6854.35009765625,6855.64013671875,6852.47021484375,6855.0498046875,16535000
2026-01-02 19:30:00+00:00,6855.08984375,6861.990234375,6855.06982421875,6861.66015625,19800000
2026-01-02 19:35:00+00:00,6861.52978515625,6864.009765625,6859.16015625,6862.60009765625,19259000
2026-01-02 19:40:00+00:00,6862.4599609375,6865.2001953125,6861.58984375,6861.6298828125,19459000
2026-01-02 19:45:00+00:00,6861.759765625,6863.4599609375,6859.9599609375,6862.31005859375,18523000
2026-01-02 19:50:00+00:00,6862.2998046875,6862.93994140625,6858.6201171875,6860.93017578125,17725000
2026-01-02 19:55:00+00:00,6860.919921875,6861.14990234375,6855.47021484375,6857.490234375,19855000
2026-01-02 20:00:00+00:00,6857.43017578125,6861.6298828125,6855.14013671875,6859.77001953125,20357000
2026-01-02 20:05:00+00:00,6859.85009765625,6861.06982421875,6857.68017578125,6859.47998046875,19528000
2026-01-02 20:10:00+00:00,6859.490234375,6862.64013671875,6858.490234375,6858.509765625,21258000
2026-01-02 20:15:00+00:00,6858.47021484375,6862.47998046875,6857.3701171875,6861.97998046875,21110000
2026-01-02 20:20:00+00:00,6862.1201171875,6862.75,6859.0498046875,6859.39013671875,22942000
2026-01-02 20:25:00+00:00,6859.43017578125,6860.56005859375,6856.4599609375,6858.68994140625,22365000
2026-01-02 20:30:00+00:00,6858.6201171875,6860.14990234375,6855.89013671875,6856.419921875,30163000
2026-01-02 20:35:00+00:00,6856.47021484375,6859.72998046875,6856.33984375,6856.52001953125,27196000
2026-01-02 20:40:00+00:00,6856.39990234375,6856.6298828125,6851.91015625,6852.0,32049000
2026-01-02 20:45:00+00:00,6851.97021484375,6853.1298828125,6846.64013671875,6848.39990234375,43060000
2026-01-02 20:50:00+00:00,6848.4501953125,6856.43017578125,6848.4501953125,6851.06982421875,73486000
2026-01-02 20:55:00+00:00,6851.14013671875,6858.77978515625,6848.7099609375,6858.5400390625,160683000
2026-01-05 14:30:00+00:00,6892.18994140625,6902.68994140625,6891.56005859375,6897.669921875,0
2026-01-05 14:35:00+00:00,6897.6201171875,6899.580078125,6892.2900390625,6895.4501953125,64670258
2026-01-05 14:40:00+00:00,6895.830078125,6902.2099609375,6893.10986328125,6901.4501953125,59329509
2026-01-05 14:45:00+00:00,6901.35009765625,6905.33984375,6895.47021484375,6898.14013671875,58674094
2026-01-05 14:50:00+00:00,6898.18017578125,6898.64013671875,6891.56982421875,6895.89990234375,49360359
2026-01-05 14:55:00+00:00,6896.14013671875,6899.39990234375,6893.4599609375,6896.52978515625,43898551
2026-01-05 15:00:00+00:00,6897.14990234375,6903.990234375,6892.5400390625,6902.89990234375,51807883
2026-01-05 15:05:00+00:00,6903.22998046875,6905.33984375,6898.490234375,6903.27978515625,47732415
2026-01-05 15:10:00+00:00,6903.3798828125,6904.490234375,6899.5,6902.52001953125,41777680
2026-01-05 15:15:00+00:00,6902.490234375,6905.5,6899.85009765625,6905.47998046875,40543986
2026-01-05 15:20:00+00:00,6905.580078125,6907.419921875,6903.16015625,6907.2001953125,36764738
2026-01-05 15:25:00+00:00,6907.25,6913.3701171875,6903.43017578125,6912.8798828125,47823078
2026-01-05 15:30:00+00:00,6912.83984375,6914.72021484375,6910.97021484375,6912.81982421875,43418004
2026-01-05 15:35:00+00:00,6912.97021484375,6913.16015625,6906.47998046875,6907.6298828125,40168577
2026-01-05 15:40:00+00:00,6907.580078125,6910.1201171875,6906.330078125,6907.02978515625,35516152
2026-01-05 15:45:00+00:00,6907.02001953125,6911.419921875,6907.0,6910.22998046875,34422297
2026-01-05 15:50:00+00:00,6910.43017578125,6911.080078125,6907.58984375,6908.18017578125,33225959
2026-01-05 15:55:00+00:00,6908.22998046875,6911.83984375,6906.919921875,6909.6298828125,34802567
2026-01-05 16:00:00+00:00,6909.6298828125,6910.10009765625,6906.41015625,6908.10986328125,47047566
2026-01-05 16:05:00+00:00,6908.22021484375,6911.75,6907.509765625,6911.58984375,35048121
2026-01-05 16:10:00+00:00,6911.64990234375,6913.68994140625,6910.66015625,6910.66015625,32618000
2026-01-05 16:15:00+00:00,6910.56005859375,6911.93994140625,6908.93017578125,6909.27001953125,30519000
2026-01-05 16:20:00+00:00,6909.10986328125,6914.64013671875,6909.10986328125,6914.0400390625,31911000
2026-01-05 16:25:00+00:00,6914.10009765625,6915.18017578125,6912.240234375,6912.830078125,30900000
2026-01-05 16:30:00+00:00,6913.25,6914.7001953125,6911.18017578125,6911.35986328125,33239000
2026-01-05 16:35:00+00:00,6911.35009765625,6915.6298828125,6910.8701171875,6914.8798828125,27169000
2026-01-05 16:40:00+00:00,6914.8798828125,6915.25,6912.8701171875,6914.5498046875,30833000
2026-01-05 16:45:00+00:00,6914.52001953125,6918.52001953125,6914.2998046875,6918.22998046875,27166000
2026-01-05 16:50:00+00:00,6918.10986328125,6920.3798828125,6916.08984375,6916.6201171875,28156000
2026-01-05 16:55:00+00:00,6916.7001953125,6917.10009765625,6914.10009765625,6915.08984375,33611000
2026-01-05 17:00:00+00:00,6915.16015625,6917.919921875,6915.16015625,6916.990234375,37100000
2026-01-05 17:05:00+00:00,6917.02001953125,6918.02978515625,6914.68017578125,6915.39013671875,30429000
2026-01-05 17:10:00+00:00,6915.27978515625,6916.919921875,6913.81005859375,6916.16015625,29344000
2026-01-05 17:15:00+00:00,6916.2099609375,6916.66015625,6912.2900390625,6913.16015625,25416000
2026-01-05 17:20:00+00:00,6913.009765625,6913.35009765625,6910.43017578125,6911.43994140625,26109000
2026-01-05 17:25:00+00:00,6911.52978515625,6911.52978515625,6908.58984375,6909.91015625,28508000
2026-01-05 17:30:00+00:00,6909.97998046875,6911.6298828125,6908.419921875,6909.33984375,26642000
2026-01-05 17:35:00+00:00,6909.16015625,6912.5400390625,6909.02978515625,6912.2001953125,26858000
2026-01-05 17:40:00+00:00,6912.08984375,6912.759765625,6909.580078125,6909.93017578125,25622000
2026-01-05 17:45:00+00:00,6909.97021484375,6914.169921875,6909.97021484375,6912.830078125,24232000
2026-01-05 17:50:00+00:00,6912.990234375,6913.27978515625,6909.759765625,6911.0400390625,23505000
2026-01-05 17:55:00+00:00,6910.990234375,6912.3701171875,6909.669921875,6911.9501953125,24795000
2026-01-05 18:00:00+00:00,6911.9599609375,6914.06982421875,6911.22998046875,6912.58984375,24626000
2026-01-05 18:05:00+00:00,6912.85986328125,6912.93994140625,6907.5498046875,6909.89990234375,23863000
2026-01-05 18:10:00+00:00,6909.97021484375,6911.14013671875,6909.52978515625,6910.5400390625,22112000
2026-01-05 18:15:00+00:00,6910.580078125,6910.580078125,6903.22021484375,6906.43994140625,24093000
2026-01-05 18:20:00+00:00,6906.39013671875,6908.68994140625,6904.3701171875,6908.66015625,23233000
2026-01-05 18:25:00+00:00,6908.64013671875,6910.60986328125,6907.7001953125,6910.02978515625,20714000
2026-01-05 18:30:00+00:00,6910.10986328125,6912.0498046875,6909.89013671875,6911.2001953125,20703000
2026-01-05 18:35:00+00:00,6911.2001953125,6912.1201171875,6909.1298828125,6911.240234375,20818000
2026-01-05 18:40:00+00:00,6911.259765625,6913.0498046875,6911.14990234375,6912.2900390625,19137000
2026-01-05 18:45:00+00:00,6912.330078125,6914.22021484375,6912.330078125,6912.5400390625,23229000
2026-01-05 18:50:00+00:00,6912.2900390625,6912.85986328125,6910.990234375,6912.7001953125,20290000
2026-01-05 18:55:00+00:00,6912.7099609375,6912.7099609375,6910.8798828125,6911.7001953125,21465000
2026-01-05 19:00:00+00:00,6911.7001953125,6913.02978515625,6911.0498046875,6912.080078125,27978000
2026-01-05 19:05:00+00:00,6912.06005859375,6912.10986328125,6909.58984375,6910.35009765625,23795000
2026-01-05 19:10:00+00:00,6910.39990234375,6910.5498046875,6908.080078125,6908.66015625,23688000
2026-01-05 19:15:00+00:00,6908.64990234375,6909.66015625,6908.1298828125,6908.990234375,22604000
2026-01-05 19:20:00+00:00,6909.08984375,6909.97998046875,6908.14013671875,6908.22021484375,21779000
2026-01-05 19:25:00+00:00,6908.22998046875,6909.56005859375,6907.22998046875,6908.35986328125,23517000
2026-01-05 19:30:00+00:00,6908.31982421875,6909.39013671875,6907.75,6907.9501953125,22390000
2026-01-05 19:35:00+00:00,6908.02978515625,6908.5,6903.89013671875,6904.72021484375,24708000
2026-01-05 19:40:00+00:00,6904.72998046875,6904.72998046875,6899.43994140625,6902.93017578125,24117000
2026-01-05 19:45:00+00:00,6902.7900390625,6906.22998046875,6902.7900390625,6904.64013671875,22116000
2026-01-05 19:50:00+00:00,6904.60009765625,6904.60009765625,6901.81005859375,6902.580078125,22800000
2026-01-05 19:55:00+00:00,6902.419921875,6904.7099609375,6901.77001953125,6902.6201171875,27866000
2026-01-05 20:00:00+00:00,6902.64990234375,6903.419921875,6901.6298828125,6902.14990234375,26513000
2026-01-05 20:05:00+00:00,6902.14013671875,6906.39990234375,6902.14013671875,6905.97021484375,25976000
2026-01-05 20:10:00+00:00,6905.9501953125,6908.2900390625,6905.740234375,6907.169921875,29521000
2026-01-05 20:15:00+00:00,6907.240234375,6908.10009765625,6905.1298828125,6906.06005859375,28350000
2026-01-05 20:20:00+00:00,6905.91015625,6906.06982421875,6904.419921875,6905.8701171875,32712000
2026-01-05 20:25:00+00:00,6905.8701171875,6906.240234375,6904.64013671875,6905.56982421875,31651000
2026-01-05 20:30:00+00:00,6905.5498046875,6907.490234375,6904.7001953125,6905.64990234375,36594000
2026-01-05 20:35:00+00:00,6905.58984375,6907.2998046875,6905.58984375,6906.31005859375,37884000
2026-01-05 20:40:00+00:00,6906.39990234375,6906.39990234375,6904.10986328125,6904.47021484375,40677000
2026-01-05 20:45:00+00:00,6904.4599609375,6906.419921875,6904.14013671875,6904.759765625,49463000
2026-01-05 20:50:00+00:00,6904.7099609375,6906.06982421875,6898.43017578125,6898.91015625,88159000
2026-01-05 20:55:00+00:00,6898.77001953125,6903.06982421875,6897.740234375,6902.740234375,190912000
2026-01-06 14:30:00+00:00,6908.02978515625,6912.81982421875,6907.52978515625,6909.27978515625,0
2026-01-06 14:35:00+00:00,6909.43017578125,6911.14990234375,6906.080078125,6907.0498046875,58233956
2026-01-06 14:40:00+00:00,6907.41015625,6908.81982421875,6904.02001953125,6906.169921875,35574182
2026-01-06 14:45:00+00:00,6914.39990234375,6919.7900390625,6914.16015625,6918.85986328125,68779840
2026-01-06 14:50:00+00:00,6918.68994140625,6924.93994140625,6918.16015625,6923.14013671875,44195334
2026-01-06 14:55:00+00:00,6923.47998046875,6927.68017578125,6922.31005859375,6927.1201171875,44769083
2026-01-06 15:00:00+00:00,6927.22998046875,6929.7998046875,6926.240234375,6927.41015625,44843241
2026-01-06 15:05:00+00:00,6927.27978515625,6931.93994140625,6926.72998046875,6928.02001953125,42080516
2026-01-06 15:10:00+00:00,6927.83984375,6932.2099609375,6926.759765625,6932.06982421875,42296754
2026-01-06 15:15:00+00:00,6931.85009765625,6932.89013671875,6928.72998046875,6931.27001953125,34121602
2026-01-06 15:20:00+00:00,6931.240234375,6932.169921875,6926.85009765625,6931.330078125,34050570
2026-01-06 15:25:00+00:00,6931.41015625,6934.60009765625,6931.240234375,6932.52001953125,34775628
2026-01-06 15:30:00+00:00,6932.56005859375,6932.56005859375,6926.2099609375,6926.5,35066063
2026-01-06 15:35:00+00:00,6926.64990234375,6927.669921875,6923.18017578125,6926.27001953125,28262350
2026-01-06 15:40:00+00:00,6922.89990234375,6925.83984375,6922.39990234375,6924.47021484375,30956509
2026-01-06 15:45:00+00:00,6922.5,6925.0400390625,6922.33984375,6924.68994140625,37686191
2026-01-06 15:50:00+00:00,6924.66015625,6925.27978515625,6916.14013671875,6916.14013671875,24593840
2026-01-06 15:55:00+00:00,6915.83984375,6916.10986328125,6914.06982421875,6914.669921875,12408566
2026-01-06 16:00:00+00:00,6914.2099609375,6914.740234375,6912.85986328125,6913.10009765625,55108255
2026-01-06 16:05:00+00:00,6912.240234375,6914.47021484375,6909.919921875,6914.240234375,41431828
2026-01-06 16:10:00+00:00,6914.3798828125,6915.72998046875,6914.259765625,6914.4599609375,32953044
2026-01-06 16:15:00+00:00,6915.60986328125,6915.6201171875,6913.419921875,6914.18994140625,25043304
2026-01-06 16:20:00+00:00,6915.06982421875,6920.419921875,6915.06982421875,6920.419921875,36842031
2026-01-06 16:25:00+00:00,6916.35986328125,6916.8798828125,6915.77001953125,6916.39013671875,37198001
2026-01-06 16:30:00+00:00,6916.08984375,6918.64990234375,6915.5,6917.35009765625,29145000
2026-01-06 16:35:00+00:00,6918.4501953125,6918.4501953125,6914.4501953125,6917.7900390625,35456000
2026-01-06 16:40:00+00:00,6917.81005859375,6918.2001953125,6915.39013671875,6915.75,12157000
2026-01-06 16:45:00+00:00,6914.5498046875,6918.240234375,6914.259765625,6917.919921875,36719000
2026-01-06 16:50:00+00:00,6919.9599609375,6920.8701171875,6919.47998046875,6919.56005859375,27713000
2026-01-06 16:55:00+00:00,6919.58984375,6920.64013671875,6917.6201171875,6920.47998046875,24996000
2026-01-06 17:00:00+00:00,6920.47021484375,6920.83984375,6918.5498046875,6919.5400390625,6061000
2026-01-06 17:05:00+00:00,6921.10986328125,6924.2900390625,6921.10986328125,6924.2900390625,41979000
2026-01-06 17:10:00+00:00,6924.39013671875,6925.47998046875,6923.7900390625,6925.47998046875,13340000
2026-01-06 17:15:00+00:00,6926.81005859375,6926.9599609375,6925.7998046875,6925.89990234375,26401000
2026-01-06 17:20:00+00:00,6928.66015625,6931.39013671875,6928.39990234375,6930.56005859375,29233000
2026-01-06 17:25:00+00:00,6930.330078125,6932.16015625,6929.60986328125,6929.85009765625,23809000
2026-01-06 17:30:00+00:00,6929.89013671875,6932.35009765625,6929.89013671875,6932.0400390625,11176000
2026-01-06 17:35:00+00:00,6934.2998046875,6936.8798828125,6934.08984375,6934.6298828125,37574000
2026-01-06 17:40:00+00:00,6934.490234375,6934.490234375,6932.43994140625,6932.64990234375,22065000
2026-01-06 17:45:00+00:00,6935.10986328125,6935.419921875,6933.6298828125,6933.83984375,20104000
2026-01-06 17:50:00+00:00,6933.93994140625,6935.72021484375,6933.89013671875,6935.72021484375,24680000
2026-01-06 17:55:00+00:00,6935.14990234375,6935.7001953125,6934.8701171875,6935.5498046875,30517000
2026-01-06 18:00:00+00:00,6935.509765625,6935.66015625,6933.08984375,6934.10986328125,15948000
2026-01-06 18:05:00+00:00,6932.89990234375,6933.97998046875,6932.18994140625,6933.97998046875,34329000
2026-01-06 18:10:00+00:00,6933.93017578125,6935.580078125,6933.7099609375,6935.2900390625,21862000
2026-01-06 18:15:00+00:00,6935.31005859375,6937.669921875,6935.31005859375,6937.56005859375,18434000
2026-01-06 18:20:00+00:00,6935.919921875,6936.68994140625,6935.58984375,6935.93994140625,18920000
2026-01-06 18:25:00+00:00,6935.7998046875,6936.02978515625,6934.2001953125,6934.56005859375,23113000
2026-01-06 18:30:00+00:00,6935.41015625,6935.85009765625,6934.669921875,6935.490234375,20476000
2026-01-06 18:40:00+00:00,6936.2998046875,6937.72998046875,6936.2998046875,6937.35986328125,42423000
2026-01-06 18:45:00+00:00,6942.2099609375,6942.580078125,6941.93994140625,6942.580078125,27002000
2026-01-06 18:50:00+00:00,6941.16015625,6941.81982421875,6940.8798828125,6941.43017578125,25057000
2026-01-06 18:55:00+00:00,6941.35009765625,6943.18994140625,6940.740234375,6943.1298828125,19883000
2026-01-06 19:00:00+00:00,6943.18017578125,6944.2900390625,6942.419921875,6943.169921875,20640000
2026-01-06 19:05:00+00:00,6943.8701171875,6944.169921875,6943.56005859375,6943.8798828125,23837000
2026-01-06 19:10:00+00:00,6944.5498046875,6945.89013671875,6944.39990234375,6945.72998046875,19029000
2026-01-06 19:15:00+00:00,6946.02001953125,6946.35009765625,6945.740234375,6946.240234375,27268000
2026-01-06 19:20:00+00:00,6946.22021484375,6947.0,6945.740234375,6946.6298828125,23402000
2026-01-06 19:25:00+00:00,6946.669921875,6946.669921875,6945.52978515625,6945.7001953125,17766000
2026-01-06 19:30:00+00:00,6945.77001953125,6946.490234375,6945.5,6946.43994140625,18017000
2026-01-06 19:35:00+00:00,6946.080078125,6946.080078125,6944.91015625,6945.240234375,30142000
2026-01-06 19:40:00+00:00,6945.08984375,6947.22021484375,6945.08984375,6946.47998046875,21688000
2026-01-06 19:45:00+00:00,6946.41015625,6946.9501953125,6945.9599609375,6946.06005859375,21755000
2026-01-06 19:50:00+00:00,6945.6201171875,6946.18994140625,6945.43017578125,6945.77978515625,16985000
2026-01-06 19:55:00+00:00,6944.509765625,6944.830078125,6943.8798828125,6944.3701171875,33622000
2026-01-06 20:00:00+00:00,6944.2998046875,6947.490234375,6944.0,6946.7001953125,27157000
2026-01-06 20:05:00+00:00,6946.72998046875,6946.97998046875,6946.0498046875,6946.2998046875,21840000
2026-01-06 20:10:00+00:00,6946.66015625,6946.990234375,6946.31982421875,6946.39990234375,22762000
2026-01-06 20:15:00+00:00,6946.43017578125,6947.35986328125,6945.77001953125,6946.27978515625,45251000
2026-01-06 20:20:00+00:00,6946.27978515625,6946.39013671875,6945.47998046875,6946.080078125,26862000
2026-01-06 20:25:00+00:00,6945.330078125,6946.22998046875,6945.02001953125,6945.41015625,39884000
2026-01-06 20:30:00+00:00,6945.39013671875,6945.919921875,6945.0498046875,6945.6201171875,37650000
2026-01-06 20:35:00+00:00,6945.580078125,6946.41015625,6945.10009765625,6946.41015625,8994000
2026-01-06 20:40:00+00:00,6947.7099609375,6948.169921875,6946.7099609375,6947.240234375,65792000
2026-01-06 20:45:00+00:00,6946.9501953125,6947.0400390625,6946.60986328125,6946.72998046875,28108000
2026-01-06 20:50:00+00:00,6948.0498046875,6948.490234375,6946.18994140625,6947.75,116304000
2026-01-06 20:55:00+00:00,6947.93017578125,6948.68994140625,6945.77978515625,6946.35009765625,32491000
2026-01-07 14:30:00+00:00,6945.06982421875,6949.4599609375,6942.77978515625,6945.759765625,0
2026-01-07 14:35:00+00:00,6945.7001953125,6950.68994140625,6945.669921875,6950.490234375,54616034
2026-01-07 14:40:00+00:00,6950.8701171875,6954.77001953125,6948.75,6954.330078125,51038964
2026-01-07 14:45:00+00:00,6954.14013671875,6957.39990234375,6952.490234375,6953.240234375,48436105
2026-01-07 14:50:00+00:00,6953.330078125,6954.72021484375,6949.81982421875,6951.83984375,43669804
2026-01-07 14:55:00+00:00,6951.93994140625,6954.68017578125,6950.81005859375,6951.580078125,44894816
2026-01-07 15:00:00+00:00,6951.22021484375,6953.0498046875,6942.77001953125,6945.35009765625,48669939
2026-01-07 15:05:00+00:00,6945.31982421875,6949.18994140625,6943.7900390625,6946.41015625,47090715
2026-01-07 15:10:00+00:00,6946.1298828125,6946.68994140625,6941.66015625,6942.6201171875,42849272
2026-01-07 15:15:00+00:00,6942.56982421875,6942.6201171875,6937.22021484375,6938.759765625,40651295
2026-01-07 15:20:00+00:00,6938.8701171875,6942.68017578125,6937.43017578125,6941.490234375,40541182
2026-01-07 15:25:00+00:00,6941.990234375,6945.43017578125,6939.06005859375,6943.14990234375,42522643
2026-01-07 15:30:00+00:00,6943.14990234375,6947.7099609375,6940.7001953125,6947.2900390625,44621530
2026-01-07 15:35:00+00:00,6947.39990234375,6951.509765625,6936.580078125,6943.2998046875,45052838
2026-01-07 15:40:00+00:00,6943.490234375,6948.3701171875,6941.47998046875,6943.77001953125,39238083
2026-01-07 15:45:00+00:00,6943.740234375,6950.6298828125,6943.080078125,6950.39990234375,37490469
2026-01-07 15:50:00+00:00,6950.41015625,6951.5400390625,6949.16015625,6950.2099609375,31723752
2026-01-07 15:55:00+00:00,6950.27001953125,6952.259765625,6949.56005859375,6951.47998046875,37731081
2026-01-07 16:00:00+00:00,6951.3798828125,6954.33984375,6950.830078125,6953.5,31515426
2026-01-07 16:05:00+00:00,6953.509765625,6953.83984375,6953.169921875,6953.169921875,2192877
2026-01-07 16:10:00+00:00,6951.740234375,6951.93017578125,6951.740234375,6951.8701171875,51656100
2026-01-07 16:15:00+00:00,6952.06005859375,6953.080078125,6951.2998046875,6952.33984375,28248104
2026-01-07 16:20:00+00:00,6952.31005859375,6952.330078125,6949.0498046875,6949.5400390625,26326532
2026-01-07 16:25:00+00:00,6949.68017578125,6949.85986328125,6945.64013671875,6948.240234375,28177000
2026-01-07 16:30:00+00:00,6948.240234375,6951.33984375,6947.81982421875,6949.7900390625,26903000
2026-01-07 16:35:00+00:00,6949.81005859375,6951.10009765625,6948.93994140625,6950.52978515625,24335000
2026-01-07 16:40:00+00:00,6950.4501953125,6958.35009765625,6950.14013671875,6958.009765625,23867000
2026-01-07 16:45:00+00:00,6957.97021484375,6960.31005859375,6957.31005859375,6957.93994140625,26216000
2026-01-07 16:50:00+00:00,6958.009765625,6959.259765625,6956.740234375,6959.10986328125,23060000
2026-01-07 16:55:00+00:00,6959.14013671875,6961.8798828125,6959.14013671875,6960.8798828125,22088000
2026-01-07 17:00:00+00:00,6960.8798828125,6962.77978515625,6960.77001953125,6962.64013671875,22861000
2026-01-07 17:05:00+00:00,6962.64013671875,6965.68994140625,6962.58984375,6964.52978515625,24573000
2026-01-07 17:10:00+00:00,6964.5,6964.75,6962.5498046875,6963.2900390625,23634000
2026-01-07 17:15:00+00:00,6963.27001953125,6964.2001953125,6962.0400390625,6963.89013671875,23684000
2026-01-07 17:20:00+00:00,6963.9501953125,6965.2900390625,6963.669921875,6965.1201171875,25611000
2026-01-07 17:25:00+00:00,6965.14990234375,6965.31005859375,6962.18017578125,6962.97021484375,21356000
2026-01-07 17:30:00+00:00,6962.9599609375,6963.10009765625,6959.9599609375,6961.06982421875,22542000
2026-01-07 17:35:00+00:00,6961.06982421875,6961.3701171875,6959.35986328125,6961.259765625,19178000
2026-01-07 17:40:00+00:00,6961.27001953125,6963.5,6960.47021484375,6963.3798828125,26060000
2026-01-07 17:45:00+00:00,6963.33984375,6963.64013671875,6959.41015625,6959.83984375,28174000
2026-01-07 17:50:00+00:00,6959.81005859375,6959.83984375,6954.169921875,6956.509765625,30171000
2026-01-07 17:55:00+00:00,6956.490234375,6957.5400390625,6955.240234375,6955.91015625,25604000
2026-01-07 18:00:00+00:00,6955.9599609375,6956.009765625,6953.77978515625,6954.14990234375,26139000
2026-01-07 18:05:00+00:00,6954.22998046875,6955.56005859375,6953.919921875,6954.64990234375,21753000
2026-01-07 18:10:00+00:00,6954.75,6954.7998046875,6952.27978515625,6954.009765625,20071000
2026-01-07 18:15:00+00:00,6953.91015625,6953.91015625,6948.740234375,6950.27001953125,23393000
2026-01-07 18:20:00+00:00,6950.16015625,6950.330078125,6948.2998046875,6949.669921875,22167000
2026-01-07 18:25:00+00:00,6949.64013671875,6950.06005859375,6946.93017578125,6947.47998046875,21516000
2026-01-07 18:30:00+00:00,6947.58984375,6952.14013671875,6947.58984375,6952.02978515625,22710000
2026-01-07 18:35:00+00:00,6952.0498046875,6952.0498046875,6949.85986328125,6950.72021484375,24029000
2026-01-07 18:40:00+00:00,6950.68994140625,6954.2900390625,6950.68994140625,6953.6298828125,26297000
2026-01-07 18:45:00+00:00,6953.4599609375,6955.580078125,6951.89013671875,6955.4599609375,22820000
2026-01-07 18:50:00+00:00,6955.47021484375,6957.509765625,6955.18017578125,6956.10986328125,26648000
2026-01-07 18:55:00+00:00,6956.240234375,6956.3701171875,6952.39990234375,6954.22998046875,25715000
2026-01-07 19:00:00+00:00,6954.27001953125,6954.72021484375,6952.02978515625,6954.68017578125,26447000
2026-01-07 19:05:00+00:00,6954.81982421875,6954.81982421875,6948.759765625,6949.669921875,28081000
2026-01-07 19:10:00+00:00,6949.58984375,6949.759765625,6943.1298828125,6945.5498046875,27101000
2026-01-07 19:15:00+00:00,6945.669921875,6945.990234375,6940.3798828125,6945.009765625,23968000
2026-01-07 19:20:00+00:00,6945.06982421875,6945.47998046875,6942.0498046875,6943.009765625,23091000
2026-01-07 19:25:00+00:00,6942.97021484375,6943.25,6940.669921875,6942.39990234375,22275000
2026-01-07 19:30:00+00:00,6942.52978515625,6946.41015625,6941.81005859375,6946.10009765625,26126000
2026-01-07 19:35:00+00:00,6946.14990234375,6947.22998046875,6945.35009765625,6946.5,24648000
2026-01-07 19:40:00+00:00,6946.35009765625,6946.35009765625,6943.22998046875,6945.169921875,22475000
2026-01-07 19:45:00+00:00,6945.259765625,6945.56005859375,6943.93017578125,6944.81982421875,22573000
2026-01-07 19:50:00+00:00,6944.72998046875,6945.3798828125,6943.0400390625,6945.14990234375,23198000
2026-01-07 19:55:00+00:00,6945.14013671875,6945.14013671875,6943.14013671875,6943.419921875,25587000
2026-01-07 20:00:00+00:00,6943.39013671875,6943.830078125,6941.5400390625,6943.18017578125,28267000
2026-01-07 20:05:00+00:00,6943.2001953125,6943.31982421875,6939.58984375,6939.75,25673000
2026-01-07 20:10:00+00:00,6939.89013671875,6940.02001953125,6933.22998046875,6933.72998046875,30721000
2026-01-07 20:15:00+00:00,6933.740234375,6936.39990234375,6931.08984375,6936.39990234375,33119000
2026-01-07 20:20:00+00:00,6936.39990234375,6936.419921875,6931.580078125,6931.7001953125,27671000
2026-01-07 20:25:00+00:00,6931.68994140625,6932.18017578125,6927.10986328125,6928.93017578125,33254000
2026-01-07 20:30:00+00:00,6928.89013671875,6928.89013671875,6923.169921875,6923.2099609375,43491000
2026-01-07 20:35:00+00:00,6923.27001953125,6923.27001953125,6919.2001953125,6919.75,40747000
2026-01-07 20:40:00+00:00,6919.81005859375,6923.43994140625,6919.3701171875,6922.2001953125,44361000
2026-01-07 20:45:00+00:00,6922.14013671875,6923.169921875,6920.35009765625,6921.85009765625,52083000
2026-01-07 20:50:00+00:00,6921.93017578125,6924.8798828125,6921.93017578125,6923.4599609375,85160000
2026-01-07 20:55:00+00:00,6923.9599609375,6923.9599609375,6919.18994140625,6921.52978515625,196042000
2026-01-08 14:30:00+00:00,6914.10986328125,6917.93994140625,6909.08984375,6910.7001953125,0
2026-01-08 14:35:00+00:00,6910.39990234375,6917.25,6908.97998046875,6908.97998046875,53916338
2026-01-08 14:40:00+00:00,6909.259765625,6913.35986328125,6902.1201171875,6903.68994140625,49673691
2026-01-08 14:45:00+00:00,6903.6201171875,6915.31005859375,6899.330078125,6912.14013671875,51086409
2026-01-08 14:50:00+00:00,6911.83984375,6916.580078125,6907.81005859375,6913.47021484375,47874193
2026-01-08 14:55:00+00:00,6913.47998046875,6914.16015625,6907.7998046875,6908.3701171875,47512519
2026-01-08 15:00:00+00:00,6906.89990234375,6911.14013671875,6903.2998046875,6910.56982421875,52315400
2026-01-08 15:05:00+00:00,6910.7998046875,6923.9599609375,6909.2998046875,6923.39013671875,45367743
2026-01-08 15:10:00+00:00,6923.4599609375,6923.7099609375,6918.68017578125,6921.9599609375,41053151
2026-01-08 15:15:00+00:00,6922.06005859375,6925.240234375,6920.81982421875,6923.27978515625,37271828
2026-01-08 15:20:00+00:00,6923.5400390625,6924.52978515625,6920.419921875,6922.5400390625,33053238
2026-01-08 15:25:00+00:00,6922.5400390625,6924.66015625,6919.89013671875,6921.83984375,34694489
2026-01-08 15:30:00+00:00,6921.8798828125,6923.6298828125,6917.9501953125,6919.759765625,38319135
2026-01-08 15:35:00+00:00,6919.85009765625,6920.39990234375,6912.669921875,6918.8701171875,38735953
2026-01-08 15:40:00+00:00,6919.02978515625,6924.56005859375,6917.47021484375,6922.72998046875,34540057
2026-01-08 15:45:00+00:00,6922.58984375,6924.31005859375,6916.39013671875,6916.85986328125,35815800
2026-01-08 15:50:00+00:00,6917.0498046875,6917.93017578125,6911.35009765625,6911.759765625,32733197
2026-01-08 15:55:00+00:00,6911.72998046875,6923.740234375,6910.81982421875,6923.68017578125,37437490
2026-01-08 16:00:00+00:00,6923.75,6925.02001953125,6921.93994140625,6924.60009765625,33569740
2026-01-08 16:05:00+00:00,6924.52978515625,6924.52978515625,6915.58984375,6916.1201171875,27532726
2026-01-08 16:10:00+00:00,6916.43994140625,6919.31982421875,6913.97998046875,6914.52001953125,28737925
2026-01-08 16:15:00+00:00,6914.43994140625,6917.35986328125,6912.0,6915.93017578125,27079874
2026-01-08 16:20:00+00:00,6916.10986328125,6920.66015625,6915.68994140625,6916.669921875,29504546
2026-01-08 16:25:00+00:00,6916.6298828125,6919.91015625,6914.4599609375,6916.47021484375,30514227
2026-01-08 16:30:00+00:00,6916.330078125,6919.72998046875,6915.009765625,6917.14013671875,29555000
2026-01-08 16:35:00+00:00,6916.97998046875,6918.68017578125,6910.080078125,6916.85009765625,31055000
2026-01-08 16:40:00+00:00,6917.18017578125,6921.85009765625,6917.06982421875,6921.3701171875,24915000
2026-01-08 16:45:00+00:00,6921.4501953125,6925.9501953125,6921.4501953125,6923.18017578125,27873000
2026-01-08 16:50:00+00:00,6923.2900390625,6923.81982421875,6917.25,6918.0400390625,25644000
2026-01-08 16:55:00+00:00,6918.10986328125,6924.919921875,6918.06005859375,6924.669921875,24845000
2026-01-08 17:00:00+00:00,6924.4501953125,6924.759765625,6920.18017578125,6921.02001953125,27224000
2026-01-08 17:05:00+00:00,6921.2099609375,6922.97998046875,6919.259765625,6920.3701171875,22390000
2026-01-08 17:10:00+00:00,6920.3701171875,6920.990234375,6918.2998046875,6920.490234375,21810000
2026-01-08 17:15:00+00:00,6920.4501953125,6924.6201171875,6919.77001953125,6924.52001953125,22636000
2026-01-08 17:20:00+00:00,6924.7001953125,6925.2900390625,6920.97998046875,6921.0,22646000
2026-01-08 17:25:00+00:00,6920.93017578125,6920.93017578125,6916.97998046875,6918.72998046875,23112000
2026-01-08 17:30:00+00:00,6918.85986328125,6925.0498046875,6918.85986328125,6924.10986328125,25588000
2026-01-08 17:35:00+00:00,6924.10009765625,6925.740234375,6923.5,6924.7001953125,21472000
2026-01-08 17:40:00+00:00,6924.580078125,6926.81005859375,6924.16015625,6925.52978515625,21089000
2026-01-08 17:45:00+00:00,6925.72021484375,6927.5,6924.97998046875,6927.10986328125,21355000
2026-01-08 17:50:00+00:00,6927.2099609375,6931.27978515625,6927.2099609375,6930.22021484375,20744000
2026-01-08 17:55:00+00:00,6930.22998046875,6930.52978515625,6926.39013671875,6926.39990234375,22967000
2026-01-08 18:00:00+00:00,6926.33984375,6927.22998046875,6923.25,6924.6201171875,24135000
2026-01-08 18:05:00+00:00,6924.31982421875,6924.31982421875,6920.52001953125,6921.2900390625,32690000
2026-01-08 18:10:00+00:00,6921.2998046875,6921.68017578125,6914.39990234375,6914.66015625,31898000
2026-01-08 18:15:00+00:00,6914.72021484375,6921.43994140625,6913.89990234375,6921.43994140625,24827000
2026-01-08 18:20:00+00:00,6921.60986328125,6922.43994140625,6918.580078125,6919.6201171875,19858000
2026-01-08 18:25:00+00:00,6919.7099609375,6922.31005859375,6918.72998046875,6920.9599609375,19963000
2026-01-08 18:30:00+00:00,6921.0400390625,6921.27978515625,6918.08984375,6918.25,21326000
2026-01-08 18:35:00+00:00,6918.240234375,6921.0400390625,6918.240234375,6918.72021484375,19161000
2026-01-08 18:40:00+00:00,6918.6201171875,6920.1201171875,6918.4599609375,6920.009765625,19227000
2026-01-08 18:45:00+00:00,6919.91015625,6923.3701171875,6918.56005859375,6921.7001953125,20024000
2026-01-08 18:50:00+00:00,6921.68017578125,6921.85986328125,6916.08984375,6916.08984375,21389000
2026-01-08 18:55:00+00:00,6915.8701171875,6916.5,6913.47021484375,6914.58984375,22973000
2026-01-08 19:00:00+00:00,6914.52978515625,6918.7001953125,6912.97998046875,6917.56982421875,25706000
2026-01-08 19:05:00+00:00,6917.52978515625,6919.06005859375,6916.64990234375,6916.990234375,25255000
2026-01-08 19:10:00+00:00,6916.669921875,6916.81005859375,6911.9501953125,6912.39990234375,23982000
2026-01-08 19:15:00+00:00,6912.2099609375,6915.27978515625,6908.4599609375,6915.27978515625,24820000
2026-01-08 19:20:00+00:00,6915.22998046875,6918.47998046875,6914.39013671875,6915.31982421875,22418000
2026-01-08 19:25:00+00:00,6915.509765625,6915.60986328125,6913.5,6915.06005859375,21982000
2026-01-08 19:30:00+00:00,6915.14990234375,6918.25,6914.77978515625,6915.580078125,24283000
2026-01-08 19:35:00+00:00,6915.6201171875,6915.97021484375,6912.8701171875,6913.14013671875,23542000
2026-01-08 19:40:00+00:00,6913.1298828125,6915.1201171875,6911.7099609375,6912.91015625,25766000
2026-01-08 19:45:00+00:00,6912.830078125,6914.14990234375,6912.27978515625,6914.0498046875,25471000
2026-01-08 19:50:00+00:00,6914.16015625,6916.72021484375,6913.2998046875,6914.52978515625,24464000
2026-01-08 19:55:00+00:00,6914.419921875,6914.419921875,6911.52001953125,6913.97998046875,25387000
2026-01-08 20:00:00+00:00,6913.9599609375,6916.0498046875,6912.81005859375,6915.33984375,27641000
2026-01-08 20:05:00+00:00,6915.47021484375,6915.669921875,6913.31005859375,6914.509765625,27765000
2026-01-08 20:10:00+00:00,6914.490234375,6918.31005859375,6914.490234375,6918.02001953125,28825000
2026-01-08 20:15:00+00:00,6918.14013671875,6918.7001953125,6915.0498046875,6915.2998046875,27694000
2026-01-08 20:20:00+00:00,6915.35009765625,6918.25,6914.2998046875,6916.9501953125,29569000
2026-01-08 20:25:00+00:00,6916.85009765625,6921.83984375,6916.85009765625,6921.06005859375,32117000
2026-01-08 20:30:00+00:00,6921.14013671875,6924.2001953125,6921.14013671875,6924.2001953125,36006000
2026-01-08 20:35:00+00:00,6924.14990234375,6925.85986328125,6920.740234375,6920.93017578125,37845000
2026-01-08 20:40:00+00:00,6921.06982421875,6922.10986328125,6918.0498046875,6919.919921875,55360000
2026-01-08 20:45:00+00:00,6919.830078125,6921.52001953125,6919.02978515625,6920.830078125,54377000
2026-01-08 20:50:00+00:00,6920.830078125,6924.10009765625,6918.759765625,6923.080078125,83028000
2026-01-08 20:55:00+00:00,6923.2001953125,6924.009765625,6920.89013671875,6921.10009765625,183788000
2026-01-09 14:30:00+00:00,6927.830078125,6939.68017578125,6927.830078125,6935.7001953125,0
2026-01-09 14:35:00+00:00,6935.080078125,6949.25,6935.080078125,6945.81982421875,55789573
2026-01-09 14:40:00+00:00,6945.56005859375,6948.259765625,6938.27001953125,6940.759765625,46211767
2026-01-09 14:45:00+00:00,6940.56982421875,6944.16015625,6931.4599609375,6935.77978515625,51674358
2026-01-09 14:50:00+00:00,6935.5400390625,6942.97998046875,6933.08984375,6939.66015625,47072717
2026-01-09 14:55:00+00:00,6939.97021484375,6941.9599609375,6932.8798828125,6941.60986328125,38169158
2026-01-09 15:00:00+00:00,6941.52001953125,6945.330078125,6931.58984375,6931.58984375,52626999
2026-01-09 15:05:00+00:00,6931.52001953125,6932.009765625,6917.64013671875,6921.509765625,48085924
2026-01-09 15:10:00+00:00,6921.43994140625,6938.85986328125,6921.10009765625,6938.72021484375,43213816
2026-01-09 15:15:00+00:00,6938.72021484375,6941.64990234375,6935.35986328125,6940.89013671875,36348127
2026-01-09 15:20:00+00:00,6941.06982421875,6950.39990234375,6938.72021484375,6949.72021484375,37242728
2026-01-09 15:25:00+00:00,6949.919921875,6959.02978515625,6949.56005859375,6957.080078125,35236359
2026-01-09 15:30:00+00:00,6957.02978515625,6960.43994140625,6952.47998046875,6957.8798828125,38108572
2026-01-09 15:35:00+00:00,6958.06982421875,6958.2998046875,6953.89990234375,6954.0498046875,32992332
2026-01-09 15:40:00+00:00,6953.9599609375,6954.52978515625,6942.7099609375,6942.7099609375,34879991
2026-01-09 15:45:00+00:00,6942.56982421875,6946.66015625,6939.2099609375,6940.85009765625,33794851
2026-01-09 15:50:00+00:00,6940.830078125,6946.64013671875,6940.27978515625,6940.919921875,29138981
2026-01-09 15:55:00+00:00,6940.8701171875,6945.75,6939.25,6945.75,29708484
2026-01-09 16:00:00+00:00,6945.56005859375,6953.0400390625,6945.56005859375,6951.60009765625,29320513
2026-01-09 16:05:00+00:00,6951.6298828125,6957.72021484375,6951.22998046875,6957.14990234375,28445086
2026-01-09 16:10:00+00:00,6957.1201171875,6961.93017578125,6954.6298828125,6960.64013671875,32254587
2026-01-09 16:15:00+00:00,6960.6201171875,6961.02001953125,6958.16015625,6959.47998046875,25260806
2026-01-09 16:20:00+00:00,6959.5498046875,6961.10986328125,6957.35986328125,6958.60986328125,26401432
2026-01-09 16:25:00+00:00,6958.47998046875,6958.47998046875,6954.580078125,6954.64990234375,23503564
2026-01-09 16:30:00+00:00,6954.75,6956.64990234375,6951.580078125,6952.39990234375,25599878
2026-01-09 16:35:00+00:00,6952.33984375,6955.81982421875,6951.02001953125,6954.93994140625,23571000
2026-01-09 16:40:00+00:00,6954.990234375,6957.830078125,6952.89990234375,6957.2099609375,24721000
2026-01-09 16:45:00+00:00,6957.18994140625,6962.56982421875,6957.080078125,6962.18017578125,24731000
2026-01-09 16:50:00+00:00,6962.240234375,6965.89013671875,6962.14013671875,6965.14990234375,24295000
2026-01-09 16:55:00+00:00,6965.18017578125,6965.85009765625,6963.9599609375,6964.27978515625,22932000
2026-01-09 17:00:00+00:00,6964.1201171875,6967.77001953125,6963.08984375,6967.77001953125,24343000
2026-01-09 17:05:00+00:00,6967.7099609375,6968.419921875,6966.75,6967.2998046875,21609000
2026-01-09 17:10:00+00:00,6967.39013671875,6967.4501953125,6965.0498046875,6967.14990234375,23082000
2026-01-09 17:15:00+00:00,6967.10986328125,6967.14990234375,6963.4599609375,6963.85009765625,21393000
2026-01-09 17:20:00+00:00,6963.81982421875,6968.27978515625,6963.77978515625,6968.1298828125,23476000
2026-01-09 17:25:00+00:00,6968.08984375,6969.52001953125,6967.5400390625,6968.009765625,19967000
2026-01-09 17:30:00+00:00,6968.06005859375,6970.41015625,6967.27001953125,6970.0400390625,21191000
2026-01-09 17:35:00+00:00,6970.10986328125,6970.25,6968.419921875,6969.31982421875,28169000
2026-01-09 17:40:00+00:00,6969.35009765625,6969.35009765625,6966.0400390625,6966.580078125,21512000
2026-01-09 17:45:00+00:00,6966.47998046875,6968.64013671875,6966.2099609375,6967.740234375,22136000
2026-01-09 17:50:00+00:00,6967.5400390625,6969.47998046875,6966.419921875,6966.58984375,20194000
2026-01-09 17:55:00+00:00,6966.5498046875,6967.93994140625,6965.7099609375,6965.89013671875,22171000
2026-01-09 18:00:00+00:00,6965.85986328125,6965.85986328125,6962.4599609375,6963.1298828125,22302000
2026-01-09 18:05:00+00:00,6963.0400390625,6965.9599609375,6960.77978515625,6961.080078125,20110000
2026-01-09 18:10:00+00:00,6961.08984375,6963.14013671875,6961.06005859375,6962.89013671875,20786000
2026-01-09 18:15:00+00:00,6962.85009765625,6964.41015625,6962.18017578125,6962.490234375,18477000
2026-01-09 18:20:00+00:00,6962.47021484375,6962.9599609375,6961.60986328125,6962.02001953125,20562000
2026-01-09 18:25:00+00:00,6962.06005859375,6964.5498046875,6959.68017578125,6964.43017578125,20914000
2026-01-09 18:30:00+00:00,6964.47998046875,6968.64990234375,6964.31982421875,6967.990234375,21660000
2026-01-09 18:35:00+00:00,6968.009765625,6972.89990234375,6967.83984375,6972.56982421875,20531000
2026-01-09 18:40:00+00:00,6972.64013671875,6974.4599609375,6971.1298828125,6971.169921875,22860000
2026-01-09 18:45:00+00:00,6971.10986328125,6972.35009765625,6970.2001953125,6971.93017578125,21696000
2026-01-09 18:50:00+00:00,6971.89990234375,6972.08984375,6970.3798828125,6971.240234375,20420000
2026-01-09 18:55:00+00:00,6971.27978515625,6972.2998046875,6970.4501953125,6971.4599609375,21465000
2026-01-09 19:00:00+00:00,6971.27001953125,6971.43994140625,6969.56982421875,6970.97998046875,25646000
2026-01-09 19:05:00+00:00,6970.990234375,6972.47998046875,6970.25,6972.4501953125,22087000
2026-01-09 19:10:00+00:00,6972.509765625,6973.330078125,6971.02978515625,6971.72021484375,20823000
2026-01-09 19:15:00+00:00,6971.68994140625,6974.22021484375,6971.68994140625,6973.7001953125,22267000
2026-01-09 19:20:00+00:00,6973.64990234375,6974.52978515625,6973.02978515625,6973.8701171875,22122000
2026-01-09 19:25:00+00:00,6973.93017578125,6974.3798828125,6972.669921875,6974.10009765625,21023000
2026-01-09 19:30:00+00:00,6974.06982421875,6974.990234375,6973.0400390625,6973.5400390625,22401000
2026-01-09 19:35:00+00:00,6973.490234375,6974.2998046875,6973.169921875,6973.7900390625,21616000
2026-01-09 19:40:00+00:00,6973.72998046875,6974.06005859375,6973.02001953125,6973.72998046875,20264000
2026-01-09 19:45:00+00:00,6973.77001953125,6976.56005859375,6973.27978515625,6975.740234375,22189000
2026-01-09 19:50:00+00:00,6975.7001953125,6977.60009765625,6975.7001953125,6976.240234375,22172000
2026-01-09 19:55:00+00:00,6976.35986328125,6976.35986328125,6974.22998046875,6974.31982421875,25241000
2026-01-09 20:00:00+00:00,6974.31005859375,6977.18017578125,6973.5400390625,6975.759765625,26311000
2026-01-09 20:05:00+00:00,6975.759765625,6976.68994140625,6974.89990234375,6974.93994140625,24129000
2026-01-09 20:10:00+00:00,6974.97021484375,6975.4501953125,6973.52001953125,6973.9599609375,25233000
2026-01-09 20:15:00+00:00,6973.97998046875,6975.85986328125,6973.47998046875,6975.22998046875,28333000
2026-01-09 20:20:00+00:00,6975.240234375,6978.35986328125,6975.240234375,6977.7900390625,29240000
2026-01-09 20:25:00+00:00,6977.72021484375,6978.330078125,6975.72021484375,6975.740234375,30312000
2026-01-09 20:30:00+00:00,6975.68017578125,6976.91015625,6974.509765625,6976.85009765625,38787000
2026-01-09 20:35:00+00:00,6976.83984375,6976.91015625,6974.009765625,6974.0400390625,37241000
2026-01-09 20:40:00+00:00,6974.0,6974.52001953125,6972.1298828125,6973.7099609375,39174000
2026-01-09 20:45:00+00:00,6973.68017578125,6974.52978515625,6972.41015625,6972.7998046875,49529000
2026-01-09 20:50:00+00:00,6972.89013671875,6973.41015625,6969.259765625,6970.77001953125,83441000
2026-01-09 20:55:00+00:00,6970.89013671875,6970.89013671875,6965.60009765625,6965.990234375,183939000
2026-01-12 14:30:00+00:00,6944.1201171875,6948.18994140625,6934.06982421875,6943.759765625,0
2026-01-12 14:35:00+00:00,6944.10986328125,6952.6201171875,6941.9501953125,6951.22021484375,58452809
2026-01-12 14:40:00+00:00,6951.7001953125,6957.47021484375,6949.97998046875,6953.10986328125,50135148
2026-01-12 14:45:00+00:00,6953.14013671875,6956.509765625,6950.91015625,6955.740234375,48636751
2026-01-12 14:50:00+00:00,6955.77001953125,6963.009765625,6954.7099609375,6959.919921875,40009721
2026-01-12 14:55:00+00:00,6959.77978515625,6964.8701171875,6959.77978515625,6962.8798828125,35883323
2026-01-12 15:00:00+00:00,6962.56005859375,6963.66015625,6957.3701171875,6958.509765625,41927686
2026-01-12 15:05:00+00:00,6958.56982421875,6960.9599609375,6956.85009765625,6958.10009765625,36453074
2026-01-12 15:10:00+00:00,6958.06005859375,6959.77978515625,6955.5,6958.8701171875,34040853
2026-01-12 15:15:00+00:00,6958.64013671875,6961.08984375,6956.1201171875,6960.2900390625,32914403
2026-01-12 15:20:00+00:00,6960.240234375,6963.60986328125,6958.06005859375,6961.3798828125,35735538
2026-01-12 15:25:00+00:00,6961.10009765625,6962.64990234375,6959.5,6961.0400390625,36244284
2026-01-12 15:30:00+00:00,6961.240234375,6961.2900390625,6955.0498046875,6956.68994140625,35805438
2026-01-12 15:35:00+00:00,6956.7099609375,6959.9501953125,6955.5,6959.66015625,32629882
2026-01-12 15:40:00+00:00,6959.64013671875,6960.60986328125,6956.31005859375,6959.7099609375,29905917
2026-01-12 15:45:00+00:00,6959.68994140625,6960.56005859375,6956.39013671875,6960.16015625,29493800
2026-01-12 15:50:00+00:00,6960.2099609375,6963.6298828125,6958.4599609375,6963.3701171875,29114553
2026-01-12 15:55:00+00:00,6963.43017578125,6966.169921875,6962.58984375,6964.8701171875,30022364
2026-01-12 16:00:00+00:00,6964.85986328125,6964.97021484375,6962.5400390625,6964.81005859375,32580221
2026-01-12 16:05:00+00:00,6964.72021484375,6966.93017578125,6964.5400390625,6966.52001953125,27039017
2026-01-12 16:10:00+00:00,6966.47998046875,6970.64990234375,6966.330078125,6970.64990234375,26517757
2026-01-12 16:15:00+00:00,6970.64013671875,6972.6201171875,6969.3798828125,6971.39990234375,28041332
2026-01-12 16:20:00+00:00,6971.2998046875,6972.3701171875,6967.72998046875,6969.27978515625,25291901
2026-01-12 16:25:00+00:00,6969.47021484375,6969.6201171875,6966.93994140625,6967.580078125,29410708
2026-01-12 16:30:00+00:00,6967.509765625,6969.43994140625,6966.2998046875,6969.06005859375,25028183
2026-01-12 16:35:00+00:00,6969.27001953125,6970.89013671875,6968.9599609375,6969.81982421875,25495962
2026-01-12 16:40:00+00:00,6969.830078125,6971.0,6968.2001953125,6969.0498046875,21372000
2026-01-12 16:45:00+00:00,6969.02001953125,6972.39013671875,6967.97998046875,6971.75,36821000
2026-01-12 16:50:00+00:00,6971.66015625,6972.9599609375,6971.009765625,6972.9599609375,22480000
2026-01-12 16:55:00+00:00,6972.759765625,6974.33984375,6971.08984375,6971.1298828125,23411000
2026-01-12 17:00:00+00:00,6971.08984375,6974.009765625,6969.7900390625,6972.60986328125,25155000
2026-01-12 17:05:00+00:00,6972.68017578125,6972.89990234375,6969.0400390625,6969.43017578125,23046000
2026-01-12 17:10:00+00:00,6969.52978515625,6972.259765625,6969.52978515625,6971.35986328125,23397000
2026-01-12 17:15:00+00:00,6971.2998046875,6971.2998046875,6967.93017578125,6968.91015625,22555000
2026-01-12 17:20:00+00:00,6968.85986328125,6972.16015625,6968.47998046875,6970.27001953125,24826000
2026-01-12 17:25:00+00:00,6970.2001953125,6971.2099609375,6968.9501953125,6971.10986328125,18923000
2026-01-12 17:30:00+00:00,6971.10986328125,6971.18994140625,6968.66015625,6969.5498046875,20893000
2026-01-12 17:35:00+00:00,6969.56005859375,6970.0,6967.2001953125,6967.35986328125,19063000
2026-01-12 17:40:00+00:00,6967.2900390625,6970.06982421875,6966.43017578125,6969.56005859375,19138000
2026-01-12 17:45:00+00:00,6969.580078125,6971.75,6969.5400390625,6971.41015625,20339000
2026-01-12 17:50:00+00:00,6971.35986328125,6973.22998046875,6969.97998046875,6972.919921875,19809000
2026-01-12 17:55:00+00:00,6972.93994140625,6972.990234375,6971.759765625,6971.9501953125,18784000
2026-01-12 18:00:00+00:00,6972.02001953125,6974.52978515625,6971.25,6974.35009765625,22365000
2026-01-12 18:05:00+00:00,6974.41015625,6975.740234375,6974.330078125,6975.4599609375,22550000
2026-01-12 18:10:00+00:00,6975.4599609375,6975.740234375,6974.52978515625,6974.8798828125,23435000
2026-01-12 18:15:00+00:00,6974.990234375,6975.39990234375,6973.6201171875,6975.080078125,19939000
2026-01-12 18:20:00+00:00,6975.0498046875,6977.2900390625,6975.0498046875,6976.56005859375,19098000
2026-01-12 18:25:00+00:00,6976.669921875,6976.97021484375,6975.490234375,6976.72998046875,17211000
2026-01-12 18:30:00+00:00,6976.68994140625,6977.08984375,6974.89990234375,6975.509765625,18045000
2026-01-12 18:35:00+00:00,6975.52001953125,6977.0,6974.93994140625,6976.669921875,18732000
2026-01-12 18:40:00+00:00,6976.64013671875,6977.330078125,6975.72998046875,6976.580078125,18900000
2026-01-12 18:45:00+00:00,6976.52001953125,6978.6298828125,6976.509765625,6978.2099609375,18977000
2026-01-12 18:50:00+00:00,6978.22021484375,6978.77978515625,6976.83984375,6976.83984375,20080000
2026-01-12 18:55:00+00:00,6976.83984375,6977.830078125,6976.64013671875,6977.52001953125,18143000
2026-01-12 19:00:00+00:00,6977.56982421875,6977.56982421875,6975.22998046875,6975.6298828125,21628000
2026-01-12 19:05:00+00:00,6975.58984375,6977.85986328125,6974.7998046875,6977.7998046875,20053000
2026-01-12 19:10:00+00:00,6977.7900390625,6978.35009765625,6977.4599609375,6978.2099609375,19989000
2026-01-12 19:15:00+00:00,6978.0400390625,6980.10986328125,6977.89013671875,6979.27001953125,20151000
2026-01-12 19:20:00+00:00,6979.27978515625,6980.22998046875,6978.52001953125,6979.740234375,23182000
2026-01-12 19:25:00+00:00,6979.669921875,6979.81982421875,6978.64990234375,6978.93994140625,22433000
2026-01-12 19:30:00+00:00,6978.89013671875,6983.2900390625,6978.7099609375,6982.31005859375,24383000
2026-01-12 19:35:00+00:00,6982.4501953125,6982.669921875,6980.52978515625,6980.93994140625,23221000
2026-01-12 19:40:00+00:00,6980.8798828125,6982.2099609375,6980.72021484375,6981.759765625,22639000
2026-01-12 19:45:00+00:00,6981.75,6983.580078125,6981.669921875,6983.43994140625,21930000
2026-01-12 19:50:00+00:00,6983.52001953125,6984.6201171875,6983.0,6984.27978515625,20673000
2026-01-12 19:55:00+00:00,6984.27001953125,6985.64013671875,6983.91015625,6985.08984375,23591000
2026-01-12 20:00:00+00:00,6985.02978515625,6986.330078125,6983.22021484375,6983.47021484375,26492000
2026-01-12 20:05:00+00:00,6983.5,6984.759765625,6983.10009765625,6984.22021484375,25031000
2026-01-12 20:10:00+00:00,6984.06982421875,6984.14990234375,6980.919921875,6981.7099609375,25653000
2026-01-12 20:15:00+00:00,6981.759765625,6981.7998046875,6979.72998046875,6980.14013671875,27087000
2026-01-12 20:20:00+00:00,6980.1298828125,6980.4501953125,6977.56982421875,6978.41015625,26132000
2026-01-12 20:25:00+00:00,6978.39990234375,6979.60009765625,6977.77978515625,6978.89990234375,27313000
2026-01-12 20:30:00+00:00,6978.7998046875,6979.77978515625,6977.47998046875,6979.39013671875,31628000
2026-01-12 20:35:00+00:00,6979.18017578125,6979.18017578125,6977.7001953125,6978.5400390625,32793000
2026-01-12 20:40:00+00:00,6978.52001953125,6979.02978515625,6977.080078125,6978.27978515625,38472000
2026-01-12 20:45:00+00:00,6978.22021484375,6980.43017578125,6977.85009765625,6979.97021484375,45077000
2026-01-12 20:50:00+00:00,6979.97021484375,6982.18994140625,6976.39013671875,6981.4599609375,84368000
2026-01-12 20:55:00+00:00,6981.39013671875,6981.39013671875,6976.7099609375,6976.72021484375,179690000
2026-01-13 14:30:00+00:00,6977.41015625,6983.52001953125,6976.64990234375,6983.52001953125,0
2026-01-13 14:35:00+00:00,6983.3798828125,6985.1201171875,6978.81005859375,6982.64990234375,50917418
2026-01-13 14:40:00+00:00,6982.77001953125,6985.830078125,6974.81982421875,6976.83984375,50381509
2026-01-13 14:45:00+00:00,6976.47998046875,6976.91015625,6969.97021484375,6973.0498046875,50634345
2026-01-13 14:50:00+00:00,6972.97021484375,6975.7001953125,6967.75,6968.83984375,44354009
2026-01-13 14:55:00+00:00,6968.52001953125,6973.740234375,6967.85009765625,6967.85009765625,37370196
2026-01-13 15:00:00+00:00,6967.16015625,6969.89990234375,6957.0498046875,6962.22998046875,48493602
2026-01-13 15:05:00+00:00,6962.25,6966.31005859375,6959.85986328125,6960.41015625,44159483
2026-01-13 15:10:00+00:00,6960.35986328125,6961.33984375,6957.66015625,6959.669921875,37842401
2026-01-13 15:15:00+00:00,6959.56982421875,6959.56982421875,6952.490234375,6955.31982421875,39039302
2026-01-13 15:20:00+00:00,6955.93017578125,6956.5,6947.5,6949.02978515625,38996405
2026-01-13 15:25:00+00:00,6948.89013671875,6951.7001953125,6945.68994140625,6951.60009765625,38881972
2026-01-13 15:30:00+00:00,6951.47021484375,6958.66015625,6950.47998046875,6956.330078125,37437863
2026-01-13 15:35:00+00:00,6956.31005859375,6962.22021484375,6955.35986328125,6956.830078125,35847996
2026-01-13 15:40:00+00:00,6956.8701171875,6958.8798828125,6954.89013671875,6955.58984375,32361454
2026-01-13 15:45:00+00:00,6955.89013671875,6958.60009765625,6951.72021484375,6952.3798828125,34503093
2026-01-13 15:50:00+00:00,6952.14990234375,6961.2998046875,6951.97021484375,6961.2998046875,33746597
2026-01-13 15:55:00+00:00,6961.259765625,6965.35009765625,6960.02978515625,6962.830078125,33858588
2026-01-13 16:00:00+00:00,6962.91015625,6964.18994140625,6960.64990234375,6962.009765625,33412212
2026-01-13 16:05:00+00:00,6962.0400390625,6964.5498046875,6960.9599609375,6963.2099609375,30446947
2026-01-13 16:10:00+00:00,6963.2099609375,6964.83984375,6962.330078125,6963.580078125,28975195
2026-01-13 16:15:00+00:00,6963.56005859375,6968.14990234375,6963.56005859375,6965.10986328125,28495952
2026-01-13 16:20:00+00:00,6965.10986328125,6965.919921875,6962.27001953125,6963.08984375,26931699
2026-01-13 16:25:00+00:00,6962.990234375,6962.990234375,6950.06982421875,6960.2001953125,34669921
2026-01-13 16:30:00+00:00,6960.18017578125,6966.39013671875,6958.3798828125,6966.259765625,29885000
2026-01-13 16:35:00+00:00,6966.330078125,6967.490234375,6963.06982421875,6966.240234375,28329000
2026-01-13 16:40:00+00:00,6966.259765625,6973.02978515625,6965.77978515625,6971.0400390625,28555000
2026-01-13 16:45:00+00:00,6971.2099609375,6972.4599609375,6969.1201171875,6972.39013671875,29578000
2026-01-13 16:50:00+00:00,6972.39990234375,6976.43994140625,6972.330078125,6976.10986328125,31939000
2026-01-13 16:55:00+00:00,6976.10986328125,6977.0400390625,6973.85009765625,6973.93994140625,30781000
2026-01-13 17:00:00+00:00,6973.93017578125,6976.330078125,6973.5,6975.35986328125,29575000
2026-01-13 17:05:00+00:00,6975.47021484375,6976.580078125,6972.08984375,6972.16015625,25097000
2026-01-13 17:10:00+00:00,6972.0400390625,6974.06005859375,6971.31982421875,6973.81005859375,26733000
2026-01-13 17:15:00+00:00,6973.72021484375,6974.31005859375,6964.56005859375,6967.47021484375,26717000
2026-01-13 17:20:00+00:00,6967.47998046875,6973.2001953125,6966.66015625,6973.169921875,22669000
2026-01-13 17:25:00+00:00,6972.9599609375,6972.9599609375,6967.8701171875,6970.91015625,22329000
2026-01-13 17:30:00+00:00,6970.93994140625,6972.5498046875,6960.64990234375,6970.2001953125,27610000
2026-01-13 17:35:00+00:00,6970.10009765625,6970.4501953125,6966.47021484375,6966.6201171875,20513000
2026-01-13 17:40:00+00:00,6966.60009765625,6966.77978515625,6961.3701171875,6962.1201171875,20047000
2026-01-13 17:45:00+00:00,6961.97021484375,6964.7900390625,6960.77001953125,6964.35986328125,19346000
2026-01-13 17:50:00+00:00,6964.43017578125,6965.240234375,6957.06982421875,6958.56005859375,19801000
2026-01-13 17:55:00+00:00,6958.56005859375,6958.6201171875,6950.669921875,6954.31005859375,23692000
2026-01-13 18:00:00+00:00,6954.240234375,6954.97998046875,6949.7900390625,6950.8798828125,27368000
2026-01-13 18:05:00+00:00,6951.0,6956.7001953125,6950.97998046875,6951.6298828125,23848000
2026-01-13 18:10:00+00:00,6951.68017578125,6958.41015625,6950.31982421875,6958.41015625,23239000
2026-01-13 18:15:00+00:00,6958.5400390625,6959.759765625,6956.72998046875,6956.85986328125,21182000
2026-01-13 18:20:00+00:00,6956.85986328125,6956.97021484375,6951.81982421875,6954.14013671875,19302000
2026-01-13 18:25:00+00:00,6954.1201171875,6956.02001953125,6952.72998046875,6954.60009765625,19788000
2026-01-13 18:30:00+00:00,6954.6201171875,6959.22021484375,6953.27978515625,6957.830078125,22166000
2026-01-13 18:35:00+00:00,6957.8798828125,6961.31982421875,6957.83984375,6961.02001953125,20763000
2026-01-13 18:40:00+00:00,6960.97998046875,6961.169921875,6955.43017578125,6955.8701171875,20401000
2026-01-13 18:45:00+00:00,6955.830078125,6958.27001953125,6954.64013671875,6955.0400390625,21395000
2026-01-13 18:50:00+00:00,6955.0,6955.0,6950.31005859375,6954.240234375,22298000
2026-01-13 18:55:00+00:00,6954.259765625,6955.06982421875,6950.8798828125,6952.5400390625,21955000
2026-01-13 19:00:00+00:00,6952.4501953125,6954.93017578125,6948.6201171875,6949.31982421875,26460000
2026-01-13 19:05:00+00:00,6949.22998046875,6951.47998046875,6947.56005859375,6947.9599609375,25487000
2026-01-13 19:10:00+00:00,6947.91015625,6950.1201171875,6947.0498046875,6948.0400390625,23503000
2026-01-13 19:15:00+00:00,6948.009765625,6954.52001953125,6947.93017578125,6953.06005859375,28225000
2026-01-13 19:20:00+00:00,6952.740234375,6955.06982421875,6950.81005859375,6952.169921875,25284000
2026-01-13 19:25:00+00:00,6952.18994140625,6955.22021484375,6950.60986328125,6954.89990234375,22299000
2026-01-13 19:30:00+00:00,6955.10009765625,6956.509765625,6953.4501953125,6953.56982421875,25832000
2026-01-13 19:35:00+00:00,6953.5,6954.6201171875,6952.22021484375,6953.52978515625,21933000
2026-01-13 19:40:00+00:00,6953.64013671875,6955.7099609375,6953.31005859375,6953.3701171875,21545000
2026-01-13 19:45:00+00:00,6953.35986328125,6953.419921875,6950.56005859375,6951.75,24980000
2026-01-13 19:50:00+00:00,6951.7998046875,6954.77001953125,6951.7998046875,6954.58984375,24598000
2026-01-13 19:55:00+00:00,6954.52001953125,6956.52001953125,6952.39013671875,6953.3701171875,24184000
2026-01-13 20:00:00+00:00,6953.56005859375,6953.56005859375,6950.10986328125,6951.6201171875,30327000
2026-01-13 20:05:00+00:00,6951.60009765625,6953.14013671875,6950.5,6951.22021484375,26579000
2026-01-13 20:10:00+00:00,6951.240234375,6951.240234375,6948.02978515625,6948.41015625,27988000
2026-01-13 20:15:00+00:00,6948.31982421875,6950.1201171875,6948.10986328125,6949.58984375,27369000
2026-01-13 20:20:00+00:00,6949.64990234375,6949.7998046875,6946.56982421875,6948.6201171875,28565000
2026-01-13 20:25:00+00:00,6948.5498046875,6948.56982421875,6944.77001953125,6944.77001953125,31977000
2026-01-13 20:30:00+00:00,6944.75,6945.14013671875,6938.77001953125,6940.39013671875,37020000
2026-01-13 20:35:00+00:00,6940.47998046875,6944.490234375,6938.85009765625,6944.490234375,39259000
2026-01-13 20:40:00+00:00,6944.47021484375,6947.27978515625,6944.47021484375,6946.7900390625,54252000
2026-01-13 20:45:00+00:00,6946.85986328125,6948.97998046875,6944.93017578125,6947.7099609375,56902000
2026-01-13 20:50:00+00:00,6947.8701171875,6959.60009765625,6947.8701171875,6959.60009765625,90230000
2026-01-13 20:55:00+00:00,6959.66015625,6964.39990234375,6957.080078125,6962.97998046875,188589000
2026-01-14 14:30:00+00:00,6937.41015625,6940.72021484375,6923.169921875,6940.08984375,146462751
2026-01-14 14:35:00+00:00,6940.240234375,6941.2998046875,6928.9599609375,6930.56005859375,55670522
2026-01-14 14:40:00+00:00,6930.419921875,6933.93994140625,6919.14990234375,6919.7900390625,52554770
2026-01-14 14:45:00+00:00,6920.18994140625,6927.85986328125,6916.240234375,6925.43017578125,48761769
2026-01-14 14:50:00+00:00,6925.7900390625,6925.990234375,6917.259765625,6921.830078125,43493979
2026-01-14 14:55:00+00:00,6921.7001953125,6921.7001953125,6912.06982421875,6912.06982421875,42490434
2026-01-14 15:00:00+00:00,6911.35009765625,6911.35009765625,6902.669921875,6906.60009765625,54890015
2026-01-14 15:05:00+00:00,6906.60986328125,6912.7998046875,6905.27978515625,6912.6201171875,39581417
2026-01-14 15:10:00+00:00,6912.7099609375,6930.47998046875,6909.4501953125,6930.25,47672745
2026-01-14 15:15:00+00:00,6930.7099609375,6932.2998046875,6925.22021484375,6926.0400390625,42721832
2026-01-14 15:20:00+00:00,6926.06005859375,6927.56982421875,6920.18994140625,6923.509765625,36234462
2026-01-14 15:25:00+00:00,6923.35986328125,6923.990234375,6911.9501953125,6912.240234375,33255698
2026-01-14 15:30:00+00:00,6912.3798828125,6912.3798828125,6904.7998046875,6905.66015625,38092408
2026-01-14 15:35:00+00:00,6905.580078125,6910.9501953125,6903.740234375,6910.9501953125,37665054
2026-01-14 15:40:00+00:00,6910.97021484375,6913.93017578125,6901.41015625,6902.490234375,32545170
2026-01-14 15:45:00+00:00,6902.47021484375,6904.08984375,6890.75,6890.990234375,35477155
2026-01-14 15:50:00+00:00,6891.009765625,6895.0,6889.7998046875,6894.93994140625,32934092
2026-01-14 15:55:00+00:00,6894.93994140625,6899.60009765625,6894.93994140625,6896.2900390625,30984667
2026-01-14 16:00:00+00:00,6896.39013671875,6900.43017578125,6895.740234375,6899.68994140625,28054625
2026-01-14 16:05:00+00:00,6899.85986328125,6900.81005859375,6894.490234375,6896.31005859375,27317144
2026-01-14 16:10:00+00:00,6896.14013671875,6899.58984375,6894.47021484375,6898.2099609375,29166267
2026-01-14 16:15:00+00:00,6898.14013671875,6901.18994140625,6897.490234375,6901.0,27874457
2026-01-14 16:20:00+00:00,6901.0498046875,6913.009765625,6901.0498046875,6912.56982421875,31145685
2026-01-14 16:25:00+00:00,6912.56982421875,6917.52978515625,6911.06005859375,6916.14990234375,34747882
2026-01-14 16:30:00+00:00,6916.10009765625,6918.8798828125,6910.740234375,6912.02001953125,34455000
2026-01-14 16:35:00+00:00,6912.14013671875,6912.14013671875,6904.259765625,6908.080078125,29497000
2026-01-14 16:40:00+00:00,6908.009765625,6908.009765625,6899.85986328125,6899.919921875,28855000
2026-01-14 16:45:00+00:00,6899.919921875,6899.919921875,6892.47021484375,6893.0498046875,29838000
2026-01-14 16:50:00+00:00,6893.10986328125,6893.10986328125,6886.6201171875,6888.740234375,30094000
2026-01-14 16:55:00+00:00,6888.56982421875,6890.39013671875,6885.740234375,6890.08984375,26667000
2026-01-14 17:00:00+00:00,6890.080078125,6895.35009765625,6887.6298828125,6890.240234375,29703000
2026-01-14 17:05:00+00:00,6890.169921875,6897.02978515625,6889.85986328125,6896.85009765625,26004000
2026-01-14 17:10:00+00:00,6896.81005859375,6897.3798828125,6894.169921875,6896.5,23775000
2026-01-14 17:15:00+00:00,6896.509765625,6896.509765625,6887.06005859375,6890.0400390625,26028000
2026-01-14 17:20:00+00:00,6889.7900390625,6892.25,6886.7099609375,6892.2001953125,24065000
2026-01-14 17:25:00+00:00,6892.259765625,6896.97998046875,6891.5400390625,6895.22998046875,25723000
2026-01-14 17:30:00+00:00,6895.18017578125,6895.18017578125,6886.509765625,6887.06982421875,25408000
2026-01-14 17:35:00+00:00,6887.10986328125,6891.3798828125,6887.10986328125,6890.02978515625,22753000
2026-01-14 17:40:00+00:00,6889.9599609375,6894.06005859375,6889.6298828125,6894.06005859375,21586000
2026-01-14 17:45:00+00:00,6893.990234375,6898.580078125,6893.72021484375,6896.16015625,22417000
2026-01-14 17:50:00+00:00,6896.02978515625,6896.02978515625,6886.3701171875,6889.06005859375,25392000
2026-01-14 17:55:00+00:00,6889.22998046875,6891.4501953125,6887.5,6890.47998046875,21673000
2026-01-14 18:00:00+00:00,6890.60009765625,6896.06982421875,6889.85009765625,6895.68994140625,22452000
2026-01-14 18:05:00+00:00,6895.6298828125,6896.66015625,6893.419921875,6895.81005859375,20743000
2026-01-14 18:10:00+00:00,6895.7001953125,6898.330078125,6893.240234375,6897.759765625,26227000
2026-01-14 18:15:00+00:00,6897.669921875,6897.72998046875,6893.58984375,6895.419921875,24729000
2026-01-14 18:20:00+00:00,6895.06982421875,6897.9501953125,6895.02001953125,6896.009765625,24704000
2026-01-14 18:25:00+00:00,6895.97021484375,6900.580078125,6893.8798828125,6900.490234375,22109000
2026-01-14 18:30:00+00:00,6900.490234375,6902.080078125,6890.64990234375,6891.83984375,23285000
2026-01-14 18:35:00+00:00,6891.93994140625,6892.91015625,6887.18017578125,6888.60986328125,25400000
2026-01-14 18:40:00+00:00,6888.60009765625,6893.0498046875,6888.5400390625,6893.0498046875,22174000
2026-01-14 18:45:00+00:00,6893.08984375,6897.7001953125,6892.35986328125,6895.2001953125,23807000
2026-01-14 18:50:00+00:00,6895.2099609375,6903.91015625,6895.1201171875,6901.669921875,24560000
2026-01-14 18:55:00+00:00,6901.7099609375,6906.22021484375,6900.43994140625,6905.27001953125,22603000
2026-01-14 19:00:00+00:00,6905.2900390625,6905.97021484375,6902.85986328125,6903.58984375,25422000
2026-01-14 19:05:00+00:00,6903.58984375,6903.7900390625,6900.7099609375,6902.81005859375,24005000
2026-01-14 19:10:00+00:00,6902.83984375,6904.52001953125,6900.919921875,6903.89990234375,22517000
2026-01-14 19:15:00+00:00,6903.97998046875,6905.56005859375,6901.89990234375,6905.31982421875,25989000
2026-01-14 19:20:00+00:00,6905.3798828125,6907.1201171875,6903.68017578125,6905.740234375,23975000
2026-01-14 19:25:00+00:00,6905.68994140625,6906.1298828125,6903.18017578125,6905.27001953125,23781000
2026-01-14 19:30:00+00:00,6905.31982421875,6907.7998046875,6903.8798828125,6904.08984375,26636000
2026-01-14 19:35:00+00:00,6904.18017578125,6906.52001953125,6902.1298828125,6906.240234375,23775000
2026-01-14 19:40:00+00:00,6906.25,6907.580078125,6904.47998046875,6905.68017578125,23553000
2026-01-14 19:45:00+00:00,6905.669921875,6907.77978515625,6904.4599609375,6907.0,22891000
2026-01-14 19:50:00+00:00,6907.009765625,6909.85986328125,6906.3798828125,6906.419921875,26220000
2026-01-14 19:55:00+00:00,6906.2998046875,6907.169921875,6903.669921875,6904.33984375,30282000
2026-01-14 20:00:00+00:00,6904.7998046875,6910.169921875,6897.60009765625,6907.7998046875,51266000
2026-01-14 20:05:00+00:00,6907.7099609375,6920.31982421875,6907.41015625,6916.16015625,40316000
2026-01-14 20:10:00+00:00,6916.06982421875,6918.56005859375,6911.7900390625,6911.91015625,33767000
2026-01-14 20:15:00+00:00,6911.7998046875,6912.7099609375,6906.68994140625,6910.52001953125,33998000
2026-01-14 20:20:00+00:00,6910.39990234375,6913.93994140625,6907.93017578125,6913.8798828125,33719000
2026-01-14 20:25:00+00:00,6913.8798828125,6915.740234375,6911.56982421875,6915.4599609375,36665000
2026-01-14 20:30:00+00:00,6915.68017578125,6925.580078125,6915.6298828125,6923.93994140625,42348000
2026-01-14 20:35:00+00:00,6923.81005859375,6928.33984375,6923.02001953125,6925.81005859375,47850000
2026-01-14 20:40:00+00:00,6925.9501953125,6927.60986328125,6915.3701171875,6915.3701171875,46752000
2026-01-14 20:45:00+00:00,6915.490234375,6916.35986328125,6910.68017578125,6911.669921875,56327000
2026-01-14 20:50:00+00:00,6911.27001953125,6921.47998046875,6911.27001953125,6920.60986328125,96983000
2026-01-14 20:55:00+00:00,6920.68994140625,6928.41015625,6920.68994140625,6928.41015625,207543000
2026-01-15 14:30:00+00:00,6969.4599609375,6972.14990234375,6965.3701171875,6966.47998046875,0
2026-01-15 14:35:00+00:00,6966.56982421875,6968.4599609375,6962.77001953125,6966.31982421875,56107384
2026-01-15 14:40:00+00:00,6966.22021484375,6969.72021484375,6960.740234375,6965.14013671875,54505603
2026-01-15 14:45:00+00:00,6965.52978515625,6970.419921875,6962.81982421875,6966.18017578125,49821935
2026-01-15 14:50:00+00:00,6966.31005859375,6966.60009765625,6956.7001953125,6964.81005859375,42901725
2026-01-15 14:55:00+00:00,6965.1201171875,6967.02978515625,6961.740234375,6961.81005859375,40372895
2026-01-15 15:00:00+00:00,6960.81005859375,6964.5498046875,6959.990234375,6961.43994140625,43419767
2026-01-15 15:05:00+00:00,6961.47021484375,6963.56005859375,6957.43017578125,6963.509765625,39725448
2026-01-15 15:10:00+00:00,6963.47998046875,6966.4501953125,6960.25,6964.68994140625,38612560
2026-01-15 15:15:00+00:00,6964.66015625,6967.2900390625,6961.39013671875,6964.9599609375,37068945
2026-01-15 15:20:00+00:00,6964.93017578125,6971.52001953125,6962.93994140625,6969.2998046875,36757837
2026-01-15 15:25:00+00:00,6969.39013671875,6969.39013671875,6960.9501953125,6963.60009765625,37036917
2026-01-15 15:30:00+00:00,6963.7900390625,6970.52001953125,6963.4599609375,6970.35009765625,36279517
2026-01-15 15:35:00+00:00,6970.4501953125,6973.77978515625,6968.14013671875,6970.22998046875,32168118
2026-01-15 15:40:00+00:00,6970.169921875,6972.259765625,6963.60986328125,6963.8701171875,32895197
2026-01-15 15:45:00+00:00,6963.7099609375,6964.490234375,6957.6298828125,6957.83984375,31865794
2026-01-15 15:50:00+00:00,6957.919921875,6960.7001953125,6955.4599609375,6958.7998046875,28948232
2026-01-15 15:55:00+00:00,6958.9599609375,6970.18994140625,6956.4599609375,6969.97021484375,35017941
2026-01-15 16:00:00+00:00,6969.60009765625,6973.4501953125,6968.56005859375,6972.77001953125,31046916
2026-01-15 16:05:00+00:00,6972.759765625,6973.009765625,6969.2998046875,6971.4501953125,28220968
2026-01-15 16:10:00+00:00,6971.509765625,6971.52978515625,6968.52978515625,6969.56005859375,26169000
2026-01-15 16:15:00+00:00,6969.6298828125,6973.35986328125,6968.47998046875,6973.2998046875,26033328
2026-01-15 16:20:00+00:00,6973.22021484375,6975.85009765625,6970.64990234375,6975.22021484375,25854208
2026-01-15 16:25:00+00:00,6975.240234375,6975.240234375,6970.27001953125,6973.4501953125,32354533
2026-01-15 16:30:00+00:00,6973.509765625,6974.83984375,6970.72998046875,6970.81982421875,27468764
2026-01-15 16:35:00+00:00,6970.8701171875,6974.06005859375,6969.64990234375,6973.7001953125,24320000
2026-01-15 16:40:00+00:00,6973.740234375,6975.0498046875,6972.56005859375,6974.830078125,22773000
2026-01-15 16:45:00+00:00,6974.77978515625,6976.6201171875,6972.43017578125,6975.97998046875,23716000
2026-01-15 16:50:00+00:00,6975.93017578125,6978.2001953125,6973.9501953125,6976.10986328125,23446000
2026-01-15 16:55:00+00:00,6976.080078125,6976.1298828125,6973.93994140625,6975.47021484375,24429000
2026-01-15 17:00:00+00:00,6975.47021484375,6979.06982421875,6974.5400390625,6978.669921875,25773000
2026-01-15 17:05:00+00:00,6978.64013671875,6979.33984375,6976.830078125,6978.9599609375,22278000
2026-01-15 17:10:00+00:00,6979.0,6979.0,6974.6201171875,6974.919921875,24014000
2026-01-15 17:15:00+00:00,6975.0498046875,6975.3798828125,6971.89990234375,6975.02001953125,22182000
2026-01-15 17:20:00+00:00,6975.0,6975.47021484375,6973.16015625,6973.43994140625,20412000
2026-01-15 17:25:00+00:00,6973.419921875,6973.81982421875,6969.2001953125,6969.58984375,20310000
2026-01-15 17:30:00+00:00,6969.64013671875,6971.02001953125,6967.22998046875,6968.52978515625,20399000
2026-01-15 17:35:00+00:00,6968.47998046875,6970.4599609375,6966.47998046875,6969.85009765625,28559000
2026-01-15 17:40:00+00:00,6969.83984375,6971.830078125,6968.8798828125,6971.830078125,24376000
2026-01-15 17:45:00+00:00,6971.89990234375,6974.72998046875,6970.52978515625,6970.77978515625,23085000
2026-01-15 17:50:00+00:00,6970.7998046875,6972.6298828125,6968.93017578125,6969.080078125,20628000
2026-01-15 17:55:00+00:00,6969.02001953125,6969.2099609375,6964.18017578125,6964.490234375,21714000
2026-01-15 18:00:00+00:00,6964.5,6970.10009765625,6963.9599609375,6970.0498046875,23591000
2026-01-15 18:05:00+00:00,6970.06982421875,6972.5,6968.39013671875,6971.9599609375,18883000
2026-01-15 18:10:00+00:00,6971.93994140625,6972.5400390625,6968.759765625,6970.68994140625,20844000
2026-01-15 18:15:00+00:00,6970.669921875,6970.8798828125,6968.72998046875,6970.64013671875,18063000
2026-01-15 18:20:00+00:00,6970.64013671875,6973.06005859375,6970.64013671875,6972.27978515625,18914000
2026-01-15 18:25:00+00:00,6972.31005859375,6973.85009765625,6971.0498046875,6973.85009765625,20022000
2026-01-15 18:30:00+00:00,6973.77978515625,6976.06982421875,6973.4599609375,6975.39013671875,23442000
2026-01-15 18:35:00+00:00,6975.52001953125,6976.93017578125,6972.97998046875,6973.990234375,22327000
2026-01-15 18:40:00+00:00,6973.9599609375,6975.10009765625,6973.2001953125,6974.58984375,21615000
2026-01-15 18:45:00+00:00,6974.580078125,6975.330078125,6973.2998046875,6973.56005859375,20401000
2026-01-15 18:50:00+00:00,6973.47021484375,6973.669921875,6971.06005859375,6972.64013671875,21886000
2026-01-15 18:55:00+00:00,6972.669921875,6973.0400390625,6971.25,6972.16015625,25357000
2026-01-15 19:00:00+00:00,6972.10009765625,6972.10009765625,6965.740234375,6966.669921875,27610000
2026-01-15 19:05:00+00:00,6966.4501953125,6969.0498046875,6962.669921875,6968.81982421875,24424000
2026-01-15 19:10:00+00:00,6968.97998046875,6970.5,6966.89990234375,6967.990234375,22485000
2026-01-15 19:15:00+00:00,6967.9599609375,6969.1298828125,6965.7001953125,6966.93994140625,21606000
2026-01-15 19:20:00+00:00,6967.0,6967.81982421875,6964.60986328125,6965.85986328125,22742000
2026-01-15 19:25:00+00:00,6965.81982421875,6965.97021484375,6960.080078125,6961.02001953125,24030000
2026-01-15 19:30:00+00:00,6960.8798828125,6960.8798828125,6951.43994140625,6956.8701171875,32014000
2026-01-15 19:35:00+00:00,6956.83984375,6959.009765625,6954.27978515625,6958.9501953125,24083000
2026-01-15 19:40:00+00:00,6958.97021484375,6961.85986328125,6957.77001953125,6958.93994140625,24452000
2026-01-15 19:45:00+00:00,6958.93017578125,6959.35986328125,6956.509765625,6958.68994140625,26334000
2026-01-15 19:50:00+00:00,6958.64990234375,6960.759765625,6956.2998046875,6956.68017578125,22047000
2026-01-15 19:55:00+00:00,6956.77978515625,6956.77978515625,6950.91015625,6952.7998046875,25697000
2026-01-15 20:00:00+00:00,6952.7998046875,6954.56005859375,6948.68017578125,6953.1201171875,25490000
2026-01-15 20:05:00+00:00,6953.240234375,6954.75,6951.14013671875,6951.85986328125,26144000
2026-01-15 20:10:00+00:00,6951.7998046875,6953.169921875,6949.10009765625,6949.18017578125,29064000
2026-01-15 20:15:00+00:00,6949.06982421875,6949.14013671875,6941.6298828125,6941.7001953125,34400000
2026-01-15 20:20:00+00:00,6941.52001953125,6944.27001953125,6937.93017578125,6941.08984375,33255000
2026-01-15 20:25:00+00:00,6941.06005859375,6943.06005859375,6938.60009765625,6942.7001953125,32987000
2026-01-15 20:30:00+00:00,6942.72998046875,6943.75,6939.7998046875,6943.1201171875,37940000
2026-01-15 20:35:00+00:00,6943.080078125,6946.66015625,6938.8798828125,6941.72998046875,39682000
2026-01-15 20:40:00+00:00,6941.740234375,6944.60009765625,6940.2998046875,6940.83984375,43746000
2026-01-15 20:45:00+00:00,6940.91015625,6942.7900390625,6938.52978515625,6939.14990234375,50285000
2026-01-15 20:50:00+00:00,6939.10009765625,6943.72021484375,6938.2900390625,6943.56982421875,88322000
2026-01-15 20:55:00+00:00,6944.02978515625,6944.97021484375,6940.02978515625,6944.97021484375,189131000
2026-01-16 14:30:00+00:00,6960.5400390625,6967.2998046875,6956.3798828125,6963.66015625,0
2026-01-16 14:35:00+00:00,6963.68017578125,6967.240234375,6960.64013671875,6961.81982421875,56765774
2026-01-16 14:40:00+00:00,6961.5498046875,6962.43017578125,6954.5498046875,6954.66015625,49340655
2026-01-16 14:45:00+00:00,6954.740234375,6962.14013671875,6954.740234375,6957.43017578125,50558404
2026-01-16 14:50:00+00:00,6957.77001953125,6958.7900390625,6950.97998046875,6952.0,44124010
2026-01-16 14:55:00+00:00,6952.0400390625,6952.4501953125,6943.22021484375,6943.39013671875,43801567
2026-01-16 15:00:00+00:00,6943.47021484375,6947.52001953125,6939.580078125,6944.8798828125,50631719
2026-01-16 15:05:00+00:00,6944.7099609375,6951.7001953125,6944.7099609375,6950.91015625,42251699
2026-01-16 15:10:00+00:00,6950.9501953125,6951.7998046875,6945.02978515625,6946.72021484375,39219218
2026-01-16 15:15:00+00:00,6946.68994140625,6949.27001953125,6939.56005859375,6939.89990234375,37108868
2026-01-16 15:20:00+00:00,6939.93017578125,6949.77978515625,6939.93017578125,6949.77978515625,33365424
2026-01-16 15:25:00+00:00,6949.64990234375,6949.64990234375,6940.080078125,6940.580078125,34340937
2026-01-16 15:30:00+00:00,6940.5400390625,6941.419921875,6933.72021484375,6934.89013671875,33981522
2026-01-16 15:35:00+00:00,6934.7900390625,6934.7900390625,6930.4599609375,6931.4599609375,36519652
2026-01-16 15:40:00+00:00,6931.4599609375,6931.4599609375,6925.08984375,6930.85986328125,36051913
2026-01-16 15:45:00+00:00,6930.93994140625,6935.68017578125,6928.27978515625,6935.68017578125,30035176
2026-01-16 15:50:00+00:00,6935.6298828125,6937.47998046875,6932.2900390625,6937.27978515625,28610643
2026-01-16 15:55:00+00:00,6937.2900390625,6942.2001953125,6936.56982421875,6942.2001953125,29080538
2026-01-16 16:00:00+00:00,6942.3701171875,6944.85986328125,6939.6298828125,6940.5,33276951
2026-01-16 16:05:00+00:00,6940.52001953125,6948.2998046875,6940.2001953125,6948.2900390625,29418817
2026-01-16 16:10:00+00:00,6948.2998046875,6950.10009765625,6945.169921875,6946.419921875,30301000
2026-01-16 16:15:00+00:00,6946.47998046875,6948.3798828125,6945.60986328125,6947.72021484375,26629000
2026-01-16 16:20:00+00:00,6947.990234375,6951.91015625,6947.93994140625,6948.81005859375,25486000
2026-01-16 16:25:00+00:00,6948.7998046875,6951.43994140625,6947.06982421875,6951.08984375,28014000
2026-01-16 16:30:00+00:00,6951.4599609375,6955.02001953125,6950.9501953125,6951.6298828125,26729000
2026-01-16 16:35:00+00:00,6951.64990234375,6954.8798828125,6951.64990234375,6954.009765625,26994000
2026-01-16 16:40:00+00:00,6953.830078125,6956.009765625,6952.93017578125,6955.39990234375,26965000
2026-01-16 16:45:00+00:00,6955.47021484375,6958.39990234375,6954.31982421875,6955.43994140625,23892000
2026-01-16 16:50:00+00:00,6955.39013671875,6958.06982421875,6953.33984375,6953.35009765625,28683000
2026-01-16 16:55:00+00:00,6953.2099609375,6953.2099609375,6945.97998046875,6950.5498046875,31842000
2026-01-16 17:00:00+00:00,6950.5400390625,6950.7001953125,6949.1201171875,6950.22998046875,25272000
2026-01-16 17:05:00+00:00,6950.4599609375,6953.25,6949.39990234375,6949.56005859375,24300000
2026-01-16 17:10:00+00:00,6949.60986328125,6952.0498046875,6949.43017578125,6951.27978515625,23448000
2026-01-16 17:15:00+00:00,6951.39990234375,6952.97021484375,6950.22021484375,6951.169921875,23383000
2026-01-16 17:20:00+00:00,6951.169921875,6953.5400390625,6950.93017578125,6951.43994140625,22627000
2026-01-16 17:25:00+00:00,6951.330078125,6951.39990234375,6948.580078125,6949.240234375,23096000
2026-01-16 17:30:00+00:00,6949.22998046875,6950.83984375,6946.72998046875,6950.5,25911000
2026-01-16 17:35:00+00:00,6950.35986328125,6952.72998046875,6949.60009765625,6950.080078125,21770000
2026-01-16 17:40:00+00:00,6949.97998046875,6951.2099609375,6948.52001953125,6950.669921875,22316000
2026-01-16 17:45:00+00:00,6950.72998046875,6950.72998046875,6946.16015625,6947.10009765625,25695000
2026-01-16 17:50:00+00:00,6947.02001953125,6948.080078125,6945.2001953125,6947.0498046875,21461000
2026-01-16 17:55:00+00:00,6947.0,6948.81982421875,6942.68017578125,6942.68017578125,23055000
2026-01-16 18:00:00+00:00,6942.85009765625,6948.14990234375,6942.85009765625,6947.39990234375,23298000
2026-01-16 18:05:00+00:00,6947.35986328125,6950.759765625,6947.2001953125,6950.68017578125,21577000
2026-01-16 18:10:00+00:00,6950.81005859375,6951.14013671875,6948.83984375,6949.83984375,20877000
2026-01-16 18:15:00+00:00,6949.7900390625,6953.8701171875,6949.7900390625,6953.35986328125,22878000
2026-01-16 18:20:00+00:00,6953.52001953125,6955.06005859375,6952.990234375,6955.02978515625,21509000
2026-01-16 18:25:00+00:00,6955.06982421875,6955.759765625,6953.56005859375,6954.0498046875,19353000
2026-01-16 18:30:00+00:00,6954.10986328125,6956.4599609375,6953.81982421875,6956.0498046875,19002000
2026-01-16 18:35:00+00:00,6956.0,6956.0,6953.6298828125,6953.75,18635000
2026-01-16 18:40:00+00:00,6953.66015625,6954.10986328125,6952.009765625,6952.47998046875,20596000
2026-01-16 18:45:00+00:00,6952.5400390625,6953.75,6951.06005859375,6951.89013671875,18623000
2026-01-16 18:50:00+00:00,6951.7900390625,6952.66015625,6950.10009765625,6951.64990234375,19378000
2026-01-16 18:55:00+00:00,6951.64990234375,6951.91015625,6950.0,6950.169921875,19516000
2026-01-16 19:00:00+00:00,6950.18017578125,6958.080078125,6950.0,6957.93017578125,30433000
2026-01-16 19:05:00+00:00,6958.0498046875,6960.5,6956.4501953125,6957.08984375,23775000
2026-01-16 19:10:00+00:00,6957.06982421875,6957.06982421875,6948.81005859375,6949.330078125,23302000
2026-01-16 19:15:00+00:00,6949.3701171875,6950.259765625,6945.1201171875,6945.97998046875,23293000
2026-01-16 19:20:00+00:00,6945.9599609375,6947.93994140625,6945.10009765625,6946.990234375,21812000
2026-01-16 19:25:00+00:00,6946.89990234375,6946.89990234375,6943.8701171875,6944.85009765625,21918000
2026-01-16 19:30:00+00:00,6944.75,6949.31005859375,6944.5400390625,6948.52978515625,24584000
2026-01-16 19:35:00+00:00,6948.5498046875,6952.83984375,6947.56982421875,6951.06982421875,25180000
2026-01-16 19:40:00+00:00,6951.08984375,6954.0498046875,6950.759765625,6951.1298828125,23911000
2026-01-16 19:45:00+00:00,6951.06982421875,6952.72998046875,6951.06982421875,6951.759765625,25463000
2026-01-16 19:50:00+00:00,6951.89990234375,6953.60986328125,6951.2001953125,6953.35986328125,26277000
2026-01-16 19:55:00+00:00,6953.3798828125,6953.47021484375,6950.1298828125,6950.89013671875,28809000
2026-01-16 20:00:00+00:00,6950.85986328125,6951.7900390625,6949.27001953125,6950.7900390625,27446000
2026-01-16 20:05:00+00:00,6950.83984375,6951.580078125,6949.009765625,6951.25,31946000
2026-01-16 20:10:00+00:00,6951.2998046875,6952.7998046875,6950.3798828125,6952.080078125,28535000
2026-01-16 20:15:00+00:00,6951.68017578125,6951.8701171875,6948.85009765625,6949.9599609375,28185000
2026-01-16 20:20:00+00:00,6949.9501953125,6950.7099609375,6948.8798828125,6949.39013671875,27471000
2026-01-16 20:25:00+00:00,6949.419921875,6949.72998046875,6945.7900390625,6945.7900390625,34398000
2026-01-16 20:30:00+00:00,6945.72998046875,6945.740234375,6942.43994140625,6943.919921875,38572000
2026-01-16 20:35:00+00:00,6943.97021484375,6948.0,6943.35009765625,6946.4599609375,38883000
2026-01-16 20:40:00+00:00,6946.72021484375,6946.72021484375,6943.9501953125,6944.2099609375,43758000
2026-01-16 20:45:00+00:00,6944.14990234375,6944.14990234375,6940.25,6943.06982421875,54633000
2026-01-16 20:50:00+00:00,6943.1201171875,6948.52978515625,6942.0498046875,6946.89990234375,102274000
2026-01-16 20:55:00+00:00,6947.0,6947.0,6939.22998046875,6939.4599609375,223944000
2026-01-20 14:30:00+00:00,6865.240234375,6865.240234375,6837.75,6849.0400390625,0
2026-01-20 14:35:00+00:00,6849.5,6852.2998046875,6841.56005859375,6847.43994140625,73201908
2026-01-20 14:40:00+00:00,6846.81982421875,6855.7998046875,6839.77001953125,6854.72021484375,65609885
2026-01-20 14:45:00+00:00,6855.14013671875,6855.14013671875,6841.97998046875,6846.7001953125,60497616
2026-01-20 14:50:00+00:00,6846.56005859375,6856.52978515625,6844.9599609375,6847.419921875,53718045
2026-01-20 14:55:00+00:00,6847.47998046875,6852.9599609375,6843.77001953125,6846.41015625,48032668
2026-01-20 15:00:00+00:00,6845.93994140625,6845.93994140625,6837.47021484375,6842.4599609375,55555169
2026-01-20 15:05:00+00:00,6842.52978515625,6846.14990234375,6833.7900390625,6834.9599609375,53340727
2026-01-20 15:10:00+00:00,6834.919921875,6839.85986328125,6833.2900390625,6839.72021484375,43630726
2026-01-20 15:15:00+00:00,6839.990234375,6843.56005859375,6836.2900390625,6836.740234375,39081011
2026-01-20 15:20:00+00:00,6836.7099609375,6856.580078125,6836.22998046875,6854.06005859375,43248078
2026-01-20 15:25:00+00:00,6854.25,6863.33984375,6854.25,6862.06005859375,45249158
2026-01-20 15:30:00+00:00,6862.009765625,6869.669921875,6860.509765625,6869.1298828125,44531092
2026-01-20 15:35:00+00:00,6869.22998046875,6869.85986328125,6863.2998046875,6864.81005859375,43399203
2026-01-20 15:40:00+00:00,6864.8798828125,6868.1201171875,6863.60986328125,6867.9599609375,13270357
2026-01-20 15:50:00+00:00,6855.66015625,6857.31982421875,6855.66015625,6856.43017578125,76215300
2026-01-20 15:55:00+00:00,6861.58984375,6861.58984375,6861.25,6861.43017578125,50303135
2026-01-20 16:00:00+00:00,6861.58984375,6865.5498046875,6857.93017578125,6858.759765625,35175000
2026-01-20 16:05:00+00:00,6858.580078125,6861.35009765625,6853.7998046875,6860.990234375,32128000
2026-01-20 16:10:00+00:00,6861.0498046875,6868.7001953125,6861.0498046875,6863.330078125,33418000
2026-01-20 16:15:00+00:00,6863.47998046875,6863.6201171875,6858.83984375,6860.93994140625,28955000
2026-01-20 16:20:00+00:00,6861.06005859375,6862.72998046875,6853.830078125,6853.830078125,31158000
2026-01-20 16:25:00+00:00,6853.89013671875,6862.52001953125,6849.66015625,6862.22998046875,35468000
2026-01-20 16:30:00+00:00,6862.35009765625,6862.64013671875,6857.2099609375,6862.52978515625,30504000
2026-01-20 16:35:00+00:00,6862.58984375,6866.06005859375,6860.91015625,6866.0,31080000
2026-01-20 16:40:00+00:00,6866.10009765625,6866.7001953125,6853.14990234375,6853.5400390625,31889000
2026-01-20 16:45:00+00:00,6853.47021484375,6856.0400390625,6851.009765625,6856.0400390625,28195000
2026-01-20 16:50:00+00:00,6856.08984375,6861.43994140625,6847.47998046875,6848.27001953125,32076000
2026-01-20 16:55:00+00:00,6848.35986328125,6862.22998046875,6847.68994140625,6860.7099609375,30558000
2026-01-20 17:00:00+00:00,6860.60009765625,6862.31005859375,6858.08984375,6858.169921875,28249000
2026-01-20 17:05:00+00:00,6858.14013671875,6859.919921875,6853.0400390625,6853.41015625,36822000
2026-01-20 17:10:00+00:00,6853.41015625,6856.3701171875,6850.009765625,6853.89013671875,24936000
2026-01-20 17:15:00+00:00,6853.7900390625,6855.18994140625,6850.08984375,6851.06005859375,21265000
2026-01-20 17:20:00+00:00,6851.08984375,6851.08984375,6846.60986328125,6846.7001953125,26428000
2026-01-20 17:25:00+00:00,6846.72021484375,6849.259765625,6845.43994140625,6847.580078125,27559000
2026-01-20 17:30:00+00:00,6847.68017578125,6847.68017578125,6839.14990234375,6839.93994140625,25450000
2026-01-20 17:35:00+00:00,6840.0498046875,6843.0498046875,6837.669921875,6840.56982421875,27543000
2026-01-20 17:40:00+00:00,6840.64990234375,6845.31005859375,6836.919921875,6836.919921875,25614000
2026-01-20 17:45:00+00:00,6836.97021484375,6836.97021484375,6830.0,6830.91015625,28521000
2026-01-20 17:50:00+00:00,6830.8798828125,6834.43994140625,6828.490234375,6833.6201171875,26365000
2026-01-20 17:55:00+00:00,6833.509765625,6835.68994140625,6831.56982421875,6834.2099609375,27654000
2026-01-20 18:00:00+00:00,6834.240234375,6838.009765625,6833.1201171875,6833.240234375,23647000
2026-01-20 18:05:00+00:00,6833.259765625,6835.5498046875,6832.81005859375,6832.85009765625,23329000
2026-01-20 18:10:00+00:00,6832.7001953125,6837.16015625,6832.509765625,6834.990234375,23805000
2026-01-20 18:15:00+00:00,6835.02978515625,6835.02978515625,6830.64013671875,6831.990234375,24024000
2026-01-20 18:20:00+00:00,6832.080078125,6832.10009765625,6827.759765625,6828.31982421875,23862000
2026-01-20 18:25:00+00:00,6828.18017578125,6829.39990234375,6826.35986328125,6826.7998046875,23508000
2026-01-20 18:30:00+00:00,6826.64990234375,6827.14990234375,6821.27978515625,6822.330078125,26842000
2026-01-20 18:35:00+00:00,6822.2099609375,6823.52978515625,6817.330078125,6817.58984375,26652000
2026-01-20 18:40:00+00:00,6817.509765625,6818.580078125,6814.740234375,6814.9599609375,28243000
2026-01-20 18:45:00+00:00,6814.97998046875,6815.759765625,6812.81005859375,6812.81005859375,26849000
2026-01-20 18:50:00+00:00,6812.77001953125,6812.77001953125,6803.990234375,6804.6201171875,27349000
2026-01-20 18:55:00+00:00,6804.6298828125,6814.8701171875,6804.6298828125,6810.81005859375,28382000
2026-01-20 19:00:00+00:00,6810.740234375,6815.52001953125,6810.669921875,6810.89990234375,30629000
2026-01-20 19:05:00+00:00,6810.89013671875,6813.31982421875,6809.0,6809.81982421875,26670000
2026-01-20 19:10:00+00:00,6809.7900390625,6810.990234375,6805.22021484375,6808.259765625,24922000
2026-01-20 19:15:00+00:00,6808.14013671875,6808.14013671875,6802.9501953125,6805.10009765625,24130000
2026-01-20 19:20:00+00:00,6805.06982421875,6806.27001953125,6802.18017578125,6804.4501953125,25069000
2026-01-20 19:25:00+00:00,6804.41015625,6804.41015625,6800.77978515625,6803.43994140625,28168000
2026-01-20 19:30:00+00:00,6803.4501953125,6803.4501953125,6796.7998046875,6798.81982421875,35305000
2026-01-20 19:35:00+00:00,6798.72998046875,6804.85986328125,6796.9599609375,6803.93994140625,30745000
2026-01-20 19:40:00+00:00,6803.919921875,6807.64013671875,6801.1201171875,6801.7900390625,28382000
2026-01-20 19:45:00+00:00,6801.7099609375,6803.0498046875,6800.02001953125,6801.669921875,26729000
2026-01-20 19:50:00+00:00,6801.7001953125,6804.5,6799.47021484375,6804.5,28125000
2026-01-20 19:55:00+00:00,6804.330078125,6804.83984375,6799.41015625,6801.7900390625,28887000
2026-01-20 20:00:00+00:00,6801.9599609375,6801.9599609375,6797.93994140625,6799.77001953125,32630000
2026-01-20 20:05:00+00:00,6799.72998046875,6801.330078125,6797.18994140625,6798.02001953125,32057000
2026-01-20 20:10:00+00:00,6798.02978515625,6801.22998046875,6793.52001953125,6793.60986328125,35670000
2026-01-20 20:15:00+00:00,6793.72998046875,6803.25,6793.2099609375,6798.77001953125,41048000
2026-01-20 20:20:00+00:00,6798.72998046875,6798.72998046875,6792.85986328125,6794.6298828125,38181000
2026-01-20 20:25:00+00:00,6794.5,6800.02978515625,6794.080078125,6796.72021484375,42535000
2026-01-20 20:30:00+00:00,6796.8701171875,6799.8701171875,6794.6201171875,6797.330078125,43809000
2026-01-20 20:35:00+00:00,6797.39990234375,6798.81005859375,6793.06982421875,6793.39990234375,49498000
2026-01-20 20:40:00+00:00,6793.419921875,6794.919921875,6789.77978515625,6793.10986328125,52304000
2026-01-20 20:45:00+00:00,6792.89013671875,6795.580078125,6792.2001953125,6793.740234375,62832000
2026-01-20 20:50:00+00:00,6793.89990234375,6796.9501953125,6789.0498046875,6791.14013671875,107558000
2026-01-20 20:55:00+00:00,6791.330078125,6798.7001953125,6789.7001953125,6796.759765625,252551000
2026-01-21 14:30:00+00:00,6810.7099609375,6826.509765625,6810.7099609375,6819.33984375,0
2026-01-21 14:35:00+00:00,6819.35009765625,6830.0,6816.0400390625,6823.85986328125,76760447
2026-01-21 14:40:00+00:00,6824.169921875,6824.72998046875,6813.3701171875,6823.5,63449512
2026-01-21 14:45:00+00:00,6823.330078125,6836.1298828125,6823.330078125,6835.47021484375,60967666
2026-01-21 14:50:00+00:00,6835.64013671875,6840.41015625,6833.25,6839.4599609375,50521873
2026-01-21 14:55:00+00:00,6839.58984375,6849.97998046875,6839.35986328125,6847.8701171875,44317278
2026-01-21 15:00:00+00:00,6847.06982421875,6851.2900390625,6846.52001953125,6846.52001953125,50440601
2026-01-21 15:05:00+00:00,6846.6298828125,6851.5,6844.419921875,6844.419921875,44769355
2026-01-21 15:10:00+00:00,6844.39990234375,6846.77978515625,6840.4501953125,6845.75,47374195
2026-01-21 15:15:00+00:00,6846.0,6857.3798828125,6846.0,6851.22021484375,43531152
2026-01-21 15:20:00+00:00,6850.97021484375,6852.0400390625,6844.2998046875,6850.4599609375,42047762
2026-01-21 15:25:00+00:00,6850.68994140625,6854.0400390625,6846.47021484375,6853.43017578125,39052130
2026-01-21 15:30:00+00:00,6853.41015625,6863.22021484375,6853.22021484375,6861.509765625,43485850
2026-01-21 15:35:00+00:00,6861.4501953125,6868.009765625,6861.22021484375,6864.240234375,42542414
2026-01-21 15:40:00+00:00,6864.2001953125,6869.06982421875,6863.93017578125,6868.22021484375,38888733
2026-01-21 15:45:00+00:00,6868.06982421875,6873.93017578125,6868.06982421875,6870.35986328125,37707435
2026-01-21 15:50:00+00:00,6870.39990234375,6874.56005859375,6870.2001953125,6874.47998046875,38888404
2026-01-21 15:55:00+00:00,6874.60009765625,6874.89013671875,6870.22998046875,6870.6298828125,37692641
2026-01-21 16:00:00+00:00,6870.68017578125,6871.27978515625,6868.009765625,6868.0498046875,35580293
2026-01-21 16:05:00+00:00,6867.93994140625,6869.75,6864.35009765625,6865.330078125,34253000
2026-01-21 16:10:00+00:00,6865.22998046875,6871.759765625,6864.490234375,6865.2001953125,35856000
2026-01-21 16:15:00+00:00,6865.10986328125,6869.77001953125,6863.85986328125,6864.4599609375,36149000
2026-01-21 16:20:00+00:00,6864.47021484375,6866.169921875,6862.2099609375,6864.830078125,33453000
2026-01-21 16:25:00+00:00,6864.93017578125,6868.509765625,6861.72998046875,6865.93017578125,33367000
2026-01-21 16:30:00+00:00,6865.85986328125,6866.02978515625,6857.89013671875,6859.0498046875,35338000
2026-01-21 16:35:00+00:00,6859.2001953125,6859.330078125,6841.81982421875,6842.3701171875,34482000
2026-01-21 16:40:00+00:00,6842.2001953125,6843.9501953125,6835.8701171875,6835.8701171875,34029000
2026-01-21 16:45:00+00:00,6836.0400390625,6841.93994140625,6833.3798828125,6840.02978515625,34609000
2026-01-21 16:50:00+00:00,6839.8798828125,6840.8798828125,6830.2998046875,6832.27978515625,30133000
2026-01-21 16:55:00+00:00,6832.2001953125,6832.2001953125,6823.0498046875,6824.27978515625,28995000
2026-01-21 17:00:00+00:00,6824.1201171875,6830.0498046875,6823.31005859375,6823.490234375,29071000
2026-01-21 17:05:00+00:00,6823.4599609375,6824.2998046875,6816.35009765625,6818.9599609375,28556000
2026-01-21 17:10:00+00:00,6818.85986328125,6820.97021484375,6805.43994140625,6807.18017578125,32077000
2026-01-21 17:15:00+00:00,6807.0498046875,6819.77001953125,6804.9599609375,6816.93994140625,29533000
2026-01-21 17:20:00+00:00,6816.52001953125,6825.18994140625,6814.009765625,6824.240234375,28054000
2026-01-21 17:25:00+00:00,6824.18017578125,6826.0498046875,6817.72998046875,6821.75,26126000
2026-01-21 17:30:00+00:00,6821.75,6821.75,6813.60009765625,6817.8701171875,26114000
2026-01-21 17:35:00+00:00,6817.58984375,6821.7001953125,6813.72021484375,6820.509765625,23376000
2026-01-21 17:40:00+00:00,6820.10009765625,6822.8798828125,6816.35986328125,6816.35986328125,23341000
2026-01-21 17:45:00+00:00,6816.2998046875,6819.6201171875,6813.830078125,6819.02978515625,24975000
2026-01-21 17:50:00+00:00,6819.009765625,6829.2998046875,6816.830078125,6828.2001953125,26323000
2026-01-21 17:55:00+00:00,6828.18994140625,6832.39990234375,6825.580078125,6829.39990234375,26411000
2026-01-21 18:00:00+00:00,6829.4501953125,6830.5,6810.169921875,6812.0400390625,29171000
2026-01-21 18:05:00+00:00,6811.68994140625,6818.68994140625,6811.64013671875,6818.330078125,23204000
2026-01-21 18:10:00+00:00,6818.14013671875,6830.27001953125,6818.0498046875,6825.60986328125,23375000
2026-01-21 18:15:00+00:00,6825.43017578125,6826.89013671875,6822.240234375,6823.1201171875,22187000
2026-01-21 18:20:00+00:00,6823.080078125,6825.1298828125,6818.66015625,6819.47998046875,23645000
2026-01-21 18:25:00+00:00,6819.77001953125,6830.16015625,6819.2001953125,6828.6298828125,22309000
2026-01-21 18:30:00+00:00,6828.72998046875,6831.2900390625,6827.35986328125,6829.919921875,22632000
2026-01-21 18:35:00+00:00,6829.97998046875,6831.3798828125,6821.77001953125,6826.1298828125,25308000
2026-01-21 18:45:00+00:00,6829.39990234375,6834.39013671875,6829.1298828125,6833.8798828125,42849000
2026-01-21 18:50:00+00:00,6833.89990234375,6837.6201171875,6833.47998046875,6834.25,22616000
2026-01-21 18:55:00+00:00,6834.22021484375,6834.22021484375,6829.2099609375,6833.10986328125,22227000
2026-01-21 19:00:00+00:00,6833.08984375,6835.16015625,6827.83984375,6828.10009765625,27709000
2026-01-21 19:05:00+00:00,6828.08984375,6828.919921875,6822.72998046875,6825.5,25650000
2026-01-21 19:10:00+00:00,6825.52978515625,6829.6298828125,6824.14013671875,6824.14990234375,24548000
2026-01-21 19:15:00+00:00,6824.14013671875,6828.18994140625,6822.4501953125,6826.68017578125,26003000
2026-01-21 19:20:00+00:00,6826.85009765625,6832.41015625,6824.7099609375,6832.169921875,27871000
2026-01-21 19:25:00+00:00,6831.990234375,6872.16015625,6827.7900390625,6867.56982421875,58468000
2026-01-21 19:30:00+00:00,6867.66015625,6877.66015625,6867.66015625,6877.60009765625,52339000
2026-01-21 19:35:00+00:00,6877.64990234375,6889.22021484375,6876.56982421875,6886.14990234375,47259000
2026-01-21 19:40:00+00:00,6886.6201171875,6898.2900390625,6884.16015625,6896.1201171875,44827000
2026-01-21 19:45:00+00:00,6896.18017578125,6905.6201171875,6896.18017578125,6904.5,47869000
2026-01-21 19:50:00+00:00,6904.9599609375,6909.68994140625,6895.31982421875,6901.759765625,37058000
2026-01-21 19:55:00+00:00,6903.18017578125,6908.02978515625,6902.7099609375,6907.43017578125,42745000
2026-01-21 20:00:00+00:00,6907.6298828125,6910.39013671875,6900.509765625,6901.0498046875,37668000
2026-01-21 20:05:00+00:00,6901.1201171875,6902.16015625,6893.68994140625,6897.39013671875,35316000
2026-01-21 20:10:00+00:00,6897.490234375,6899.2900390625,6893.52978515625,6895.009765625,33731000
2026-01-21 20:15:00+00:00,6895.02001953125,6896.1201171875,6885.7998046875,6886.3798828125,41181000
2026-01-21 20:20:00+00:00,6886.60986328125,6890.02978515625,6883.25,6885.91015625,38204000
2026-01-21 20:25:00+00:00,6885.7900390625,6885.7900390625,6876.89013671875,6876.89013671875,38110000
2026-01-21 20:30:00+00:00,6877.06982421875,6882.580078125,6871.52001953125,6881.47998046875,47547000
2026-01-21 20:35:00+00:00,6881.490234375,6884.6201171875,6881.31005859375,6881.31005859375,45191000
2026-01-21 20:40:00+00:00,6881.4501953125,6883.89990234375,6877.2998046875,6878.18017578125,49483000
2026-01-21 20:45:00+00:00,6878.1298828125,6879.91015625,6875.56982421875,6878.64013671875,58874000
2026-01-21 20:50:00+00:00,6878.7099609375,6878.7099609375,6869.91015625,6876.52001953125,97031000
2026-01-21 20:55:00+00:00,6876.4599609375,6877.759765625,6872.009765625,6875.47998046875,221323000
2026-01-22 14:30:00+00:00,6914.43994140625,6929.0498046875,6914.43994140625,6924.14990234375,0
2026-01-22 14:35:00+00:00,6923.990234375,6929.7001953125,6920.169921875,6927.68017578125,69963684
2026-01-22 14:40:00+00:00,6927.56982421875,6930.43017578125,6913.830078125,6918.06005859375,56949058
2026-01-22 14:45:00+00:00,6917.919921875,6918.5498046875,6899.77978515625,6902.64013671875,59622615
2026-01-22 14:50:00+00:00,6902.60009765625,6910.85986328125,6900.490234375,6908.080078125,51874611
2026-01-22 14:55:00+00:00,6908.14013671875,6908.5498046875,6897.58984375,6902.7998046875,48060788
2026-01-22 15:00:00+00:00,6903.43017578125,6903.43017578125,6893.75,6896.990234375,53407927
2026-01-22 15:05:00+00:00,6897.06005859375,6899.08984375,6893.6201171875,6897.330078125,41460200
2026-01-22 15:10:00+00:00,6897.27001953125,6901.7998046875,6894.83984375,6897.22021484375,40971624
2026-01-22 15:15:00+00:00,6897.2001953125,6903.16015625,6895.72021484375,6901.06982421875,40211128
2026-01-22 15:20:00+00:00,6900.72021484375,6908.4501953125,6898.39990234375,6898.39990234375,41920406
2026-01-22 15:25:00+00:00,6898.39013671875,6910.0400390625,6897.18017578125,6908.77001953125,37195276
2026-01-22 15:30:00+00:00,6908.830078125,6913.02978515625,6905.31982421875,6912.7001953125,44756779
2026-01-22 15:35:00+00:00,6912.68994140625,6914.68994140625,6910.5400390625,6913.75,39798127
2026-01-22 15:40:00+00:00,6913.830078125,6915.7998046875,6910.6298828125,6915.56005859375,32356509
2026-01-22 15:45:00+00:00,6915.7001953125,6918.39990234375,6915.14990234375,6915.64990234375,35056850
2026-01-22 15:50:00+00:00,6915.39990234375,6915.47998046875,6911.080078125,6912.31005859375,31171592
2026-01-22 15:55:00+00:00,6912.2900390625,6913.3701171875,6910.10009765625,6910.10009765625,30592969
2026-01-22 16:00:00+00:00,6910.080078125,6915.72998046875,6910.080078125,6915.39990234375,30654000
2026-01-22 16:05:00+00:00,6915.2900390625,6918.27001953125,6914.08984375,6917.06005859375,28248661
2026-01-22 16:10:00+00:00,6917.06982421875,6920.66015625,6915.830078125,6920.52001953125,34974401
2026-01-22 16:15:00+00:00,6920.39990234375,6922.06005859375,6916.31982421875,6919.740234375,30261000
2026-01-22 16:20:00+00:00,6919.68017578125,6922.3798828125,6919.39990234375,6921.83984375,30765000
2026-01-22 16:25:00+00:00,6921.97021484375,6924.47021484375,6921.1298828125,6921.77978515625,30621000
2026-01-22 16:30:00+00:00,6921.64990234375,6923.31005859375,6920.56982421875,6922.08984375,29884000
2026-01-22 16:35:00+00:00,6922.18017578125,6923.47021484375,6920.66015625,6923.02978515625,27379000
2026-01-22 16:40:00+00:00,6922.9501953125,6926.02978515625,6922.39990234375,6924.7099609375,27054000
2026-01-22 16:45:00+00:00,6924.830078125,6927.25,6924.7001953125,6925.85986328125,24679000
2026-01-22 16:50:00+00:00,6925.919921875,6928.39990234375,6925.33984375,6926.02001953125,24440000
2026-01-22 16:55:00+00:00,6926.06982421875,6926.1201171875,6920.85009765625,6921.240234375,25519000
2026-01-22 17:00:00+00:00,6921.080078125,6923.89990234375,6918.10009765625,6923.85986328125,24599000
2026-01-22 17:05:00+00:00,6923.83984375,6927.5498046875,6921.81005859375,6927.02978515625,33474000
2026-01-22 17:10:00+00:00,6927.0498046875,6929.10009765625,6925.669921875,6927.22021484375,23979000
2026-01-22 17:15:00+00:00,6927.3701171875,6927.97998046875,6923.240234375,6925.10986328125,22698000
2026-01-22 17:20:00+00:00,6925.14990234375,6925.240234375,6921.4599609375,6925.18994140625,22482000
2026-01-22 17:25:00+00:00,6925.2001953125,6925.97998046875,6922.5498046875,6925.97998046875,22996000
2026-01-22 17:30:00+00:00,6926.10009765625,6932.35009765625,6926.10009765625,6931.81982421875,25686000
2026-01-22 17:35:00+00:00,6931.72998046875,6932.009765625,6929.60009765625,6930.08984375,22096000
2026-01-22 17:40:00+00:00,6930.1201171875,6932.68017578125,6930.10986328125,6931.18017578125,21882000
2026-01-22 17:45:00+00:00,6931.18994140625,6932.43994140625,6930.669921875,6931.8798828125,24348000
2026-01-22 17:50:00+00:00,6931.8798828125,6933.81982421875,6931.740234375,6933.08984375,22789000
2026-01-22 17:55:00+00:00,6933.14013671875,6934.10009765625,6931.02001953125,6933.5498046875,24263000
2026-01-22 18:00:00+00:00,6933.509765625,6934.41015625,6929.759765625,6933.64013671875,27335000
2026-01-22 18:05:00+00:00,6933.509765625,6934.75,6931.740234375,6932.39013671875,26395000
2026-01-22 18:10:00+00:00,6932.31982421875,6932.5498046875,6927.66015625,6928.22021484375,23724000
2026-01-22 18:15:00+00:00,6928.18994140625,6930.080078125,6927.10986328125,6928.81005859375,24982000
2026-01-22 18:20:00+00:00,6928.75,6931.419921875,6928.4501953125,6930.22998046875,25932000
2026-01-22 18:25:00+00:00,6930.27001953125,6930.31005859375,6928.14013671875,6928.14013671875,24554000
2026-01-22 18:30:00+00:00,6928.14013671875,6931.75,6927.66015625,6930.97021484375,25246000
2026-01-22 18:35:00+00:00,6930.919921875,6931.39990234375,6929.75,6931.2900390625,27426000
2026-01-22 18:40:00+00:00,6931.259765625,6931.47021484375,6926.97998046875,6927.68017578125,19795000
2026-01-22 18:45:00+00:00,6927.580078125,6929.83984375,6927.580078125,6928.830078125,23237000
2026-01-22 18:50:00+00:00,6928.72021484375,6928.990234375,6925.35986328125,6925.490234375,23032000
2026-01-22 18:55:00+00:00,6925.56005859375,6925.580078125,6922.25,6923.740234375,22983000
2026-01-22 19:00:00+00:00,6923.72998046875,6929.3701171875,6923.6201171875,6929.02978515625,25000000
2026-01-22 19:05:00+00:00,6929.1201171875,6931.6298828125,6928.66015625,6930.240234375,25843000
2026-01-22 19:10:00+00:00,6930.25,6932.89013671875,6929.06982421875,6930.830078125,26315000
2026-01-22 19:15:00+00:00,6930.830078125,6931.0,6928.75,6929.93994140625,22583000
2026-01-22 19:20:00+00:00,6929.9599609375,6931.85009765625,6929.27978515625,6931.43994140625,20712000
2026-01-22 19:25:00+00:00,6931.4501953125,6931.8798828125,6930.0,6930.02978515625,21251000
2026-01-22 19:30:00+00:00,6930.14013671875,6930.740234375,6927.2001953125,6927.22998046875,25215000
2026-01-22 19:35:00+00:00,6927.27001953125,6928.08984375,6922.68017578125,6922.91015625,24783000
2026-01-22 19:40:00+00:00,6923.02001953125,6925.0,6921.080078125,6921.240234375,23640000
2026-01-22 19:45:00+00:00,6921.009765625,6921.72021484375,6919.10009765625,6919.77978515625,25403000
2026-01-22 19:50:00+00:00,6919.81982421875,6921.7099609375,6917.43017578125,6917.66015625,23617000
2026-01-22 19:55:00+00:00,6917.7099609375,6918.58984375,6911.43017578125,6911.43994140625,30037000
2026-01-22 20:00:00+00:00,6911.43017578125,6914.66015625,6910.02978515625,6914.18017578125,33677000
2026-01-22 20:05:00+00:00,6913.93017578125,6915.14013671875,6911.89990234375,6912.1298828125,29435000
2026-01-22 20:10:00+00:00,6912.14990234375,6915.64990234375,6912.14013671875,6915.60986328125,32873000
2026-01-22 20:15:00+00:00,6915.60986328125,6918.330078125,6914.4599609375,6915.58984375,33227000
2026-01-22 20:20:00+00:00,6915.64990234375,6916.52001953125,6912.18017578125,6912.25,34065000
2026-01-22 20:25:00+00:00,6912.2900390625,6912.2900390625,6905.60009765625,6905.60009765625,34519000
2026-01-22 20:30:00+00:00,6905.56005859375,6906.08984375,6901.5498046875,6903.10009765625,42085000
2026-01-22 20:35:00+00:00,6903.0400390625,6903.740234375,6899.89990234375,6902.72021484375,42717000
2026-01-22 20:40:00+00:00,6902.18994140625,6906.22998046875,6900.77001953125,6905.18017578125,46429000
2026-01-22 20:45:00+00:00,6905.2099609375,6909.18994140625,6905.2099609375,6908.85009765625,55694000
2026-01-22 20:50:00+00:00,6909.35986328125,6912.5,6908.8798828125,6911.25,91192000
2026-01-22 20:55:00+00:00,6911.33984375,6913.66015625,6910.43017578125,6912.5400390625,207150000
2026-01-23 14:30:00+00:00,6907.85009765625,6912.759765625,6899.240234375,6900.8798828125,0
2026-01-23 14:35:00+00:00,6901.27001953125,6904.72998046875,6895.5,6897.7998046875,64226666
2026-01-23 14:40:00+00:00,6897.66015625,6905.35986328125,6895.72998046875,6903.580078125,55623787
2026-01-23 14:45:00+00:00,6903.6201171875,6908.919921875,6896.14990234375,6897.08984375,52816458
2026-01-23 14:50:00+00:00,6897.0400390625,6904.35986328125,6895.990234375,6903.33984375,50156049
2026-01-23 14:55:00+00:00,6903.18017578125,6911.08984375,6902.64990234375,6911.08984375,44338708
2026-01-23 15:00:00+00:00,6910.64013671875,6917.06005859375,6910.64013671875,6916.009765625,45431698
2026-01-23 15:05:00+00:00,6916.10009765625,6917.06005859375,6912.81982421875,6915.259765625,42020647
2026-01-23 15:10:00+00:00,6915.06005859375,6915.89013671875,6908.919921875,6910.009765625,42038633
2026-01-23 15:15:00+00:00,6910.0400390625,6913.27001953125,6907.0,6907.580078125,44349437
2026-01-23 15:20:00+00:00,6907.56005859375,6920.64013671875,6906.68994140625,6919.06982421875,39349590
2026-01-23 15:25:00+00:00,6919.240234375,6921.77001953125,6915.1298828125,6917.22998046875,40426236
2026-01-23 15:30:00+00:00,6917.16015625,6919.31005859375,6916.0498046875,6918.93017578125,34480628
2026-01-23 15:35:00+00:00,6918.81982421875,6921.60986328125,6918.72998046875,6921.35986328125,38285274
2026-01-23 15:40:00+00:00,6921.330078125,6922.18994140625,6919.8701171875,6920.240234375,31770620
2026-01-23 15:45:00+00:00,6920.39013671875,6927.16015625,6918.89013671875,6926.97021484375,35130148
2026-01-23 15:50:00+00:00,6926.85009765625,6928.0,6924.3798828125,6927.3701171875,31842780
2026-01-23 15:55:00+00:00,6927.35986328125,6930.5400390625,6927.1201171875,6928.66015625,33376201
2026-01-23 16:00:00+00:00,6928.6298828125,6932.9599609375,6928.6298828125,6931.7099609375,32241477
2026-01-23 16:05:00+00:00,6931.75,6931.9599609375,6925.240234375,6929.0,32128051
2026-01-23 16:10:00+00:00,6928.89990234375,6930.27001953125,6927.56005859375,6929.14013671875,29564335
2026-01-23 16:15:00+00:00,6929.14990234375,6931.3798828125,6926.8798828125,6930.5,27082773
2026-01-23 16:20:00+00:00,6930.35986328125,6930.35986328125,6925.6201171875,6927.81005859375,29429000
2026-01-23 16:25:00+00:00,6927.8701171875,6928.75,6922.89013671875,6924.2001953125,30776000
2026-01-23 16:30:00+00:00,6924.08984375,6925.89013671875,6917.759765625,6919.52001953125,29422000
2026-01-23 16:35:00+00:00,6919.509765625,6928.47998046875,6918.47998046875,6927.60986328125,28390000
2026-01-23 16:40:00+00:00,6927.77978515625,6928.7001953125,6924.27001953125,6927.33984375,30368000
2026-01-23 16:45:00+00:00,6927.259765625,6929.2001953125,6923.490234375,6928.02978515625,27822000
2026-01-23 16:50:00+00:00,6928.0,6928.330078125,6922.22021484375,6923.509765625,36874000
2026-01-23 16:55:00+00:00,6923.5,6923.7099609375,6919.68994140625,6920.58984375,25384000
2026-01-23 17:00:00+00:00,6920.52001953125,6924.31982421875,6916.52001953125,6923.43017578125,27716000
2026-01-23 17:05:00+00:00,6923.43994140625,6924.06982421875,6920.75,6922.3701171875,26061000
2026-01-23 17:10:00+00:00,6922.18017578125,6925.64990234375,6921.6201171875,6925.64990234375,23869000
2026-01-23 17:15:00+00:00,6925.830078125,6925.93994140625,6921.39013671875,6923.419921875,23574000
2026-01-23 17:20:00+00:00,6923.35986328125,6923.77001953125,6921.35986328125,6921.3701171875,22238000
2026-01-23 17:25:00+00:00,6921.3798828125,6926.259765625,6921.2099609375,6925.3701171875,23668000
2026-01-23 17:30:00+00:00,6925.18017578125,6925.72021484375,6920.259765625,6920.52978515625,22757000
2026-01-23 17:35:00+00:00,6920.490234375,6923.56005859375,6920.490234375,6921.77978515625,21947000
2026-01-23 17:40:00+00:00,6921.759765625,6921.7900390625,6910.85009765625,6911.3798828125,26247000
2026-01-23 17:45:00+00:00,6911.3701171875,6913.77978515625,6907.7998046875,6912.14013671875,23320000
2026-01-23 17:50:00+00:00,6911.9599609375,6912.35009765625,6903.16015625,6904.7998046875,26796000
2026-01-23 17:55:00+00:00,6904.77001953125,6907.72021484375,6901.02978515625,6902.91015625,25732000
2026-01-23 18:00:00+00:00,6903.009765625,6907.93994140625,6902.330078125,6906.9599609375,29319000
2026-01-23 18:05:00+00:00,6906.8701171875,6911.240234375,6902.52001953125,6911.02001953125,25734000
2026-01-23 18:10:00+00:00,6911.2099609375,6913.02978515625,6907.64990234375,6908.16015625,25435000
2026-01-23 18:15:00+00:00,6908.18017578125,6913.169921875,6907.7099609375,6911.2099609375,20903000
2026-01-23 18:20:00+00:00,6911.22998046875,6912.72998046875,6907.97021484375,6911.259765625,20327000
2026-01-23 18:25:00+00:00,6911.47021484375,6914.31005859375,6911.22998046875,6912.68994140625,22102000
2026-01-23 18:30:00+00:00,6912.669921875,6914.169921875,6907.97021484375,6909.10009765625,25195000
2026-01-23 18:35:00+00:00,6909.08984375,6915.259765625,6908.93017578125,6914.18017578125,21870000
2026-01-23 18:40:00+00:00,6914.16015625,6914.39013671875,6910.27001953125,6910.4599609375,20539000
2026-01-23 18:45:00+00:00,6910.43017578125,6911.97998046875,6907.2900390625,6911.10009765625,21060000
2026-01-23 18:50:00+00:00,6911.10009765625,6912.740234375,6908.990234375,6910.8701171875,20042000
2026-01-23 18:55:00+00:00,6910.91015625,6913.81005859375,6910.43017578125,6912.81005859375,21801000
2026-01-23 19:00:00+00:00,6912.740234375,6918.64990234375,6912.68994140625,6918.10986328125,26241000
2026-01-23 19:05:00+00:00,6918.10986328125,6921.419921875,6917.68994140625,6920.41015625,22935000
2026-01-23 19:10:00+00:00,6920.31982421875,6921.4501953125,6917.72021484375,6918.419921875,21643000
2026-01-23 19:15:00+00:00,6918.3798828125,6921.0,6917.85009765625,6920.35986328125,20026000
2026-01-23 19:20:00+00:00,6920.43994140625,6924.509765625,6920.14013671875,6923.47021484375,22237000
2026-01-23 19:25:00+00:00,6923.490234375,6924.47021484375,6918.990234375,6918.990234375,21933000
2026-01-23 19:30:00+00:00,6919.080078125,6921.72998046875,6918.22021484375,6919.0498046875,22341000
2026-01-23 19:35:00+00:00,6919.10986328125,6920.740234375,6914.81982421875,6915.759765625,21877000
2026-01-23 19:40:00+00:00,6915.66015625,6918.77001953125,6912.8798828125,6917.93994140625,24210000
2026-01-23 19:45:00+00:00,6917.919921875,6918.669921875,6915.68017578125,6915.68017578125,22243000
2026-01-23 19:50:00+00:00,6915.60986328125,6918.35009765625,6914.77001953125,6916.509765625,20645000
2026-01-23 19:55:00+00:00,6916.66015625,6919.5,6916.5,6918.60009765625,21368000
2026-01-23 20:00:00+00:00,6918.60009765625,6918.93994140625,6915.4599609375,6915.56005859375,24712000
2026-01-23 20:05:00+00:00,6915.60009765625,6916.56005859375,6911.72998046875,6911.72998046875,26224000
2026-01-23 20:10:00+00:00,6911.66015625,6915.33984375,6908.93017578125,6914.66015625,25264000
2026-01-23 20:15:00+00:00,6914.4501953125,6918.169921875,6914.3701171875,6916.66015625,26991000
2026-01-23 20:20:00+00:00,6916.58984375,6916.58984375,6913.39990234375,6914.18017578125,30736000
2026-01-23 20:25:00+00:00,6914.169921875,6914.27001953125,6911.43017578125,6911.6298828125,32098000
2026-01-23 20:30:00+00:00,6911.5498046875,6912.080078125,6908.759765625,6911.9599609375,39351000
2026-01-23 20:35:00+00:00,6911.89990234375,6912.47021484375,6909.169921875,6912.35986328125,36278000
2026-01-23 20:40:00+00:00,6912.39990234375,6916.47998046875,6912.39990234375,6915.509765625,45896000
2026-01-23 20:45:00+00:00,6915.3701171875,6916.990234375,6914.419921875,6916.8798828125,51283000
2026-01-23 20:50:00+00:00,6917.0,6917.47998046875,6911.7001953125,6914.2001953125,90577000
2026-01-23 20:55:00+00:00,6914.14990234375,6918.9599609375,6911.85986328125,6915.16015625,201955000
2026-01-26 14:30:00+00:00,6923.22998046875,6936.8701171875,6921.60009765625,6935.89013671875,0
2026-01-26 14:35:00+00:00,6935.97021484375,6943.81005859375,6935.97021484375,6941.64990234375,54963376
2026-01-26 14:40:00+00:00,6941.47998046875,6946.56005859375,6938.990234375,6945.5,53791241
2026-01-26 14:45:00+00:00,6945.419921875,6948.990234375,6945.3798828125,6945.3798828125,46658395
2026-01-26 14:50:00+00:00,6945.7001953125,6950.02001953125,6944.93994140625,6947.75,39152308
2026-01-26 14:55:00+00:00,6947.77001953125,6949.77978515625,6945.16015625,6945.85986328125,43921045
2026-01-26 15:00:00+00:00,6945.27978515625,6946.85986328125,6943.2099609375,6945.81982421875,39636727
2026-01-26 15:05:00+00:00,6945.7099609375,6946.85009765625,6943.330078125,6943.35986328125,35853257
2026-01-26 15:10:00+00:00,6943.2900390625,6949.9501953125,6940.8701171875,6949.39013671875,39070762
2026-01-26 15:15:00+00:00,6949.43994140625,6954.77001953125,6948.2900390625,6954.6201171875,34234709
2026-01-26 15:20:00+00:00,6954.72998046875,6957.4599609375,6954.6201171875,6956.7998046875,33520806
2026-01-26 15:25:00+00:00,6956.8798828125,6957.31005859375,6948.81982421875,6948.93994140625,35265512
2026-01-26 15:30:00+00:00,6949.27001953125,6954.31005859375,6947.83984375,6952.47021484375,33940459
2026-01-26 15:35:00+00:00,6952.35986328125,6953.830078125,6950.490234375,6951.02978515625,29696098
2026-01-26 15:40:00+00:00,6951.18017578125,6951.60009765625,6945.39990234375,6946.10986328125,28890980
2026-01-26 15:45:00+00:00,6946.1201171875,6954.02001953125,6946.1201171875,6952.77978515625,27777688
2026-01-26 15:50:00+00:00,6952.85986328125,6956.97021484375,6952.85986328125,6955.2099609375,27487136
2026-01-26 15:55:00+00:00,6955.2998046875,6956.85009765625,6952.97021484375,6953.8701171875,33018594
2026-01-26 16:00:00+00:00,6953.66015625,6954.56982421875,6950.60986328125,6952.4599609375,34472522
2026-01-26 16:05:00+00:00,6952.509765625,6953.259765625,6949.47998046875,6952.330078125,30813687
2026-01-26 16:10:00+00:00,6952.35009765625,6952.83984375,6950.35009765625,6951.8798828125,28941745
2026-01-26 16:15:00+00:00,6951.81005859375,6952.2900390625,6947.7099609375,6948.490234375,30462236
2026-01-26 16:20:00+00:00,6948.3798828125,6953.60009765625,6946.009765625,6953.5498046875,26270030
2026-01-26 16:25:00+00:00,6953.5,6956.02001953125,6952.47021484375,6954.58984375,23647274
2026-01-26 16:30:00+00:00,6954.52001953125,6956.60986328125,6953.3701171875,6953.419921875,28502912
2026-01-26 16:35:00+00:00,6953.27978515625,6955.75,6952.240234375,6954.02001953125,25459644
2026-01-26 16:40:00+00:00,6953.919921875,6954.52001953125,6952.169921875,6952.77978515625,23720000
2026-01-26 16:45:00+00:00,6952.75,6954.5400390625,6951.35986328125,6953.3798828125,23894000
2026-01-26 16:50:00+00:00,6953.41015625,6955.419921875,6952.8701171875,6954.5,21395000
2026-01-26 16:55:00+00:00,6954.60009765625,6956.06005859375,6953.66015625,6954.60986328125,22897000
2026-01-26 17:00:00+00:00,6954.68994140625,6959.77978515625,6953.97998046875,6959.02978515625,23045000
2026-01-26 17:05:00+00:00,6959.02978515625,6960.52978515625,6957.93994140625,6957.9599609375,20403000
2026-01-26 17:10:00+00:00,6957.830078125,6958.68994140625,6956.169921875,6958.419921875,21461000
2026-01-26 17:15:00+00:00,6958.35986328125,6959.68017578125,6957.6201171875,6958.5400390625,20067000
2026-01-26 17:20:00+00:00,6958.7099609375,6960.39990234375,6958.0,6959.259765625,21715000
2026-01-26 17:25:00+00:00,6959.259765625,6960.06005859375,6958.3798828125,6958.5498046875,20241000
2026-01-26 17:30:00+00:00,6958.490234375,6958.93994140625,6956.259765625,6957.7001953125,21239000
2026-01-26 17:35:00+00:00,6957.740234375,6958.7900390625,6956.72998046875,6958.14990234375,21800000
2026-01-26 17:40:00+00:00,6958.2001953125,6959.35009765625,6957.2001953125,6959.18017578125,19458000
2026-01-26 17:45:00+00:00,6959.169921875,6959.169921875,6954.41015625,6955.22021484375,22085000
2026-01-26 17:50:00+00:00,6955.10986328125,6956.93017578125,6953.81005859375,6956.31005859375,20183000
2026-01-26 17:55:00+00:00,6956.27001953125,6957.31005859375,6954.56005859375,6956.06005859375,19091000
2026-01-26 18:00:00+00:00,6956.10986328125,6956.89990234375,6954.33984375,6955.64990234375,19870000
2026-01-26 18:05:00+00:00,6955.56982421875,6955.64013671875,6952.47021484375,6953.02001953125,21227000
2026-01-26 18:10:00+00:00,6953.06982421875,6954.8798828125,6953.06982421875,6953.97998046875,20156000
2026-01-26 18:15:00+00:00,6954.009765625,6958.0400390625,6953.0498046875,6957.64013671875,17836000
2026-01-26 18:20:00+00:00,6957.7099609375,6960.5400390625,6957.2998046875,6960.419921875,17175000
2026-01-26 18:25:00+00:00,6960.419921875,6961.75,6959.0498046875,6961.22998046875,17688000
2026-01-26 18:30:00+00:00,6961.14990234375,6964.66015625,6960.919921875,6963.81005859375,19950000
2026-01-26 18:35:00+00:00,6963.85009765625,6963.97021484375,6960.259765625,6960.39013671875,20855000
2026-01-26 18:40:00+00:00,6960.4501953125,6960.66015625,6958.31982421875,6958.81005859375,20596000
2026-01-26 18:45:00+00:00,6958.81982421875,6958.97021484375,6957.0400390625,6958.8701171875,18117000
2026-01-26 18:50:00+00:00,6958.85986328125,6960.33984375,6957.93017578125,6959.990234375,17672000
2026-01-26 18:55:00+00:00,6960.080078125,6960.2099609375,6958.25,6959.2900390625,23709000
2026-01-26 19:00:00+00:00,6959.259765625,6960.240234375,6958.33984375,6959.0,22892000
2026-01-26 19:05:00+00:00,6958.990234375,6961.490234375,6958.490234375,6961.06982421875,19897000
2026-01-26 19:10:00+00:00,6961.080078125,6962.97998046875,6961.0498046875,6961.2099609375,19890000
2026-01-26 19:15:00+00:00,6961.240234375,6962.009765625,6960.52001953125,6961.6298828125,19485000
2026-01-26 19:20:00+00:00,6961.6298828125,6961.6298828125,6958.1298828125,6958.7998046875,17827000
2026-01-26 19:25:00+00:00,6958.740234375,6961.85986328125,6958.2001953125,6961.85009765625,19733000
2026-01-26 19:30:00+00:00,6961.77001953125,6962.419921875,6959.93017578125,6960.7001953125,20939000
2026-01-26 19:35:00+00:00,6960.669921875,6961.58984375,6959.419921875,6961.25,20115000
2026-01-26 19:40:00+00:00,6961.18017578125,6963.330078125,6960.64990234375,6962.27001953125,18891000
2026-01-26 19:45:00+00:00,6962.25,6962.68994140625,6960.02001953125,6960.81005859375,22505000
2026-01-26 19:50:00+00:00,6960.990234375,6961.72998046875,6959.27978515625,6959.52978515625,20896000
2026-01-26 19:55:00+00:00,6959.52001953125,6961.5498046875,6958.68017578125,6959.0,22658000
2026-01-26 20:00:00+00:00,6958.97021484375,6960.35986328125,6957.669921875,6960.35986328125,24717000
2026-01-26 20:05:00+00:00,6960.419921875,6960.8701171875,6959.5498046875,6960.27978515625,27127000
2026-01-26 20:10:00+00:00,6960.2900390625,6960.66015625,6958.8798828125,6959.919921875,25720000
2026-01-26 20:15:00+00:00,6959.990234375,6960.06982421875,6957.669921875,6958.60986328125,30252000
2026-01-26 20:20:00+00:00,6958.60986328125,6960.56982421875,6958.14990234375,6959.990234375,34115000
2026-01-26 20:25:00+00:00,6959.93994140625,6960.009765625,6958.72998046875,6958.89990234375,27874000
2026-01-26 20:30:00+00:00,6958.83984375,6961.2998046875,6958.7001953125,6960.669921875,32346000
2026-01-26 20:35:00+00:00,6960.7099609375,6961.52978515625,6959.75,6959.83984375,35896000
2026-01-26 20:40:00+00:00,6959.85986328125,6960.18994140625,6957.7998046875,6959.169921875,38376000
2026-01-26 20:45:00+00:00,6959.0400390625,6960.990234375,6958.35986328125,6959.9599609375,44345000
2026-01-26 20:50:00+00:00,6960.240234375,6960.240234375,6952.39990234375,6953.330078125,84299000
2026-01-26 20:55:00+00:00,6953.27001953125,6953.27001953125,6949.5400390625,6950.14990234375,189881000
2026-01-27 14:30:00+00:00,6965.9599609375,6969.39990234375,6962.39990234375,6965.89013671875,0
2026-01-27 14:35:00+00:00,6966.22021484375,6967.1298828125,6959.16015625,6959.16015625,61298314
2026-01-27 14:40:00+00:00,6959.10009765625,6967.509765625,6958.830078125,6965.22998046875,53868671
2026-01-27 14:45:00+00:00,6965.4599609375,6969.330078125,6965.4599609375,6968.27978515625,52630652
2026-01-27 14:50:00+00:00,6968.259765625,6977.2001953125,6968.259765625,6976.89990234375,46534626
2026-01-27 14:55:00+00:00,6976.759765625,6978.43994140625,6975.080078125,6976.2001953125,45008441
2026-01-27 15:00:00+00:00,6975.60986328125,6977.580078125,6974.58984375,6975.22998046875,47687027
2026-01-27 15:05:00+00:00,6975.31982421875,6976.58984375,6968.830078125,6976.419921875,45872143
2026-01-27 15:10:00+00:00,6976.56005859375,6977.27001953125,6974.0,6975.64013671875,42969997
2026-01-27 15:15:00+00:00,6975.22021484375,6976.3798828125,6973.16015625,6975.7998046875,42278798
2026-01-27 15:20:00+00:00,6975.8701171875,6977.35009765625,6973.169921875,6974.93017578125,38183297
2026-01-27 15:25:00+00:00,6974.97998046875,6974.97998046875,6971.169921875,6971.81982421875,43468127
2026-01-27 15:30:00+00:00,6971.60986328125,6976.3701171875,6970.97021484375,6976.3701171875,37584216
2026-01-27 15:35:00+00:00,6976.2900390625,6980.75,6976.25,6978.58984375,36493367
2026-01-27 15:40:00+00:00,6978.8701171875,6982.47998046875,6978.5,6981.89013671875,34269007
2026-01-27 15:45:00+00:00,6981.9599609375,6984.89013671875,6981.68994140625,6984.0498046875,33624224
2026-01-27 15:50:00+00:00,6983.97998046875,6983.97998046875,6981.6298828125,6982.64013671875,32198762
2026-01-27 15:55:00+00:00,6982.81005859375,6983.5498046875,6981.18017578125,6983.47998046875,34797500
2026-01-27 16:00:00+00:00,6983.5400390625,6985.52978515625,6983.419921875,6984.7998046875,31325761
2026-01-27 16:05:00+00:00,6984.759765625,6986.2900390625,6984.14013671875,6984.7001953125,29352346
2026-01-27 16:10:00+00:00,6984.81982421875,6986.3798828125,6984.419921875,6985.8798828125,29384739
2026-01-27 16:15:00+00:00,6986.02001953125,6988.1298828125,6985.009765625,6987.7998046875,35880222
2026-01-27 16:20:00+00:00,6987.93994140625,6988.72021484375,6986.64990234375,6987.22998046875,28125000
2026-01-27 16:25:00+00:00,6987.2099609375,6987.9501953125,6985.580078125,6985.830078125,28914000
2026-01-27 16:30:00+00:00,6985.8798828125,6987.740234375,6985.22998046875,6986.2099609375,29317000
2026-01-27 16:35:00+00:00,6986.27978515625,6988.35009765625,6986.0400390625,6987.759765625,27526000
2026-01-27 16:40:00+00:00,6987.81005859375,6988.81982421875,6987.2998046875,6987.2998046875,24192000
2026-01-27 16:45:00+00:00,6987.2001953125,6987.72998046875,6985.47021484375,6987.2900390625,28594000
2026-01-27 16:50:00+00:00,6987.35009765625,6987.47021484375,6984.97021484375,6985.33984375,26270000
2026-01-27 16:55:00+00:00,6985.240234375,6986.43017578125,6983.72998046875,6983.9501953125,26938000
2026-01-27 17:00:00+00:00,6983.85986328125,6984.81005859375,6983.06005859375,6984.080078125,25908000
2026-01-27 17:05:00+00:00,6984.16015625,6984.16015625,6982.4501953125,6983.72021484375,27065000
2026-01-27 17:10:00+00:00,6983.75,6983.75,6981.02001953125,6981.60009765625,24107000
2026-01-27 17:15:00+00:00,6981.39990234375,6981.47998046875,6977.22021484375,6979.08984375,24979000
2026-01-27 17:20:00+00:00,6979.009765625,6980.8798828125,6978.2900390625,6979.97021484375,22957000
2026-01-27 17:25:00+00:00,6979.97998046875,6984.4599609375,6979.91015625,6983.35986328125,23411000
2026-01-27 17:30:00+00:00,6983.3701171875,6984.10009765625,6980.85009765625,6981.10986328125,26398000
2026-01-27 17:35:00+00:00,6980.990234375,6981.1201171875,6978.83984375,6980.14013671875,22151000
2026-01-27 17:40:00+00:00,6980.16015625,6982.35009765625,6979.1201171875,6979.7001953125,23103000
2026-01-27 17:45:00+00:00,6979.6201171875,6980.85986328125,6978.8701171875,6980.10009765625,22570000
2026-01-27 17:50:00+00:00,6980.02001953125,6980.56005859375,6978.06982421875,6978.60986328125,23384000
2026-01-27 17:55:00+00:00,6978.58984375,6979.0498046875,6976.7998046875,6977.5,21776000
2026-01-27 18:00:00+00:00,6977.5498046875,6977.75,6972.75,6974.39013671875,26611000
2026-01-27 18:05:00+00:00,6974.4501953125,6975.22998046875,6972.740234375,6974.25,23099000
2026-01-27 18:10:00+00:00,6974.33984375,6978.02001953125,6973.2900390625,6977.64990234375,23464000
2026-01-27 18:15:00+00:00,6977.56982421875,6980.3701171875,6977.33984375,6980.3701171875,21816000
2026-01-27 18:20:00+00:00,6980.47021484375,6982.990234375,6980.25,6982.990234375,23026000
2026-01-27 18:25:00+00:00,6983.02001953125,6983.02001953125,6980.3701171875,6981.3798828125,25282000
2026-01-27 18:30:00+00:00,6981.419921875,6984.7998046875,6981.35986328125,6983.330078125,25071000
2026-01-27 18:35:00+00:00,6983.35009765625,6983.4501953125,6981.7900390625,6982.169921875,20959000
2026-01-27 18:40:00+00:00,6982.18017578125,6982.6201171875,6980.68017578125,6981.08984375,20725000
2026-01-27 18:45:00+00:00,6981.0498046875,6983.02001953125,6980.8701171875,6982.4599609375,21457000
2026-01-27 18:50:00+00:00,6982.419921875,6983.509765625,6982.419921875,6983.22021484375,23644000
2026-01-27 18:55:00+00:00,6983.259765625,6985.14013671875,6982.64013671875,6983.5400390625,22186000
2026-01-27 19:00:00+00:00,6983.56982421875,6983.56982421875,6981.31982421875,6982.18994140625,26382000
2026-01-27 19:05:00+00:00,6982.22998046875,6982.8701171875,6980.56005859375,6981.6298828125,25132000
2026-01-27 19:10:00+00:00,6981.64013671875,6983.72021484375,6980.75,6982.97021484375,26002000
2026-01-27 19:15:00+00:00,6983.06005859375,6983.9599609375,6982.64013671875,6983.47021484375,23527000
2026-01-27 19:20:00+00:00,6983.3798828125,6984.4599609375,6983.009765625,6984.31005859375,24243000
2026-01-27 19:25:00+00:00,6984.419921875,6985.7001953125,6983.66015625,6985.16015625,25413000
2026-01-27 19:30:00+00:00,6985.2001953125,6986.89013671875,6985.2001953125,6985.22021484375,25227000
2026-01-27 19:35:00+00:00,6985.169921875,6985.77978515625,6984.58984375,6985.1298828125,23799000
2026-01-27 19:40:00+00:00,6985.14013671875,6985.6201171875,6983.77001953125,6985.18994140625,24104000
2026-01-27 19:45:00+00:00,6985.2099609375,6985.43017578125,6983.1298828125,6984.85009765625,24314000
2026-01-27 19:50:00+00:00,6984.83984375,6985.43017578125,6983.77978515625,6984.77978515625,24712000
2026-01-27 19:55:00+00:00,6984.77978515625,6985.1201171875,6983.68994140625,6984.10009765625,26911000
2026-01-27 20:00:00+00:00,6984.10009765625,6985.68994140625,6983.4501953125,6985.080078125,27004000
2026-01-27 20:05:00+00:00,6985.16015625,6985.27978515625,6983.7001953125,6985.02978515625,30344000
2026-01-27 20:10:00+00:00,6984.93994140625,6987.6298828125,6984.93994140625,6987.06005859375,30939000
2026-01-27 20:15:00+00:00,6987.080078125,6987.14990234375,6985.25,6986.31982421875,29385000
2026-01-27 20:20:00+00:00,6986.27001953125,6986.89990234375,6984.7900390625,6984.7900390625,31084000
2026-01-27 20:25:00+00:00,6984.91015625,6984.91015625,6982.97021484375,6983.58984375,32781000
2026-01-27 20:30:00+00:00,6983.56005859375,6984.5400390625,6981.56005859375,6984.4599609375,44684000
2026-01-27 20:35:00+00:00,6984.47998046875,6984.47998046875,6982.8798828125,6983.56005859375,37541000
2026-01-27 20:40:00+00:00,6983.56005859375,6983.759765625,6981.75,6983.02001953125,43761000
2026-01-27 20:45:00+00:00,6982.97998046875,6984.89990234375,6981.4599609375,6984.77978515625,53115000
2026-01-27 20:50:00+00:00,6984.990234375,6984.990234375,6979.72998046875,6979.8798828125,86276000
2026-01-27 20:55:00+00:00,6979.9599609375,6980.66015625,6978.1298828125,6978.580078125,191436000
2026-01-28 14:30:00+00:00,7002.0,7002.27978515625,6996.2900390625,6997.9501953125,0
2026-01-28 14:35:00+00:00,6997.830078125,6999.72998046875,6994.22021484375,6995.3701171875,64586247
2026-01-28 14:40:00+00:00,6995.7001953125,7000.47998046875,6995.5,7000.47998046875,58272448
2026-01-28 14:45:00+00:00,7000.56982421875,7002.25,6993.72998046875,6995.52978515625,49004347
2026-01-28 14:50:00+00:00,6995.72021484375,7000.91015625,6995.5400390625,7000.47021484375,47992179
2026-01-28 14:55:00+00:00,7000.75,7000.919921875,6994.2099609375,6994.43017578125,43929108
2026-01-28 15:00:00+00:00,6994.7001953125,6996.47998046875,6991.81982421875,6994.81982421875,45514657
2026-01-28 15:05:00+00:00,6994.47021484375,6994.68994140625,6988.33984375,6989.93994140625,41489276
2026-01-28 15:10:00+00:00,6990.1298828125,6990.1298828125,6984.5498046875,6984.77001953125,37061270
2026-01-28 15:15:00+00:00,6984.759765625,6991.02001953125,6983.75,6988.85009765625,37058550
2026-01-28 15:20:00+00:00,6988.81982421875,6994.2099609375,6988.72021484375,6992.43017578125,32382563
2026-01-28 15:25:00+00:00,6992.3701171875,6992.60009765625,6988.77001953125,6988.97998046875,32917245
2026-01-28 15:30:00+00:00,6988.990234375,6991.25,6985.16015625,6985.16015625,34030482
2026-01-28 15:35:00+00:00,6985.18017578125,6991.0,6984.97998046875,6990.0,30378668
2026-01-28 15:40:00+00:00,6990.06005859375,6990.31005859375,6981.4599609375,6981.9599609375,30874129
2026-01-28 15:45:00+00:00,6981.830078125,6983.97998046875,6980.58984375,6982.0498046875,31173928
2026-01-28 15:50:00+00:00,6982.18994140625,6982.43017578125,6979.990234375,6981.47998046875,32270735
2026-01-28 15:55:00+00:00,6981.6298828125,6982.60009765625,6978.669921875,6978.68994140625,28895208
2026-01-28 16:00:00+00:00,6978.7998046875,6984.39990234375,6978.7998046875,6984.080078125,29002054
2026-01-28 16:05:00+00:00,6984.14990234375,6986.35009765625,6982.5498046875,6984.47998046875,27720858
2026-01-28 16:10:00+00:00,6984.580078125,6986.4599609375,6982.39990234375,6983.7900390625,29303866
2026-01-28 16:15:00+00:00,6983.8798828125,6984.4501953125,6981.1201171875,6981.1201171875,25518842
2026-01-28 16:20:00+00:00,6981.1298828125,6982.06982421875,6978.22998046875,6980.5498046875,27280289
2026-01-28 16:25:00+00:00,6980.5498046875,6984.6201171875,6979.7001953125,6984.31005859375,31356830
2026-01-28 16:30:00+00:00,6985.27001953125,6985.27001953125,6976.89013671875,6976.9599609375,31990000
2026-01-28 16:35:00+00:00,6976.83984375,6978.06005859375,6975.509765625,6976.9599609375,26776000
2026-01-28 16:40:00+00:00,6977.009765625,6977.009765625,6970.97021484375,6971.25,27996000
2026-01-28 16:45:00+00:00,6971.2998046875,6974.39990234375,6971.10986328125,6973.68017578125,27455000
2026-01-28 16:50:00+00:00,6973.68017578125,6973.8798828125,6968.22998046875,6969.14013671875,29305000
2026-01-28 16:55:00+00:00,6969.169921875,6972.009765625,6968.56982421875,6970.06005859375,26470000
2026-01-28 17:00:00+00:00,6970.14013671875,6974.77001953125,6969.89013671875,6973.8701171875,25131000
2026-01-28 17:05:00+00:00,6973.81982421875,6975.009765625,6971.31982421875,6973.4501953125,24481000
2026-01-28 17:10:00+00:00,6973.4599609375,6977.97021484375,6973.4599609375,6977.830078125,25804000
2026-01-28 17:15:00+00:00,6977.81005859375,6979.0498046875,6975.3798828125,6979.0498046875,29129000
2026-01-28 17:20:00+00:00,6979.14990234375,6979.64990234375,6971.509765625,6971.7001953125,23642000
2026-01-28 17:25:00+00:00,6971.5400390625,6972.10009765625,6969.919921875,6971.7900390625,20809000
2026-01-28 17:30:00+00:00,6971.77978515625,6971.77978515625,6968.43994140625,6968.580078125,26195000
2026-01-28 17:35:00+00:00,6968.56982421875,6970.830078125,6968.56982421875,6969.85986328125,21470000
2026-01-28 17:40:00+00:00,6969.89990234375,6972.990234375,6969.330078125,6972.009765625,27479000
2026-01-28 17:45:00+00:00,6971.97998046875,6973.919921875,6970.2900390625,6972.56982421875,20771000
2026-01-28 17:50:00+00:00,6972.52978515625,6977.47998046875,6972.41015625,6977.18994140625,22124000
2026-01-28 17:55:00+00:00,6977.2001953125,6977.4501953125,6971.56982421875,6971.64990234375,25856000
2026-01-28 18:00:00+00:00,6971.7099609375,6974.22021484375,6969.0400390625,6974.0400390625,26183000
2026-01-28 18:05:00+00:00,6974.1201171875,6975.7998046875,6973.75,6974.0498046875,23432000
2026-01-28 18:10:00+00:00,6974.0498046875,6975.25,6971.419921875,6974.85986328125,22571000
2026-01-28 18:15:00+00:00,6974.93017578125,6976.60009765625,6974.56005859375,6976.240234375,19171000
2026-01-28 18:20:00+00:00,6976.2099609375,6977.60009765625,6975.31982421875,6975.81982421875,19394000
2026-01-28 18:25:00+00:00,6975.83984375,6976.02978515625,6974.02001953125,6974.830078125,19952000
2026-01-28 18:30:00+00:00,6974.81005859375,6975.83984375,6973.5400390625,6974.3701171875,21206000
2026-01-28 18:35:00+00:00,6974.259765625,6976.35986328125,6972.330078125,6972.52978515625,21301000
2026-01-28 18:40:00+00:00,6972.2900390625,6974.68994140625,6972.0498046875,6973.39013671875,21249000
2026-01-28 18:45:00+00:00,6973.33984375,6973.6298828125,6971.0498046875,6972.5498046875,22866000
2026-01-28 18:50:00+00:00,6972.56982421875,6974.97998046875,6972.22021484375,6973.6298828125,24524000
2026-01-28 18:55:00+00:00,6973.490234375,6974.740234375,6972.14990234375,6973.8798828125,24562000
2026-01-28 19:00:00+00:00,6973.8701171875,6979.18017578125,6964.68994140625,6973.33984375,29749000
2026-01-28 19:05:00+00:00,6973.27001953125,6975.580078125,6970.58984375,6974.27001953125,24925000
2026-01-28 19:10:00+00:00,6974.22021484375,6976.830078125,6972.14013671875,6972.91015625,26914000
2026-01-28 19:15:00+00:00,6972.81982421875,6973.990234375,6969.81005859375,6973.27978515625,25485000
2026-01-28 19:20:00+00:00,6973.31005859375,6976.2001953125,6969.2998046875,6975.5498046875,26551000
2026-01-28 19:25:00+00:00,6975.56982421875,6976.81982421875,6964.22021484375,6964.43017578125,34197000
2026-01-28 19:30:00+00:00,6964.43994140625,6983.6201171875,6963.4599609375,6974.080078125,82806000
2026-01-28 19:35:00+00:00,6974.2001953125,6977.83984375,6970.7099609375,6970.7099609375,37267000
2026-01-28 19:40:00+00:00,6970.72021484375,6972.080078125,6965.7099609375,6970.31982421875,32528000
2026-01-28 19:45:00+00:00,6970.2099609375,6980.31005859375,6969.33984375,6977.93017578125,30422000
2026-01-28 19:50:00+00:00,6977.9599609375,6981.080078125,6975.580078125,6980.10986328125,29583000
2026-01-28 19:55:00+00:00,6979.93017578125,6979.93017578125,6971.8798828125,6971.8798828125,30617000
2026-01-28 20:00:00+00:00,6971.93017578125,6979.669921875,6971.4501953125,6978.27001953125,30454000
2026-01-28 20:05:00+00:00,6978.3798828125,6983.2099609375,6978.2099609375,6983.0400390625,29190000
2026-01-28 20:10:00+00:00,6982.9599609375,6985.2998046875,6980.91015625,6980.93994140625,35295000
2026-01-28 20:15:00+00:00,6981.02978515625,6982.3798828125,6978.919921875,6981.97998046875,32989000
2026-01-28 20:20:00+00:00,6982.1201171875,6985.5400390625,6980.75,6984.10009765625,36116000
2026-01-28 20:25:00+00:00,6984.2099609375,6984.2099609375,6977.60986328125,6977.68017578125,34183000
2026-01-28 20:30:00+00:00,6977.56982421875,6979.0400390625,6974.9599609375,6974.9599609375,40002000
2026-01-28 20:35:00+00:00,6974.89013671875,6979.60986328125,6974.2001953125,6978.330078125,42998000
2026-01-28 20:40:00+00:00,6978.2998046875,6978.7099609375,6974.490234375,6974.72998046875,45578000
2026-01-28 20:45:00+00:00,6974.72998046875,6978.02978515625,6973.06005859375,6973.18017578125,59746000
2026-01-28 20:50:00+00:00,6973.1298828125,6982.509765625,6971.22998046875,6980.16015625,91791000
2026-01-28 20:55:00+00:00,6980.27978515625,6984.080078125,6975.990234375,6976.27978515625,204909000
2026-01-29 14:30:00+00:00,6977.740234375,6992.83984375,6977.740234375,6983.06005859375,0
2026-01-29 14:35:00+00:00,6982.91015625,6982.91015625,6971.7001953125,6977.080078125,79060158
2026-01-29 14:40:00+00:00,6976.66015625,6978.52978515625,6956.6298828125,6956.6298828125,70590534
2026-01-29 14:45:00+00:00,6955.64013671875,6962.72021484375,6946.0400390625,6959.25,68351171
2026-01-29 14:50:00+00:00,6959.31005859375,6959.31005859375,6944.60009765625,6952.830078125,61746304
2026-01-29 14:55:00+00:00,6952.85986328125,6955.81982421875,6936.7099609375,6936.7099609375,54478155
2026-01-29 15:00:00+00:00,6937.5400390625,6938.52978515625,6918.85009765625,6925.35986328125,67554232
2026-01-29 15:05:00+00:00,6925.740234375,6930.35986328125,6922.64013671875,6923.89013671875,58328720
2026-01-29 15:10:00+00:00,6923.83984375,6930.8701171875,6912.669921875,6914.02978515625,60564302
2026-01-29 15:15:00+00:00,6914.2001953125,6923.81982421875,6914.2001953125,6918.02001953125,50604060
2026-01-29 15:20:00+00:00,6917.7998046875,6929.43994140625,6915.490234375,6923.509765625,47054830
2026-01-29 15:25:00+00:00,6923.89013671875,6930.0,6911.60009765625,6912.60009765625,45635580
2026-01-29 15:30:00+00:00,6912.58984375,6914.64013671875,6901.39013671875,6903.39990234375,49561551
2026-01-29 15:35:00+00:00,6903.1201171875,6903.1201171875,6895.85986328125,6897.7001953125,51639928
2026-01-29 15:40:00+00:00,6897.8798828125,6897.8798828125,6885.2900390625,6886.990234375,47719457
2026-01-29 15:45:00+00:00,6887.4501953125,6894.72021484375,6885.4501953125,6887.3798828125,48465000
2026-01-29 15:50:00+00:00,6887.419921875,6887.419921875,6874.6201171875,6875.75,49999000
2026-01-29 15:55:00+00:00,6875.72998046875,6891.02978515625,6874.52001953125,6882.85009765625,47224000
2026-01-29 16:00:00+00:00,6882.7900390625,6884.580078125,6874.490234375,6874.68017578125,43803000
2026-01-29 16:05:00+00:00,6874.8798828125,6880.08984375,6870.7998046875,6879.66015625,44566000
2026-01-29 16:10:00+00:00,6879.60009765625,6898.66015625,6876.0,6898.47021484375,46199000
2026-01-29 16:15:00+00:00,6898.60986328125,6904.06005859375,6897.2001953125,6903.41015625,45270000
2026-01-29 16:20:00+00:00,6903.31005859375,6909.16015625,6895.68017578125,6901.830078125,44581000
2026-01-29 16:25:00+00:00,6901.56982421875,6905.68017578125,6896.740234375,6902.72021484375,35969000
2026-01-29 16:30:00+00:00,6902.4599609375,6909.22021484375,6902.330078125,6905.14013671875,35496000
2026-01-29 16:35:00+00:00,6904.72998046875,6909.22021484375,6901.9501953125,6907.240234375,33644000
2026-01-29 16:40:00+00:00,6907.18994140625,6912.56005859375,6905.669921875,6907.7099609375,32347000
2026-01-29 16:45:00+00:00,6907.89013671875,6912.740234375,6905.08984375,6910.08984375,33695000
2026-01-29 16:50:00+00:00,6910.0400390625,6911.85009765625,6905.35986328125,6908.259765625,31087000
2026-01-29 16:55:00+00:00,6907.60009765625,6911.10009765625,6905.4501953125,6909.5400390625,28177000
2026-01-29 17:00:00+00:00,6909.68994140625,6920.52001953125,6909.58984375,6918.240234375,31497000
2026-01-29 17:05:00+00:00,6918.10009765625,6921.1201171875,6917.0,6919.66015625,34331000
2026-01-29 17:10:00+00:00,6919.64990234375,6930.68994140625,6919.25,6928.830078125,28927000
2026-01-29 17:15:00+00:00,6928.81005859375,6931.64990234375,6926.919921875,6930.58984375,30299000
2026-01-29 17:20:00+00:00,6930.60009765625,6936.0400390625,6930.60009765625,6934.509765625,40496000
2026-01-29 17:25:00+00:00,6934.56005859375,6936.16015625,6930.4501953125,6933.7099609375,28613000
2026-01-29 17:30:00+00:00,6933.52001953125,6936.33984375,6931.7998046875,6934.58984375,27173000
2026-01-29 17:35:00+00:00,6934.39990234375,6939.41015625,6933.4599609375,6934.77978515625,26918000
2026-01-29 17:40:00+00:00,6934.89013671875,6934.89013671875,6924.93017578125,6930.10009765625,24487000
2026-01-29 17:45:00+00:00,6929.990234375,6929.990234375,6920.4599609375,6924.169921875,24892000
2026-01-29 17:50:00+00:00,6924.1298828125,6924.56982421875,6910.9501953125,6911.4599609375,28479000
2026-01-29 17:55:00+00:00,6911.5498046875,6916.72998046875,6910.22998046875,6910.91015625,28378000
2026-01-29 18:00:00+00:00,6911.39990234375,6922.3701171875,6910.5498046875,6920.97021484375,34118000
2026-01-29 18:05:00+00:00,6920.85986328125,6930.2998046875,6920.85986328125,6925.97998046875,26745000
2026-01-29 18:10:00+00:00,6925.9501953125,6933.9599609375,6925.9501953125,6932.10009765625,25100000
2026-01-29 18:15:00+00:00,6931.990234375,6932.02001953125,6927.25,6927.81982421875,23804000
2026-01-29 18:20:00+00:00,6927.97998046875,6931.169921875,6925.919921875,6930.25,23715000
2026-01-29 18:25:00+00:00,6930.27978515625,6932.919921875,6926.580078125,6932.89990234375,23047000
2026-01-29 18:30:00+00:00,6932.81982421875,6932.81982421875,6924.8798828125,6929.5400390625,29864000
2026-01-29 18:35:00+00:00,6929.60009765625,6935.919921875,6929.08984375,6935.919921875,26599000
2026-01-29 18:40:00+00:00,6935.89990234375,6940.31005859375,6935.10986328125,6936.3798828125,26719000
2026-01-29 18:45:00+00:00,6936.2900390625,6936.490234375,6932.580078125,6935.759765625,23117000
2026-01-29 18:50:00+00:00,6935.85009765625,6938.10009765625,6933.39990234375,6934.0400390625,24464000
2026-01-29 18:55:00+00:00,6934.02001953125,6936.77978515625,6929.009765625,6929.009765625,29722000
2026-01-29 19:00:00+00:00,6928.669921875,6934.3798828125,6925.5,6933.18017578125,31761000
2026-01-29 19:05:00+00:00,6933.0,6940.5498046875,6933.0,6937.93017578125,27144000
2026-01-29 19:10:00+00:00,6938.0498046875,6941.06982421875,6937.35009765625,6939.080078125,23469000
2026-01-29 19:15:00+00:00,6939.02978515625,6944.5,6937.31982421875,6941.18017578125,24091000
2026-01-29 19:20:00+00:00,6941.4501953125,6943.169921875,6940.60009765625,6943.169921875,22580000
2026-01-29 19:25:00+00:00,6943.2900390625,6944.4599609375,6942.009765625,6943.91015625,26447000
2026-01-29 19:30:00+00:00,6943.97998046875,6944.85009765625,6935.330078125,6936.75,41965000
2026-01-29 19:35:00+00:00,6936.52978515625,6941.52978515625,6936.2998046875,6938.10009765625,28217000
2026-01-29 19:40:00+00:00,6938.18017578125,6940.990234375,6938.18017578125,6940.14013671875,26687000
2026-01-29 19:45:00+00:00,6940.14013671875,6941.60986328125,6935.47998046875,6935.830078125,25870000
2026-01-29 19:50:00+00:00,6935.81982421875,6939.93017578125,6935.81982421875,6939.7001953125,28931000
2026-01-29 19:55:00+00:00,6939.77978515625,6941.43994140625,6933.2900390625,6933.3701171875,39161000
2026-01-29 20:00:00+00:00,6933.6201171875,6939.1298828125,6933.330078125,6937.509765625,37148000
2026-01-29 20:05:00+00:00,6937.52978515625,6942.06982421875,6936.7900390625,6941.52001953125,30474000
2026-01-29 20:10:00+00:00,6941.5498046875,6942.0498046875,6938.58984375,6938.58984375,32697000
2026-01-29 20:15:00+00:00,6938.5498046875,6940.06005859375,6937.35009765625,6939.93994140625,35812000
2026-01-29 20:20:00+00:00,6939.830078125,6941.169921875,6938.43994140625,6940.91015625,37889000
2026-01-29 20:25:00+00:00,6940.85986328125,6942.6201171875,6937.919921875,6938.10986328125,39417000
2026-01-29 20:30:00+00:00,6938.14013671875,6941.64990234375,6936.9599609375,6941.64990234375,44861000
2026-01-29 20:35:00+00:00,6941.85986328125,6951.2099609375,6941.0498046875,6949.27978515625,48535000
2026-01-29 20:40:00+00:00,6949.35009765625,6950.91015625,6946.8701171875,6949.2001953125,51762000
2026-01-29 20:45:00+00:00,6949.18017578125,6951.06982421875,6947.22998046875,6950.56982421875,64079000
2026-01-29 20:50:00+00:00,6950.83984375,6960.009765625,6950.83984375,6959.7900390625,107349000
2026-01-29 20:55:00+00:00,6960.06982421875,6971.08984375,6960.02001953125,6966.27001953125,247850000
2026-01-30 14:30:00+00:00,6947.27001953125,6956.0400390625,6936.169921875,6954.64990234375,0
2026-01-30 14:35:00+00:00,6953.919921875,6958.83984375,6947.41015625,6958.75,63175693
2026-01-30 14:40:00+00:00,6958.89013671875,6960.81982421875,6949.669921875,6950.81005859375,53228457
2026-01-30 14:45:00+00:00,6950.64013671875,6952.27001953125,6942.64990234375,6949.68994140625,51492044
2026-01-30 14:50:00+00:00,6949.4599609375,6955.22021484375,6943.419921875,6945.990234375,43911871
2026-01-30 14:55:00+00:00,6945.75,6951.3701171875,6935.89013671875,6940.52978515625,44685901
2026-01-30 15:00:00+00:00,6940.6201171875,6948.52978515625,6939.240234375,6940.2001953125,46514579
2026-01-30 15:05:00+00:00,6939.89990234375,6957.35009765625,6939.6201171875,6955.3701171875,43077464
2026-01-30 15:10:00+00:00,6955.56005859375,6962.2001953125,6951.39013671875,6957.27001953125,44667838
2026-01-30 15:15:00+00:00,6956.8798828125,6959.58984375,6953.5498046875,6954.009765625,38971073
2026-01-30 15:20:00+00:00,6954.10009765625,6957.93017578125,6949.60986328125,6949.81005859375,38302944
2026-01-30 15:25:00+00:00,6949.830078125,6950.009765625,6935.97021484375,6935.97021484375,37893287
2026-01-30 15:30:00+00:00,6935.8701171875,6940.10986328125,6931.91015625,6939.39990234375,37417612
2026-02-02 19:00:00+00:00,6987.7001953125,6989.72021484375,6987.169921875,6989.68994140625,1199293473
2026-02-02 19:05:00+00:00,6989.330078125,6990.3798828125,6988.9501953125,6989.7900390625,25625000
2026-02-02 19:10:00+00:00,6989.89990234375,6991.5498046875,6989.830078125,6990.56005859375,22020000
2026-02-02 19:15:00+00:00,6990.419921875,6991.35986328125,6989.490234375,6990.14013671875,24385000
2026-02-02 19:20:00+00:00,6990.18994140625,6991.22021484375,6989.18017578125,6990.31005859375,21436000
2026-02-02 19:25:00+00:00,6990.2900390625,6991.14013671875,6988.89990234375,6990.759765625,29011000
2026-02-02 19:30:00+00:00,6990.7099609375,6990.7099609375,6985.72998046875,6987.5,34231000
2026-02-02 19:35:00+00:00,6987.52978515625,6987.60009765625,6985.10009765625,6985.22021484375,25379000
2026-02-02 19:40:00+00:00,6985.2099609375,6987.93017578125,6984.47998046875,6987.72021484375,24566000
2026-02-02 19:45:00+00:00,6987.85986328125,6989.419921875,6986.14990234375,6986.14990234375,30070000
2026-02-02 19:50:00+00:00,6986.2001953125,6986.669921875,6983.8798828125,6985.27978515625,26626000
2026-02-02 19:55:00+00:00,6985.31005859375,6990.18017578125,6975.66015625,6976.169921875,52487000
2026-02-02 20:00:00+00:00,6976.6201171875,6984.7998046875,6972.68994140625,6983.02001953125,52516000
2026-02-02 20:05:00+00:00,6982.81005859375,6987.02001953125,6982.3798828125,6985.5400390625,34125000
2026-02-02 20:10:00+00:00,6985.47021484375,6987.08984375,6980.4501953125,6980.4501953125,32903000
2026-02-02 20:15:00+00:00,6980.35009765625,6982.81982421875,6977.5,6981.330078125,32896000
2026-02-02 20:20:00+00:00,6981.22998046875,6984.6201171875,6980.8701171875,6984.3798828125,34419000
2026-02-02 20:25:00+00:00,6984.4599609375,6984.4599609375,6979.2099609375,6980.080078125,37865000
2026-02-02 20:30:00+00:00,6980.080078125,6981.72021484375,6978.919921875,6978.93994140625,44343000
2026-02-02 20:35:00+00:00,6978.93017578125,6979.4501953125,6976.330078125,6976.990234375,42975000
2026-02-02 20:40:00+00:00,6976.9599609375,6977.830078125,6974.5400390625,6975.7001953125,48401000
2026-02-02 20:45:00+00:00,6975.5498046875,6980.009765625,6974.919921875,6978.3798828125,55776000
2026-02-02 20:50:00+00:00,6978.68994140625,6979.39013671875,6973.2998046875,6976.31005859375,97043000
2026-02-02 20:55:00+00:00,6976.2900390625,6979.259765625,6975.72998046875,6976.22998046875,213138000
2026-02-03 14:30:00+00:00,6985.4501953125,6993.080078125,6978.830078125,6983.7998046875,0
2026-02-03 14:35:00+00:00,6983.77001953125,6986.990234375,6976.169921875,6978.97998046875,82576331
2026-02-03 14:40:00+00:00,6979.080078125,6984.47021484375,6970.72998046875,6974.0,79674124
2026-02-03 14:45:00+00:00,6973.75,6983.02001953125,6972.6298828125,6982.3701171875,66589397
2026-02-03 14:50:00+00:00,6982.81005859375,6982.81005859375,6972.259765625,6972.259765625,59349821
2026-02-03 14:55:00+00:00,6971.35986328125,6972.080078125,6954.7099609375,6955.9599609375,68702706
2026-02-03 15:00:00+00:00,6955.89990234375,6958.33984375,6943.02978515625,6951.22998046875,67691269
2026-02-03 15:05:00+00:00,6950.68017578125,6954.8701171875,6942.06005859375,6951.259765625,61563774
2026-02-03 15:10:00+00:00,6951.419921875,6952.0498046875,6938.240234375,6941.10009765625,58435221
2026-02-03 15:15:00+00:00,6941.35009765625,6949.6298828125,6940.2001953125,6945.77978515625,56279174
2026-02-03 15:20:00+00:00,6945.740234375,6950.72021484375,6931.2998046875,6931.5,60302758
2026-02-03 15:25:00+00:00,6931.419921875,6947.0,6930.64990234375,6944.18017578125,57620335
2026-02-03 15:30:00+00:00,6944.259765625,6947.56005859375,6937.6201171875,6938.7900390625,53986630
2026-02-03 15:35:00+00:00,6938.3701171875,6942.259765625,6932.5,6942.22998046875,45141000
2026-02-03 15:40:00+00:00,6942.27978515625,6943.7998046875,6935.47021484375,6935.72998046875,41864000
2026-02-03 15:45:00+00:00,6935.52978515625,6949.02978515625,6931.5498046875,6949.02978515625,46337000
2026-02-03 15:50:00+00:00,6949.27001953125,6954.58984375,6942.830078125,6951.43994140625,47163000
2026-02-03 15:55:00+00:00,6951.1201171875,6956.8701171875,6950.93994140625,6953.47021484375,47236000
2026-02-03 16:00:00+00:00,6953.3798828125,6953.64990234375,6944.91015625,6945.0498046875,44100000
2026-02-03 16:05:00+00:00,6944.97021484375,6948.5,6943.509765625,6943.5498046875,41616000
2026-02-03 16:10:00+00:00,6943.72021484375,6948.5400390625,6940.83984375,6942.6298828125,42100000
2026-02-03 16:15:00+00:00,6942.58984375,6945.81005859375,6939.56982421875,6940.93994140625,37807000
2026-02-03 16:20:00+00:00,6941.02978515625,6942.080078125,6930.43994140625,6931.18994140625,39659000
2026-02-03 16:25:00+00:00,6931.169921875,6938.16015625,6929.47021484375,6929.9501953125,38690000
2026-02-03 16:30:00+00:00,6930.27978515625,6933.6201171875,6926.8798828125,6933.2099609375,43867000
2026-02-03 16:35:00+00:00,6933.10986328125,6936.18994140625,6928.33984375,6930.56005859375,37397000
2026-02-03 16:40:00+00:00,6931.1298828125,6933.3798828125,6929.330078125,6931.85986328125,34950000
2026-02-03 16:45:00+00:00,6931.81982421875,6936.14013671875,6928.58984375,6932.75,35533000
2026-02-03 16:50:00+00:00,6933.1298828125,6933.14013671875,6924.759765625,6929.56005859375,36757000
2026-02-03 16:55:00+00:00,6929.5,6931.85009765625,6927.85986328125,6928.0498046875,32531000
2026-02-03 17:00:00+00:00,6928.1201171875,6928.85986328125,6925.18017578125,6926.830078125,34615000
2026-02-03 17:05:00+00:00,6926.72998046875,6927.25,6922.2001953125,6927.1201171875,30500000
2026-02-03 17:10:00+00:00,6927.169921875,6928.41015625,6909.10009765625,6913.5498046875,50064000
2026-02-03 17:15:00+00:00,6913.4599609375,6920.43994140625,6912.1298828125,6915.39990234375,38733000
2026-02-03 17:20:00+00:00,6915.240234375,6921.06005859375,6911.97998046875,6919.85986328125,39747000
2026-02-03 17:25:00+00:00,6919.89990234375,6922.740234375,6910.22998046875,6910.27001953125,35200000
2026-02-03 17:30:00+00:00,6910.240234375,6910.81982421875,6903.43994140625,6903.56982421875,35634000
2026-02-03 17:35:00+00:00,6903.31982421875,6905.6201171875,6901.18017578125,6902.35986328125,37897000
2026-02-03 17:40:00+00:00,6902.47021484375,6902.47021484375,6895.72998046875,6897.91015625,36449000
2026-02-03 17:45:00+00:00,6897.9599609375,6904.31005859375,6896.10986328125,6902.7998046875,37248000
2026-02-03 17:50:00+00:00,6902.60009765625,6908.9501953125,6896.9599609375,6900.22021484375,38282000
2026-02-03 17:55:00+00:00,6900.5,6902.39013671875,6898.18017578125,6898.31982421875,37695000
2026-02-03 18:00:00+00:00,6898.6298828125,6901.83984375,6896.31005859375,6896.47021484375,40000000
2026-02-03 18:05:00+00:00,6896.56005859375,6906.68017578125,6895.81982421875,6901.5400390625,40052000
2026-02-03 18:10:00+00:00,6901.6298828125,6901.6298828125,6886.14990234375,6889.14990234375,40673000
2026-02-03 18:15:00+00:00,6889.0400390625,6893.8798828125,6887.43994140625,6893.8798828125,35297000
2026-02-03 18:20:00+00:00,6893.97998046875,6894.77978515625,6888.4599609375,6888.8798828125,31008000
2026-02-03 18:25:00+00:00,6888.68017578125,6889.58984375,6884.14013671875,6885.56005859375,39922000
2026-02-03 18:30:00+00:00,6885.64013671875,6885.68994140625,6878.85009765625,6881.9501953125,37152000
2026-02-03 18:35:00+00:00,6881.83984375,6885.56005859375,6879.8798828125,6885.56005859375,31169000
2026-02-03 18:40:00+00:00,6885.64990234375,6885.64990234375,6878.93017578125,6879.669921875,29490000
2026-02-03 18:45:00+00:00,6879.58984375,6880.169921875,6875.72998046875,6878.81005859375,33163000
2026-02-03 18:50:00+00:00,6878.77978515625,6878.77978515625,6875.35009765625,6875.75,29889000
2026-02-03 18:55:00+00:00,6875.83984375,6881.47998046875,6869.89990234375,6869.990234375,45106000
2026-02-03 19:00:00+00:00,6869.759765625,6873.509765625,6865.2998046875,6866.7900390625,42435000
2026-02-03 19:05:00+00:00,6867.02001953125,6868.97998046875,6862.0498046875,6863.85009765625,33031000
2026-02-03 19:10:00+00:00,6863.81982421875,6885.990234375,6863.56005859375,6885.990234375,41326000
2026-02-03 19:15:00+00:00,6885.9599609375,6891.25,6883.990234375,6889.93017578125,38914000
2026-02-03 19:20:00+00:00,6889.77978515625,6893.97998046875,6888.669921875,6888.83984375,38485000
2026-02-03 19:25:00+00:00,6888.89990234375,6890.240234375,6879.6201171875,6882.830078125,49154000
2026-02-03 19:30:00+00:00,6883.3701171875,6889.60986328125,6879.77001953125,6881.18017578125,44635000
2026-02-03 19:35:00+00:00,6881.1298828125,6886.8701171875,6880.52978515625,6885.18017578125,31776000
2026-02-03 19:40:00+00:00,6885.27978515625,6888.8798828125,6882.2099609375,6882.97021484375,35679000
2026-02-03 19:45:00+00:00,6883.0,6883.64990234375,6877.47998046875,6877.7001953125,33788000
2026-02-03 19:50:00+00:00,6877.490234375,6883.10009765625,6873.60986328125,6881.669921875,42218000
2026-02-03 19:55:00+00:00,6881.72021484375,6892.14990234375,6881.72021484375,6890.68994140625,35734000
2026-02-03 20:00:00+00:00,6890.52001953125,6891.89013671875,6885.33984375,6885.72021484375,34075000
2026-02-03 20:05:00+00:00,6885.56982421875,6888.8701171875,6884.89990234375,6888.75,35604000
2026-02-03 20:10:00+00:00,6888.85986328125,6892.3798828125,6885.77001953125,6892.3798828125,38162000
2026-02-03 20:15:00+00:00,6892.52001953125,6897.72998046875,6888.2900390625,6894.75,44534000
2026-02-03 20:20:00+00:00,6894.60009765625,6896.490234375,6889.7099609375,6896.240234375,42494000
2026-02-03 20:25:00+00:00,6896.41015625,6899.47998046875,6896.3798828125,6897.490234375,47138000
2026-02-03 20:30:00+00:00,6897.35009765625,6910.4599609375,6897.35009765625,6910.080078125,52761000
2026-02-03 20:35:00+00:00,6910.10986328125,6913.5400390625,6907.89013671875,6912.7900390625,56721000
2026-02-03 20:40:00+00:00,6912.68017578125,6912.68017578125,6904.080078125,6907.2001953125,56062000
2026-02-03 20:45:00+00:00,6907.31005859375,6910.580078125,6906.259765625,6909.759765625,69706000
2026-02-03 20:50:00+00:00,6910.22998046875,6915.8701171875,6910.22998046875,6915.2001953125,110520000
2026-02-03 20:55:00+00:00,6915.47021484375,6919.5400390625,6914.56005859375,6917.39990234375,252648000
2026-02-04 14:30:00+00:00,6924.5,6929.1201171875,6911.0,6917.080078125,0
2026-02-04 14:35:00+00:00,6917.2998046875,6932.7001953125,6913.1201171875,6928.669921875,95016044
2026-02-04 14:40:00+00:00,6928.8798828125,6934.39990234375,6920.93994140625,6929.02001953125,77732495
2026-02-04 14:45:00+00:00,6928.52978515625,6936.08984375,6922.52978515625,6932.89990234375,78006094
2026-02-04 14:50:00+00:00,6932.58984375,6933.60009765625,6911.43994140625,6923.89990234375,75287543
2026-02-04 14:55:00+00:00,6924.1201171875,6924.8798828125,6899.68994140625,6902.2900390625,67787211
2026-02-04 15:00:00+00:00,6902.77001953125,6902.77001953125,6886.08984375,6893.97998046875,78944055
2026-02-04 15:05:00+00:00,6893.72021484375,6913.2900390625,6893.72021484375,6911.919921875,79948088
2026-02-04 15:10:00+00:00,6911.81005859375,6916.89990234375,6906.18017578125,6911.31982421875,75464289
2026-02-04 15:15:00+00:00,6910.81005859375,6914.7099609375,6905.35009765625,6907.759765625,71007252
2026-02-04 15:20:00+00:00,6908.06982421875,6924.64013671875,6907.830078125,6922.6298828125,71247223
2026-02-04 15:25:00+00:00,6922.31005859375,6930.0,6916.75,6921.18017578125,59071967
2026-02-04 15:30:00+00:00,6921.259765625,6922.16015625,6904.33984375,6905.169921875,82270000
2026-02-04 15:35:00+00:00,6905.39990234375,6922.43017578125,6895.2998046875,6911.52978515625,74173000
2026-02-04 15:40:00+00:00,6910.97998046875,6924.7001953125,6908.5,6917.35986328125,61334000
2026-02-04 15:45:00+00:00,6917.10986328125,6918.9501953125,6907.68017578125,6908.91015625,49617000
2026-02-04 15:50:00+00:00,6909.0,6913.0,6905.72021484375,6909.97021484375,48184000
2026-02-04 15:55:00+00:00,6909.89990234375,6914.259765625,6904.52978515625,6906.47998046875,52047000
2026-02-04 16:00:00+00:00,6907.56982421875,6910.4599609375,6891.7900390625,6891.7900390625,56201000
2026-02-04 16:05:00+00:00,6891.7998046875,6897.81005859375,6887.22021484375,6888.72998046875,51841000
2026-02-04 16:10:00+00:00,6889.25,6904.60009765625,6887.580078125,6900.77978515625,48348000
2026-02-04 16:15:00+00:00,6900.7998046875,6903.77001953125,6887.41015625,6888.9501953125,48241000
2026-02-04 16:20:00+00:00,6889.2099609375,6899.68994140625,6885.77978515625,6899.18017578125,44628000
2026-02-04 16:25:00+00:00,6899.43017578125,6906.0,6896.64990234375,6905.3798828125,44434000
2026-02-04 16:30:00+00:00,6904.89013671875,6905.56005859375,6893.06005859375,6893.2900390625,42677000
2026-02-04 16:35:00+00:00,6893.27001953125,6896.27978515625,6889.43994140625,6889.72998046875,43013000
2026-02-04 16:40:00+00:00,6889.7001953125,6890.43994140625,6875.22998046875,6875.52001953125,43463000
2026-02-04 16:45:00+00:00,6875.43017578125,6876.1201171875,6866.31982421875,6869.10009765625,48955000
2026-02-04 16:50:00+00:00,6869.2099609375,6874.2099609375,6864.830078125,6874.2099609375,48615000
2026-02-04 16:55:00+00:00,6875.2099609375,6888.85986328125,6875.2099609375,6887.7099609375,43921000
2026-02-04 17:00:00+00:00,6887.580078125,6891.97998046875,6884.68017578125,6889.6201171875,39007000
2026-02-04 17:05:00+00:00,6889.35986328125,6891.47998046875,6884.39990234375,6886.02978515625,35098000
2026-02-04 17:10:00+00:00,6885.9501953125,6890.1298828125,6880.35009765625,6888.89990234375,39858000
2026-02-04 17:15:00+00:00,6889.0400390625,6890.72021484375,6879.009765625,6879.14013671875,36119000
2026-02-04 17:20:00+00:00,6879.1298828125,6881.41015625,6875.47021484375,6877.009765625,38920000
2026-02-04 17:25:00+00:00,6876.8701171875,6877.47021484375,6855.169921875,6857.919921875,60344000
2026-02-04 17:30:00+00:00,6858.02001953125,6868.4501953125,6854.68017578125,6857.9501953125,45638000
2026-02-04 17:35:00+00:00,6857.9599609375,6857.9599609375,6845.77978515625,6845.97998046875,46997000
2026-02-04 17:40:00+00:00,6845.56005859375,6852.419921875,6841.64990234375,6852.0,48060000
2026-02-04 17:45:00+00:00,6851.89013671875,6853.47021484375,6842.3798828125,6844.1201171875,43981000
2026-02-04 17:50:00+00:00,6844.35986328125,6853.47998046875,6838.7998046875,6852.02001953125,44041000
2026-02-04 17:55:00+00:00,6852.490234375,6859.83984375,6852.490234375,6858.330078125,40290000
2026-02-04 18:00:00+00:00,6858.35986328125,6859.93017578125,6848.2099609375,6853.740234375,39853000
2026-02-04 18:05:00+00:00,6854.14990234375,6861.31005859375,6845.35009765625,6845.47021484375,41946000
2026-02-04 18:10:00+00:00,6845.47021484375,6852.7998046875,6845.06005859375,6850.58984375,37410000
2026-02-04 18:15:00+00:00,6850.39013671875,6852.7001953125,6845.0400390625,6846.22998046875,35775000
2026-02-04 18:20:00+00:00,6846.240234375,6856.43017578125,6845.41015625,6856.43017578125,37241000
2026-02-04 18:25:00+00:00,6856.3798828125,6871.43017578125,6856.3798828125,6870.4599609375,39046000
2026-02-04 18:30:00+00:00,6870.31005859375,6870.31005859375,6853.25,6856.5400390625,39149000
2026-02-04 18:35:00+00:00,6857.02001953125,6862.75,6856.47021484375,6861.18017578125,33891000
2026-02-04 18:40:00+00:00,6861.2900390625,6871.18994140625,6860.0,6862.97021484375,36208000
2026-02-04 18:45:00+00:00,6862.740234375,6865.169921875,6859.31005859375,6860.60009765625,32750000
2026-02-04 18:50:00+00:00,6860.52001953125,6867.6201171875,6853.77001953125,6866.56982421875,38265000
2026-02-04 18:55:00+00:00,6866.6298828125,6876.85986328125,6866.33984375,6867.93994140625,40554000
2026-02-04 19:00:00+00:00,6868.0498046875,6870.39013671875,6862.81982421875,6863.27001953125,43462000
2026-02-04 19:05:00+00:00,6863.02978515625,6866.10009765625,6856.490234375,6864.97998046875,39991000
2026-02-04 19:10:00+00:00,6864.93994140625,6868.43994140625,6863.8701171875,6865.18017578125,34105000
2026-02-04 19:15:00+00:00,6865.18994140625,6874.72021484375,6864.7001953125,6870.35986328125,35760000
2026-02-04 19:20:00+00:00,6870.33984375,6873.39013671875,6864.31005859375,6870.33984375,37474000
2026-02-04 19:25:00+00:00,6869.93994140625,6875.93994140625,6867.8701171875,6875.259765625,34366000
2026-02-04 19:30:00+00:00,6875.72998046875,6885.759765625,6875.72998046875,6884.83984375,46950000
2026-02-04 19:35:00+00:00,6884.7001953125,6886.3701171875,6880.7099609375,6882.81982421875,39216000
2026-02-04 19:40:00+00:00,6882.75,6891.68017578125,6882.47998046875,6887.89013671875,41381000
2026-02-04 19:45:00+00:00,6887.9599609375,6904.35009765625,6886.10986328125,6895.740234375,57647000
2026-02-04 19:50:00+00:00,6895.669921875,6906.56005859375,6893.81982421875,6899.830078125,47413000
2026-02-04 19:55:00+00:00,6899.75,6905.58984375,6898.169921875,6904.85009765625,49129000
2026-02-04 20:00:00+00:00,6905.0,6906.419921875,6896.5400390625,6899.8798828125,48983000
2026-02-04 20:05:00+00:00,6900.02978515625,6902.31982421875,6899.39990234375,6902.02978515625,44042000
2026-02-04 20:10:00+00:00,6901.990234375,6902.919921875,6889.5498046875,6896.169921875,48978000
2026-02-04 20:15:00+00:00,6896.39990234375,6899.31005859375,6893.68017578125,6897.02001953125,45336000
2026-02-04 20:20:00+00:00,6896.85009765625,6901.740234375,6893.6201171875,6899.9501953125,46928000
2026-02-04 20:25:00+00:00,6900.080078125,6903.6298828125,6896.81982421875,6897.419921875,48581000
2026-02-04 20:30:00+00:00,6897.43017578125,6902.740234375,6895.2001953125,6900.81005859375,56837000
2026-02-04 20:35:00+00:00,6900.52001953125,6904.66015625,6898.41015625,6903.72021484375,54388000
2026-02-04 20:40:00+00:00,6903.97998046875,6904.919921875,6899.72021484375,6900.18017578125,60180000
2026-02-04 20:45:00+00:00,6900.080078125,6904.72998046875,6897.02978515625,6904.1201171875,71333000
2026-02-04 20:50:00+00:00,6904.10009765625,6904.5498046875,6886.3701171875,6886.990234375,118019000
2026-02-04 20:55:00+00:00,6886.97998046875,6887.18017578125,6878.91015625,6882.759765625,267921000
2026-02-05 14:30:00+00:00,6837.39013671875,6837.39013671875,6806.919921875,6826.3798828125,0
2026-02-05 14:35:00+00:00,6827.7001953125,6847.77001953125,6821.240234375,6845.68017578125,88077313
2026-02-05 14:40:00+00:00,6845.97021484375,6855.4501953125,6835.93994140625,6852.85986328125,75989053
2026-02-05 14:45:00+00:00,6851.72998046875,6854.68017578125,6844.4501953125,6850.43017578125,73321917
2026-02-05 14:50:00+00:00,6850.5498046875,6857.85009765625,6837.580078125,6838.64990234375,62888833
2026-02-05 14:55:00+00:00,6839.7099609375,6842.35986328125,6823.509765625,6827.330078125,64577195
2026-02-05 15:00:00+00:00,6827.60009765625,6832.7099609375,6810.64013671875,6814.75,69092485
2026-02-05 15:05:00+00:00,6814.52978515625,6815.7900390625,6804.81982421875,6809.9599609375,62619727
2026-02-05 15:10:00+00:00,6809.830078125,6812.509765625,6789.18994140625,6789.18994140625,64480192
2026-02-05 15:15:00+00:00,6789.22021484375,6806.0,6787.81982421875,6802.3798828125,66435668
2026-02-05 15:20:00+00:00,6802.240234375,6803.31982421875,6789.85986328125,6793.080078125,54568314
2026-02-05 15:25:00+00:00,6793.43994140625,6803.4599609375,6783.02978515625,6787.14990234375,53930949
2026-02-05 15:30:00+00:00,6786.85986328125,6794.3798828125,6780.4599609375,6781.669921875,56705168
2026-02-05 15:35:00+00:00,6781.77001953125,6799.83984375,6781.10009765625,6798.27001953125,57507000
2026-02-05 15:40:00+00:00,6798.5,6805.669921875,6792.60986328125,6800.14013671875,50196000
2026-02-05 15:45:00+00:00,6800.509765625,6802.7998046875,6782.47998046875,6784.3798828125,43462000
2026-02-05 15:50:00+00:00,6784.52978515625,6797.25,6784.52978515625,6788.85986328125,43330000
2026-02-05 15:55:00+00:00,6788.580078125,6794.009765625,6781.759765625,6793.33984375,41476000
2026-02-05 16:00:00+00:00,6793.81005859375,6797.25,6787.0400390625,6787.169921875,42917000
2026-02-05 16:05:00+00:00,6787.1298828125,6789.3798828125,6781.56982421875,6782.33984375,40703000
2026-02-05 16:10:00+00:00,6782.0400390625,6791.4501953125,6780.1298828125,6780.1298828125,38647000
2026-02-05 16:15:00+00:00,6780.6298828125,6804.60009765625,6780.6298828125,6802.919921875,44488000
2026-02-05 16:20:00+00:00,6802.93017578125,6813.990234375,6802.93017578125,6811.72021484375,41542000
2026-02-05 16:25:00+00:00,6812.27978515625,6819.47021484375,6809.18017578125,6817.0498046875,46236000
2026-02-05 16:30:00+00:00,6817.97021484375,6826.43017578125,6817.14013671875,6825.919921875,52684000
2026-02-05 16:35:00+00:00,6825.81982421875,6828.85009765625,6822.169921875,6823.27001953125,39519000
2026-02-05 16:40:00+00:00,6823.08984375,6827.39013671875,6818.93994140625,6820.7001953125,41833000
2026-02-05 16:45:00+00:00,6821.33984375,6821.8798828125,6811.56005859375,6821.7998046875,35351000
2026-02-05 16:50:00+00:00,6821.89013671875,6833.740234375,6821.89013671875,6832.16015625,37891000
2026-02-05 16:55:00+00:00,6832.31982421875,6836.27978515625,6825.83984375,6834.68994140625,32252000
2026-02-05 17:00:00+00:00,6834.5498046875,6834.5498046875,6817.830078125,6820.97021484375,31018000
2026-02-05 17:05:00+00:00,6821.16015625,6826.72021484375,6819.97998046875,6821.85986328125,31703000
2026-02-05 17:10:00+00:00,6821.7001953125,6823.759765625,6815.31005859375,6822.91015625,28298000
2026-02-05 17:15:00+00:00,6822.41015625,6823.009765625,6818.68994140625,6819.10009765625,24913000
2026-02-05 17:20:00+00:00,6819.06982421875,6831.4501953125,6811.919921875,6831.330078125,33416000
2026-02-05 17:25:00+00:00,6831.81005859375,6840.68994140625,6831.81005859375,6837.08984375,34059000
2026-02-05 17:30:00+00:00,6837.0400390625,6840.35009765625,6830.27001953125,6830.3798828125,33029000
2026-02-05 17:35:00+00:00,6830.52978515625,6837.9501953125,6829.2900390625,6835.97021484375,30692000
2026-02-05 17:40:00+00:00,6835.8798828125,6844.18017578125,6834.97021484375,6838.18017578125,30716000
2026-02-05 17:45:00+00:00,6838.580078125,6847.56982421875,6831.9599609375,6833.1298828125,36130000
2026-02-05 17:50:00+00:00,6832.77001953125,6837.990234375,6828.72021484375,6830.72998046875,34326000
2026-02-05 17:55:00+00:00,6830.6201171875,6830.72021484375,6823.89990234375,6826.27978515625,29207000
2026-02-05 18:00:00+00:00,6826.10986328125,6834.169921875,6825.97021484375,6828.7900390625,41334000
2026-02-05 18:05:00+00:00,6828.72998046875,6828.72998046875,6822.7099609375,6823.83984375,29303000
2026-02-05 18:10:00+00:00,6823.7099609375,6826.89013671875,6819.93994140625,6823.47998046875,31280000
2026-02-05 18:15:00+00:00,6823.39013671875,6824.77978515625,6818.4501953125,6819.5498046875,27496000
2026-02-05 18:20:00+00:00,6819.39990234375,6820.60986328125,6810.490234375,6813.60009765625,32953000
2026-02-05 18:25:00+00:00,6813.2001953125,6816.72021484375,6811.06982421875,6812.68017578125,27496000
2026-02-05 18:30:00+00:00,6812.72998046875,6820.8798828125,6812.18994140625,6815.3701171875,33357000
2026-02-05 18:35:00+00:00,6815.60009765625,6815.60009765625,6809.72021484375,6811.08984375,30548000
2026-02-05 18:40:00+00:00,6811.0498046875,6813.39990234375,6806.81982421875,6811.64013671875,28173000
2026-02-05 18:45:00+00:00,6811.5,6813.4599609375,6805.240234375,6806.2900390625,29208000
2026-02-05 18:50:00+00:00,6806.240234375,6806.240234375,6798.7998046875,6801.1298828125,33293000
2026-02-05 18:55:00+00:00,6801.16015625,6807.14990234375,6798.47021484375,6804.4501953125,32777000
2026-02-05 19:00:00+00:00,6804.35986328125,6814.66015625,6801.64990234375,6811.7001953125,35658000
2026-02-05 19:05:00+00:00,6811.5498046875,6817.8798828125,6811.06982421875,6816.990234375,30490000
2026-02-05 19:10:00+00:00,6817.14990234375,6829.509765625,6817.14990234375,6827.4501953125,33599000
2026-02-05 19:15:00+00:00,6827.3798828125,6832.83984375,6825.81005859375,6832.27978515625,33518000
2026-02-05 19:20:00+00:00,6832.52978515625,6835.64013671875,6831.14013671875,6833.52001953125,31108000
2026-02-05 19:25:00+00:00,6833.60009765625,6833.60009765625,6822.759765625,6823.419921875,34087000
2026-02-05 19:30:00+00:00,6823.52978515625,6823.52978515625,6807.08984375,6815.3798828125,40399000
2026-02-05 19:35:00+00:00,6815.3798828125,6817.66015625,6810.75,6812.259765625,31280000
2026-02-05 19:40:00+00:00,6811.97021484375,6813.43994140625,6807.4599609375,6810.16015625,29204000
2026-02-05 19:45:00+00:00,6810.1298828125,6813.10009765625,6807.7998046875,6810.1298828125,30917000
2026-02-05 19:50:00+00:00,6810.14013671875,6812.35009765625,6805.56005859375,6808.669921875,35307000
2026-02-05 19:55:00+00:00,6809.02001953125,6813.2001953125,6808.52001953125,6812.43994140625,36057000
2026-02-05 20:00:00+00:00,6812.58984375,6817.35986328125,6809.47021484375,6816.35009765625,37213000
2026-02-05 20:05:00+00:00,6816.18017578125,6828.990234375,6814.5400390625,6828.06005859375,41941000
2026-02-05 20:10:00+00:00,6827.830078125,6830.1298828125,6818.93017578125,6820.0400390625,40353000
2026-02-05 20:15:00+00:00,6819.93994140625,6820.02001953125,6808.1201171875,6808.3701171875,42190000
2026-02-05 20:20:00+00:00,6808.5,6809.3701171875,6799.56982421875,6801.10009765625,42086000
2026-02-05 20:25:00+00:00,6801.02001953125,6801.7001953125,6797.85986328125,6799.0498046875,43806000
2026-02-05 20:30:00+00:00,6799.0498046875,6802.490234375,6793.7900390625,6794.41015625,49955000
2026-02-05 20:35:00+00:00,6794.3798828125,6798.509765625,6792.4599609375,6797.77001953125,49819000
2026-02-05 20:40:00+00:00,6798.10009765625,6804.72021484375,6790.39013671875,6792.52001953125,60686000
2026-02-05 20:45:00+00:00,6792.31982421875,6793.77001953125,6786.60009765625,6791.31982421875,67327000
2026-02-05 20:50:00+00:00,6791.240234375,6794.419921875,6783.669921875,6792.169921875,109528000
2026-02-05 20:55:00+00:00,6792.35009765625,6801.7099609375,6790.7099609375,6799.990234375,245801000
2026-02-06 14:30:00+00:00,6816.740234375,6867.18994140625,6816.740234375,6860.93017578125,0
2026-02-06 14:35:00+00:00,6861.52001953125,6872.68994140625,6857.77001953125,6869.18994140625,81293116
2026-02-06 14:40:00+00:00,6870.16015625,6874.7099609375,6863.16015625,6865.169921875,32793842
2026-02-06 14:45:00+00:00,6879.259765625,6880.93994140625,6873.0400390625,6877.6201171875,113777877
2026-02-06 14:50:00+00:00,6877.7998046875,6887.1298828125,6875.8701171875,6876.14013671875,62280496
2026-02-06 14:55:00+00:00,6875.85009765625,6875.85009765625,6867.5,6868.990234375,59183495
2026-02-06 15:00:00+00:00,6868.1298828125,6871.58984375,6858.75,6861.2900390625,59291247
2026-02-06 15:05:00+00:00,6861.66015625,6870.47998046875,6855.240234375,6861.5498046875,55033544
2026-02-06 15:10:00+00:00,6861.25,6875.509765625,6858.02001953125,6859.27001953125,56782511
2026-02-06 15:15:00+00:00,6859.2099609375,6871.83984375,6853.60009765625,6869.669921875,48345258
2026-02-06 15:20:00+00:00,6869.64013671875,6879.169921875,6861.72998046875,6864.9501953125,50199151
2026-02-06 15:25:00+00:00,6865.2001953125,6879.8798828125,6863.66015625,6878.18017578125,42381381
2026-02-06 15:30:00+00:00,6878.02001953125,6885.47998046875,6872.3701171875,6883.75,46943026
2026-02-06 15:35:00+00:00,6883.830078125,6884.759765625,6879.7900390625,6882.68017578125,38518865
2026-02-06 15:40:00+00:00,6882.7001953125,6888.77001953125,6881.52978515625,6885.580078125,30669632
2026-02-06 15:55:00+00:00,6874.68994140625,6880.56005859375,6874.68994140625,6879.39013671875,125769026
2026-02-06 16:00:00+00:00,6879.43017578125,6889.89013671875,6876.97998046875,6889.89013671875,39090000
2026-02-06 16:05:00+00:00,6890.14990234375,6891.75,6888.08984375,6890.330078125,15450000
2026-02-06 16:10:00+00:00,6895.2099609375,6895.2099609375,6894.10986328125,6894.7099609375,67249000
2026-02-06 16:15:00+00:00,6891.740234375,6892.39990234375,6891.2099609375,6892.10986328125,40034000
2026-02-06 16:20:00+00:00,6895.35986328125,6898.91015625,6893.009765625,6895.18017578125,33146000
2026-02-06 16:25:00+00:00,6895.0498046875,6895.169921875,6888.39013671875,6892.759765625,34501000
2026-02-06 16:30:00+00:00,6893.16015625,6898.31005859375,6893.16015625,6898.31005859375,35959000
2026-02-06 16:35:00+00:00,6898.5,6901.35009765625,6898.2900390625,6899.68994140625,36514000
2026-02-06 16:40:00+00:00,6899.7001953125,6902.1201171875,6896.3798828125,6898.5498046875,35288000
2026-02-06 16:45:00+00:00,6898.52001953125,6901.52001953125,6898.080078125,6900.47998046875,32069000
2026-02-06 16:50:00+00:00,6900.419921875,6902.06982421875,6899.22021484375,6900.02001953125,29985000
2026-02-06 16:55:00+00:00,6899.93994140625,6899.93994140625,6892.0,6896.33984375,40104000
2026-02-06 17:00:00+00:00,6896.3798828125,6899.52001953125,6893.9599609375,6899.52001953125,36248000
2026-02-06 17:05:00+00:00,6899.68994140625,6905.2900390625,6899.68994140625,6903.419921875,29800000
2026-02-06 17:10:00+00:00,6903.56982421875,6905.830078125,6899.5,6901.39013671875,34810000
2026-02-06 17:15:00+00:00,6901.43017578125,6904.33984375,6898.31982421875,6902.14990234375,31220000
2026-02-06 17:20:00+00:00,6902.169921875,6902.27978515625,6899.8701171875,6901.81982421875,26121000
2026-02-06 17:25:00+00:00,6901.97021484375,6907.41015625,6901.9599609375,6906.75,29452000
2026-02-06 17:30:00+00:00,6906.83984375,6911.66015625,6906.83984375,6909.52978515625,36812000
2026-02-06 17:35:00+00:00,6909.60986328125,6909.60986328125,6901.16015625,6902.35986328125,28764000
2026-02-06 17:40:00+00:00,6902.490234375,6907.06005859375,6901.97021484375,6906.93017578125,26297000
2026-02-06 17:45:00+00:00,6906.93994140625,6911.5498046875,6906.93994140625,6911.22021484375,29278000
2026-02-06 17:50:00+00:00,6911.39013671875,6916.85009765625,6909.93017578125,6913.52978515625,30879000
2026-02-06 17:55:00+00:00,6913.419921875,6914.22998046875,6911.5498046875,6911.5498046875,28491000
2026-02-06 18:00:00+00:00,6911.5498046875,6917.64013671875,6911.5498046875,6917.18994140625,29462000
2026-02-06 18:05:00+00:00,6917.14013671875,6917.3701171875,6911.77978515625,6911.77978515625,21729000
2026-02-06 18:10:00+00:00,6913.4599609375,6914.56982421875,6913.39990234375,6914.259765625,10691000
2026-02-06 18:15:00+00:00,6912.2900390625,6914.31005859375,6908.8798828125,6913.759765625,52706000
2026-02-06 18:20:00+00:00,6913.68017578125,6916.1201171875,6910.830078125,6910.830078125,24990000
2026-02-06 18:25:00+00:00,6910.9599609375,6911.66015625,6908.2998046875,6911.31005859375,26829000
2026-02-06 18:30:00+00:00,6911.2998046875,6913.9599609375,6911.22021484375,6911.490234375,25759000
2026-02-06 18:35:00+00:00,6911.47021484375,6916.0400390625,6911.4501953125,6914.81982421875,25429000
2026-02-06 18:40:00+00:00,6914.81005859375,6916.60986328125,6914.31982421875,6915.080078125,22962000
2026-02-06 18:45:00+00:00,6915.080078125,6917.43017578125,6914.97998046875,6917.25,23706000
2026-02-06 18:50:00+00:00,6917.25,6918.14990234375,6915.740234375,6915.8798828125,23202000
2026-02-06 18:55:00+00:00,6915.85986328125,6916.18017578125,6911.5498046875,6911.759765625,24524000
2026-02-06 19:00:00+00:00,6911.8701171875,6915.68994140625,6911.2998046875,6915.080078125,27960000
2026-02-06 19:05:00+00:00,6914.97998046875,6915.580078125,6913.06005859375,6914.580078125,26882000
2026-02-06 19:10:00+00:00,6914.4501953125,6915.10986328125,6911.3798828125,6911.3798828125,27106000
2026-02-06 19:15:00+00:00,6911.330078125,6912.5498046875,6909.4501953125,6911.1298828125,24494000
2026-02-06 19:20:00+00:00,6911.1201171875,6916.759765625,6910.990234375,6915.93994140625,25128000
2026-02-06 19:25:00+00:00,6915.990234375,6916.9501953125,6914.419921875,6916.9501953125,24833000
2026-02-06 19:30:00+00:00,6916.97021484375,6917.22021484375,6914.009765625,6914.1298828125,30255000
2026-02-06 19:35:00+00:00,6914.10986328125,6915.669921875,6913.81005859375,6914.0,26384000
2026-02-06 19:40:00+00:00,6914.1298828125,6914.1298828125,6911.43994140625,6911.8701171875,27684000
2026-02-06 19:45:00+00:00,6911.91015625,6919.64013671875,6911.8798828125,6918.60986328125,31186000
2026-02-06 19:50:00+00:00,6918.52978515625,6919.02978515625,6916.240234375,6917.3798828125,28897000
2026-02-06 19:55:00+00:00,6917.47998046875,6917.740234375,6914.91015625,6915.41015625,29488000
2026-02-06 20:00:00+00:00,6915.419921875,6918.4599609375,6913.16015625,6917.56982421875,33926000
2026-02-06 20:05:00+00:00,6917.66015625,6920.25,6917.169921875,6918.080078125,31322000
2026-02-06 20:10:00+00:00,6918.14990234375,6918.81982421875,6916.7001953125,6916.7001953125,33705000
2026-02-06 20:15:00+00:00,6916.75,6920.08984375,6916.7001953125,6919.91015625,34860000
2026-02-06 20:20:00+00:00,6919.8701171875,6923.759765625,6919.47021484375,6922.39990234375,40579000
2026-02-06 20:25:00+00:00,6922.35986328125,6923.25,6919.580078125,6919.81005859375,40867000
2026-02-06 20:30:00+00:00,6919.93994140625,6922.77978515625,6918.509765625,6921.330078125,42928000
2026-02-06 20:35:00+00:00,6921.2001953125,6922.5498046875,6919.5,6922.240234375,43513000
2026-02-06 20:40:00+00:00,6922.35009765625,6929.1201171875,6922.18017578125,6929.1201171875,52420000
2026-02-06 20:45:00+00:00,6929.490234375,6933.27001953125,6929.3798828125,6932.60986328125,61334000
2026-02-06 20:50:00+00:00,6932.75,6944.89013671875,6932.5498046875,6941.2998046875,109865000
2026-02-06 20:55:00+00:00,6941.56005859375,6941.56005859375,6930.27001953125,6930.27001953125,235544000
2026-02-09 14:30:00+00:00,6917.259765625,6924.58984375,6905.8701171875,6921.10986328125,171213326
2026-02-09 14:35:00+00:00,6921.1298828125,6934.06005859375,6916.7001953125,6933.52001953125,70461664
2026-02-09 14:40:00+00:00,6933.91015625,6938.2998046875,6930.08984375,6934.580078125,61996821
2026-02-09 14:45:00+00:00,6934.240234375,6938.5400390625,6928.830078125,6934.9599609375,70392179
2026-02-09 14:50:00+00:00,6935.06982421875,6935.14990234375,6920.3701171875,6925.31982421875,52232693
2026-02-09 14:55:00+00:00,6925.5498046875,6930.580078125,6925.25,6926.97021484375,47516856
2026-02-09 15:00:00+00:00,6924.93994140625,6934.31982421875,6924.5498046875,6934.31982421875,47799472
2026-02-09 15:05:00+00:00,6934.2099609375,6941.58984375,6934.2099609375,6938.509765625,43293230
2026-02-09 15:10:00+00:00,6938.169921875,6939.56982421875,6933.5498046875,6939.39013671875,42203848
2026-02-09 15:15:00+00:00,6939.39013671875,6948.52001953125,6939.39013671875,6948.33984375,40729171
2026-02-09 15:20:00+00:00,6948.6298828125,6950.81005859375,6944.47021484375,6945.64990234375,37813368
2026-02-09 15:25:00+00:00,6945.72021484375,6945.830078125,6938.8798828125,6941.14990234375,35005339
2026-02-09 15:30:00+00:00,6941.16015625,6954.68994140625,6941.16015625,6954.5,38039962
2026-02-09 15:35:00+00:00,6954.31982421875,6959.490234375,6953.52978515625,6954.60986328125,38163949
2026-02-09 15:40:00+00:00,6954.75,6957.91015625,6954.66015625,6957.52001953125,33236098
2026-02-09 15:45:00+00:00,6957.60009765625,6959.72021484375,6954.740234375,6959.68994140625,33363816
2026-02-09 15:50:00+00:00,6959.75,6962.08984375,6957.9501953125,6960.58984375,31310130
2026-02-09 15:55:00+00:00,6960.6298828125,6966.85986328125,6960.2998046875,6964.68017578125,36439216
2026-02-09 16:00:00+00:00,6964.64013671875,6968.22998046875,6964.490234375,6967.7900390625,32688700
2026-02-09 16:05:00+00:00,6967.72021484375,6967.91015625,6963.5,6964.18994140625,31371086
2026-02-09 16:10:00+00:00,6964.33984375,6966.52001953125,6962.9501953125,6965.14990234375,30319076
2026-02-09 16:15:00+00:00,6965.5498046875,6967.0,6962.919921875,6963.10986328125,30865000
2026-02-09 16:20:00+00:00,6963.18017578125,6967.3701171875,6962.830078125,6967.3701171875,28520000
2026-02-09 16:25:00+00:00,6967.27001953125,6969.7001953125,6965.7900390625,6969.18994140625,27582000
2026-02-09 16:30:00+00:00,6969.10986328125,6969.27978515625,6966.97998046875,6967.72998046875,28898000
2026-02-09 16:35:00+00:00,6967.7001953125,6967.85986328125,6964.7099609375,6967.0400390625,27114000
2026-02-09 16:40:00+00:00,6967.0498046875,6971.7099609375,6967.0498046875,6971.6201171875,27566000
2026-02-09 16:45:00+00:00,6971.64990234375,6975.240234375,6971.5498046875,6973.97021484375,27437000
2026-02-09 16:50:00+00:00,6974.06982421875,6977.22998046875,6973.18994140625,6975.68994140625,27521000
2026-02-09 16:55:00+00:00,6975.64990234375,6978.169921875,6975.330078125,6975.56005859375,26412000
2026-02-09 17:00:00+00:00,6975.68017578125,6978.31005859375,6973.509765625,6976.52001953125,29107000
2026-02-09 17:05:00+00:00,6976.759765625,6977.31982421875,6975.10009765625,6975.8701171875,27392000
2026-02-09 17:10:00+00:00,6975.75,6978.60986328125,6975.4599609375,6976.47021484375,28367000
2026-02-09 17:15:00+00:00,6976.56005859375,6978.22998046875,6976.2099609375,6977.27001953125,31448000
2026-02-09 17:20:00+00:00,6977.16015625,6977.22998046875,6974.31005859375,6974.740234375,25820000
2026-02-09 17:25:00+00:00,6974.759765625,6975.33984375,6973.169921875,6973.2998046875,24463000
2026-02-09 17:30:00+00:00,6973.22998046875,6974.66015625,6971.830078125,6973.330078125,22599000
2026-02-09 17:35:00+00:00,6973.27978515625,6976.580078125,6972.52978515625,6972.9501953125,25985000
2026-02-09 17:40:00+00:00,6973.02978515625,6973.02978515625,6970.259765625,6970.83984375,22334000
2026-02-09 17:45:00+00:00,6970.93017578125,6971.93994140625,6969.22998046875,6971.5498046875,21940000
2026-02-09 17:50:00+00:00,6971.6298828125,6971.6298828125,6969.72021484375,6970.580078125,20333000
2026-02-09 17:55:00+00:00,6970.5,6970.52001953125,6967.18017578125,6967.580078125,22129000
2026-02-09 18:00:00+00:00,6967.669921875,6971.4501953125,6965.77978515625,6969.35986328125,25321000
2026-02-09 18:05:00+00:00,6969.43994140625,6970.7998046875,6967.240234375,6970.02978515625,22322000
2026-02-09 18:10:00+00:00,6970.06982421875,6971.009765625,6968.3798828125,6969.8701171875,23047000
2026-02-09 18:15:00+00:00,6969.93017578125,6970.60986328125,6968.41015625,6970.02978515625,23668000
2026-02-09 18:20:00+00:00,6969.93017578125,6971.22998046875,6958.240234375,6967.27978515625,33623000
2026-02-09 18:25:00+00:00,6967.16015625,6967.18994140625,6963.18017578125,6964.2001953125,19844000
2026-02-09 18:30:00+00:00,6964.2099609375,6969.64990234375,6962.4501953125,6968.02978515625,24586000
2026-02-09 18:35:00+00:00,6968.14013671875,6970.08984375,6967.31005859375,6969.68017578125,20536000
2026-02-09 18:40:00+00:00,6969.72021484375,6973.06982421875,6969.22021484375,6972.06982421875,21076000
2026-02-09 18:45:00+00:00,6972.1201171875,6973.7900390625,6969.77001953125,6969.830078125,21939000
2026-02-09 18:50:00+00:00,6969.7099609375,6971.0400390625,6968.64013671875,6969.240234375,22732000
2026-02-09 18:55:00+00:00,6969.27978515625,6970.7099609375,6967.14990234375,6968.68017578125,23199000
2026-02-09 19:00:00+00:00,6968.6298828125,6972.5498046875,6966.91015625,6972.27001953125,25586000
2026-02-09 19:05:00+00:00,6972.259765625,6972.3798828125,6968.919921875,6969.759765625,26250000
2026-02-09 19:10:00+00:00,6969.68017578125,6974.7001953125,6969.68017578125,6974.5,25178000
2026-02-09 19:15:00+00:00,6974.58984375,6975.60009765625,6973.830078125,6975.0,21627000
2026-02-09 19:20:00+00:00,6975.10009765625,6979.0400390625,6974.77978515625,6978.8798828125,26979000
2026-02-09 19:25:00+00:00,6978.81982421875,6980.10009765625,6977.97021484375,6979.1201171875,21558000
2026-02-09 19:30:00+00:00,6979.25,6980.06982421875,6977.89990234375,6978.43994140625,24282000
2026-02-09 19:35:00+00:00,6978.3798828125,6979.22021484375,6977.669921875,6978.580078125,21847000
2026-02-09 19:40:00+00:00,6978.64990234375,6978.64990234375,6976.77978515625,6977.66015625,23276000
2026-02-09 19:45:00+00:00,6977.60986328125,6978.58984375,6976.66015625,6978.0400390625,24141000
2026-02-09 19:50:00+00:00,6978.02001953125,6978.60009765625,6976.080078125,6977.25,23777000
2026-02-09 19:55:00+00:00,6977.27978515625,6977.64013671875,6975.490234375,6975.77001953125,26138000
2026-02-09 20:00:00+00:00,6975.7900390625,6978.47998046875,6974.77978515625,6976.66015625,30037000
2026-02-09 20:05:00+00:00,6976.7099609375,6978.85009765625,6976.56982421875,6976.72021484375,30388000
2026-02-09 20:10:00+00:00,6976.740234375,6978.06005859375,6976.0400390625,6976.0400390625,30643000
2026-02-09 20:15:00+00:00,6975.93017578125,6975.97021484375,6972.22021484375,6973.06982421875,32480000
2026-02-09 20:20:00+00:00,6972.85009765625,6973.18994140625,6969.91015625,6971.02001953125,36890000
2026-02-09 20:25:00+00:00,6970.9599609375,6971.009765625,6965.39990234375,6967.259765625,35057000
2026-02-09 20:30:00+00:00,6967.60986328125,6967.60986328125,6963.35009765625,6963.35009765625,40877000
2026-02-09 20:35:00+00:00,6963.240234375,6967.2001953125,6960.91015625,6967.18994140625,38195000
2026-02-09 20:40:00+00:00,6967.16015625,6969.77978515625,6964.89990234375,6967.740234375,44068000
2026-02-09 20:45:00+00:00,6967.7998046875,6970.18017578125,6967.64990234375,6970.18017578125,52385000
2026-02-09 20:50:00+00:00,6970.16015625,6971.5,6962.43017578125,6964.75,90459000
2026-02-09 20:55:00+00:00,6965.06005859375,6969.52978515625,6963.169921875,6963.169921875,198071000
2026-02-10 14:30:00+00:00,6974.490234375,6977.6298828125,6970.9501953125,6972.6201171875,150986168
2026-02-10 14:35:00+00:00,6973.18994140625,6974.75,6960.66015625,6965.83984375,61636479
2026-02-10 14:40:00+00:00,6965.39990234375,6966.0,6956.77978515625,6961.27001953125,53007043
2026-02-10 14:45:00+00:00,6961.1298828125,6963.56005859375,6957.97998046875,6960.3798828125,52972448
2026-02-10 14:50:00+00:00,6960.75,6975.22021484375,6960.75,6974.81005859375,48545924
2026-02-10 14:55:00+00:00,6975.16015625,6981.58984375,6974.39990234375,6978.77978515625,47315250
2026-02-10 15:00:00+00:00,6978.3798828125,6979.8701171875,6976.7001953125,6979.080078125,47697745
2026-02-10 15:05:00+00:00,6979.27978515625,6985.4501953125,6977.18017578125,6983.89990234375,44318728
2026-02-10 15:10:00+00:00,6983.990234375,6985.77001953125,6969.31005859375,6975.080078125,43774843
2026-02-10 15:15:00+00:00,6975.56982421875,6981.240234375,6971.1298828125,6980.97021484375,39951607
2026-02-10 15:20:00+00:00,6981.27001953125,6985.10009765625,6976.2001953125,6976.7001953125,37396244
2026-02-10 15:25:00+00:00,6976.52978515625,6981.85009765625,6975.27001953125,6980.27001953125,33288329
2026-02-10 15:30:00+00:00,6980.39990234375,6986.830078125,6979.0400390625,6980.830078125,40718885
2026-02-10 15:35:00+00:00,6980.66015625,6980.89013671875,6975.2998046875,6977.77978515625,37848488
2026-02-10 15:40:00+00:00,6977.52001953125,6982.740234375,6977.22021484375,6981.85009765625,35853250
2026-02-10 15:45:00+00:00,6981.93994140625,6983.4501953125,6976.39013671875,6978.259765625,34674960
2026-02-10 15:50:00+00:00,6978.16015625,6979.330078125,6974.4501953125,6977.64013671875,37032179
2026-02-10 15:55:00+00:00,6977.81982421875,6978.56982421875,6970.9501953125,6975.39013671875,36506962
2026-02-10 16:00:00+00:00,6975.330078125,6977.7998046875,6973.43017578125,6975.18017578125,33662630
2026-02-10 16:05:00+00:00,6975.25,6975.35986328125,6968.240234375,6968.240234375,36829103
2026-02-10 16:10:00+00:00,6967.89013671875,6972.14013671875,6967.89013671875,6970.06982421875,38937580
2026-02-10 16:15:00+00:00,6970.2099609375,6973.47021484375,6964.68017578125,6970.72021484375,41728155
2026-02-10 16:20:00+00:00,6970.7099609375,6971.10009765625,6962.18017578125,6965.72998046875,36778000
2026-02-10 16:25:00+00:00,6965.93994140625,6971.7099609375,6965.14013671875,6969.0,36835000
2026-02-10 16:30:00+00:00,6968.97998046875,6969.68994140625,6966.14013671875,6966.4599609375,38410000
2026-02-10 16:35:00+00:00,6966.56005859375,6969.89990234375,6966.39990234375,6968.9501953125,39064000
2026-02-10 16:40:00+00:00,6969.0498046875,6971.330078125,6967.4599609375,6967.669921875,30205000
2026-02-10 16:45:00+00:00,6967.490234375,6974.3701171875,6967.169921875,6967.39990234375,29185000
2026-02-10 16:50:00+00:00,6967.39013671875,6969.66015625,6964.330078125,6969.5498046875,28318000
2026-02-10 16:55:00+00:00,6969.4599609375,6971.64990234375,6967.85986328125,6968.31982421875,27210000
2026-02-10 17:00:00+00:00,6968.39990234375,6969.10009765625,6963.2099609375,6965.35986328125,27321000
2026-02-10 17:05:00+00:00,6965.4599609375,6972.66015625,6965.4599609375,6972.60009765625,24912000
2026-02-10 17:10:00+00:00,6972.58984375,6976.14990234375,6972.52001953125,6975.7001953125,24986000
2026-02-10 17:15:00+00:00,6975.81005859375,6977.77001953125,6974.830078125,6977.14990234375,25973000
2026-02-10 17:20:00+00:00,6977.18017578125,6977.52978515625,6970.89990234375,6972.31982421875,27082000
2026-02-10 17:25:00+00:00,6972.35986328125,6974.7998046875,6971.66015625,6973.3798828125,23873000
2026-02-10 17:30:00+00:00,6973.35986328125,6974.4501953125,6971.35009765625,6972.740234375,23033000
2026-02-10 17:35:00+00:00,6972.740234375,6973.5,6969.6298828125,6972.080078125,24097000
2026-02-10 17:40:00+00:00,6972.10009765625,6976.72998046875,6972.10009765625,6975.97998046875,23205000
2026-02-10 17:45:00+00:00,6976.06982421875,6979.06005859375,6976.06982421875,6976.669921875,24356000
2026-02-10 17:50:00+00:00,6976.68017578125,6978.330078125,6975.47021484375,6976.240234375,25773000
2026-02-10 17:55:00+00:00,6976.259765625,6976.5400390625,6974.35986328125,6975.06005859375,24624000
2026-02-10 18:00:00+00:00,6975.080078125,6975.22998046875,6971.93994140625,6973.22021484375,22451000
2026-02-10 18:05:00+00:00,6973.18017578125,6973.18994140625,6969.009765625,6969.56982421875,22271000
2026-02-10 18:10:00+00:00,6969.58984375,6970.39990234375,6966.97998046875,6967.22998046875,22281000
2026-02-10 18:15:00+00:00,6967.27001953125,6967.669921875,6960.43017578125,6961.759765625,25705000
2026-02-10 18:20:00+00:00,6961.89990234375,6965.18994140625,6957.93017578125,6962.830078125,28801000
2026-02-10 18:25:00+00:00,6962.89013671875,6963.02978515625,6955.10009765625,6955.490234375,27199000
2026-02-10 18:30:00+00:00,6955.52978515625,6957.1298828125,6951.06982421875,6953.2099609375,26997000
2026-02-10 18:35:00+00:00,6953.27978515625,6959.2001953125,6952.75,6957.919921875,27910000
2026-02-10 18:40:00+00:00,6957.8701171875,6958.85009765625,6956.47998046875,6956.85009765625,21047000
2026-02-10 18:45:00+00:00,6956.83984375,6956.83984375,6951.33984375,6951.85986328125,24184000
2026-02-10 18:50:00+00:00,6951.8798828125,6953.66015625,6949.64013671875,6949.89013671875,23907000
2026-02-10 18:55:00+00:00,6949.89013671875,6958.68994140625,6949.68017578125,6957.56982421875,26235000
2026-02-10 19:00:00+00:00,6957.6298828125,6959.35986328125,6955.10986328125,6955.7998046875,28765000
2026-02-10 19:05:00+00:00,6955.7998046875,6957.4501953125,6953.43994140625,6955.43017578125,23300000
2026-02-10 19:10:00+00:00,6955.41015625,6958.18017578125,6954.47021484375,6957.7099609375,21701000
2026-02-10 19:15:00+00:00,6957.7099609375,6957.7099609375,6952.6298828125,6953.830078125,23357000
2026-02-10 19:20:00+00:00,6953.85009765625,6958.77001953125,6953.7998046875,6958.68017578125,22369000
2026-02-10 19:25:00+00:00,6958.64013671875,6959.580078125,6956.33984375,6959.4599609375,21945000
2026-02-10 19:30:00+00:00,6959.509765625,6962.02001953125,6958.27001953125,6958.4501953125,29296000
2026-02-10 19:35:00+00:00,6958.35986328125,6960.41015625,6958.25,6959.669921875,22917000
2026-02-10 19:40:00+00:00,6959.64013671875,6960.85986328125,6954.990234375,6955.89990234375,27584000
2026-02-10 19:45:00+00:00,6955.990234375,6958.83984375,6955.83984375,6958.6298828125,26828000
2026-02-10 19:50:00+00:00,6958.64013671875,6958.64013671875,6955.06005859375,6955.66015625,24191000
2026-02-10 19:55:00+00:00,6955.64013671875,6960.0400390625,6955.56005859375,6958.4501953125,29152000
2026-02-10 20:00:00+00:00,6958.5400390625,6960.5498046875,6955.35986328125,6955.56005859375,32191000
2026-02-10 20:05:00+00:00,6955.580078125,6956.81005859375,6953.7099609375,6955.47998046875,29013000
2026-02-10 20:10:00+00:00,6955.60986328125,6955.93994140625,6952.2900390625,6953.0498046875,31432000
2026-02-10 20:15:00+00:00,6953.169921875,6958.22021484375,6953.06005859375,6957.56005859375,33028000
2026-02-10 20:20:00+00:00,6957.3701171875,6959.0400390625,6954.89990234375,6954.89990234375,35633000
2026-02-10 20:25:00+00:00,6954.91015625,6956.1201171875,6951.830078125,6953.7998046875,34416000
2026-02-10 20:30:00+00:00,6953.85009765625,6956.4599609375,6951.3798828125,6951.93994140625,40140000
2026-02-10 20:35:00+00:00,6952.02978515625,6953.2099609375,6950.02978515625,6950.02978515625,41429000
2026-02-10 20:40:00+00:00,6950.14990234375,6952.7099609375,6949.919921875,6950.97021484375,44856000
2026-02-10 20:45:00+00:00,6951.14013671875,6954.7001953125,6950.56005859375,6954.27001953125,53419000
2026-02-10 20:50:00+00:00,6954.43994140625,6954.43994140625,6942.8701171875,6943.89990234375,94555000
2026-02-10 20:55:00+00:00,6944.0400390625,6944.81005859375,6937.52978515625,6940.009765625,214637000
2026-02-11 14:30:00+00:00,6976.47998046875,6993.47998046875,6976.47998046875,6982.75,180537510
2026-02-11 14:35:00+00:00,6982.91015625,6983.77001953125,6972.759765625,6973.97998046875,71970940
2026-02-11 14:40:00+00:00,6974.02001953125,6979.31982421875,6972.33984375,6975.919921875,66055423
2026-02-11 14:45:00+00:00,6975.6298828125,6984.89990234375,6974.919921875,6977.419921875,60321192
2026-02-11 14:50:00+00:00,6977.7099609375,6979.259765625,6969.68017578125,6971.56005859375,55759695
2026-02-11 14:55:00+00:00,6971.990234375,6974.85986328125,6959.35986328125,6961.2998046875,51741828
2026-02-11 15:00:00+00:00,6961.259765625,6967.43994140625,6955.16015625,6957.10009765625,54602259
2026-02-11 15:05:00+00:00,6957.2099609375,6957.9501953125,6947.31005859375,6948.22998046875,45706873
2026-02-11 15:10:00+00:00,6947.7001953125,6947.7998046875,6928.7900390625,6937.64990234375,54740246
2026-02-11 15:15:00+00:00,6937.47021484375,6939.18017578125,6927.10986328125,6927.10986328125,51621040
2026-02-11 15:20:00+00:00,6927.39990234375,6928.2900390625,6914.25,6915.56982421875,50395388
2026-02-11 15:25:00+00:00,6915.7900390625,6924.1298828125,6911.97021484375,6917.72021484375,54605044
2026-02-11 15:30:00+00:00,6917.490234375,6927.85009765625,6916.77978515625,6927.240234375,44708415
2026-02-11 15:35:00+00:00,6927.41015625,6933.7998046875,6923.1201171875,6933.5,45581278
2026-02-11 15:40:00+00:00,6933.43017578125,6937.580078125,6928.7900390625,6933.14013671875,38656579
2026-02-11 15:45:00+00:00,6932.66015625,6937.009765625,6924.330078125,6925.7998046875,38955752
2026-02-11 15:50:00+00:00,6925.75,6945.97021484375,6923.14013671875,6945.580078125,41670538
2026-02-11 15:55:00+00:00,6945.52978515625,6946.68017578125,6942.6201171875,6943.83984375,38136000
2026-02-11 16:00:00+00:00,6944.18994140625,6946.60986328125,6937.2001953125,6938.66015625,39362000
2026-02-11 16:05:00+00:00,6938.5400390625,6939.81982421875,6935.06005859375,6935.72998046875,33292000
2026-02-11 16:10:00+00:00,6935.72021484375,6949.35009765625,6935.419921875,6949.1298828125,34716000
2026-02-11 16:15:00+00:00,6949.009765625,6949.9501953125,6944.490234375,6948.759765625,33986000
2026-02-11 16:20:00+00:00,6948.72021484375,6955.35009765625,6948.52001953125,6953.919921875,35253000
2026-02-11 16:25:00+00:00,6953.97021484375,6954.77001953125,6939.4501953125,6939.4501953125,34121000
2026-02-11 16:30:00+00:00,6939.3701171875,6946.97998046875,6936.6201171875,6944.14990234375,38395000
2026-02-11 16:35:00+00:00,6944.169921875,6947.93017578125,6940.22021484375,6947.93017578125,33478000
2026-02-11 16:40:00+00:00,6948.02001953125,6953.68994140625,6948.02001953125,6950.83984375,30791000
2026-02-11 16:45:00+00:00,6950.669921875,6953.0400390625,6945.85009765625,6947.240234375,29720000
2026-02-11 16:50:00+00:00,6947.259765625,6950.3798828125,6945.27001953125,6947.97021484375,27489000
2026-02-11 16:55:00+00:00,6947.9501953125,6948.10009765625,6940.72998046875,6941.14990234375,28135000
2026-02-11 17:00:00+00:00,6941.1201171875,6941.1201171875,6934.68994140625,6936.31005859375,30453000
2026-02-11 17:05:00+00:00,6936.10009765625,6944.14013671875,6935.580078125,6944.1201171875,28914000
2026-02-11 17:10:00+00:00,6944.08984375,6946.66015625,6940.97021484375,6944.2998046875,26675000
2026-02-11 17:15:00+00:00,6944.27978515625,6950.75,6941.97998046875,6946.259765625,28543000
2026-02-11 17:20:00+00:00,6946.43017578125,6951.77978515625,6943.06982421875,6951.490234375,27954000
2026-02-11 17:25:00+00:00,6951.47021484375,6958.56005859375,6951.47021484375,6955.8798828125,31127000
2026-02-11 17:30:00+00:00,6956.22998046875,6956.81982421875,6951.8798828125,6952.9599609375,33150000
2026-02-11 17:35:00+00:00,6953.0,6954.7001953125,6950.93994140625,6952.9501953125,24441000
2026-02-11 17:40:00+00:00,6952.93017578125,6958.85986328125,6952.93017578125,6958.009765625,22545000
2026-02-11 17:45:00+00:00,6957.91015625,6959.02001953125,6954.509765625,6958.43994140625,24004000
2026-02-11 17:50:00+00:00,6957.97998046875,6960.27978515625,6954.4501953125,6956.06982421875,28683000
2026-02-11 17:55:00+00:00,6955.9599609375,6956.009765625,6946.6201171875,6948.2001953125,25400000
2026-02-11 18:00:00+00:00,6948.18994140625,6949.93017578125,6944.0,6947.14013671875,26892000
2026-02-11 18:05:00+00:00,6947.10009765625,6947.27978515625,6941.14013671875,6941.14013671875,23406000
2026-02-11 18:10:00+00:00,6941.10009765625,6941.10009765625,6936.0498046875,6937.06982421875,27330000
2026-02-11 18:15:00+00:00,6937.06005859375,6945.2900390625,6934.97021484375,6941.759765625,30990000
2026-02-11 18:20:00+00:00,6941.7998046875,6944.33984375,6939.97021484375,6943.14013671875,23341000
2026-02-11 18:25:00+00:00,6943.080078125,6949.5400390625,6941.68994140625,6948.8798828125,27232000
2026-02-11 18:30:00+00:00,6948.72998046875,6950.35009765625,6943.9599609375,6943.9599609375,28482000
2026-02-11 18:35:00+00:00,6943.75,6948.89990234375,6943.2900390625,6948.31982421875,27204000
2026-02-11 18:40:00+00:00,6948.2001953125,6948.2001953125,6942.60009765625,6944.4599609375,24671000
2026-02-11 18:45:00+00:00,6944.52001953125,6949.080078125,6944.35986328125,6948.919921875,26183000
2026-02-11 18:50:00+00:00,6949.22998046875,6950.16015625,6941.669921875,6949.6201171875,33116000
2026-02-11 18:55:00+00:00,6949.6298828125,6950.89013671875,6947.2998046875,6947.93017578125,28764000
2026-02-11 19:00:00+00:00,6947.8798828125,6948.60986328125,6945.39013671875,6948.60986328125,29014000
2026-02-11 19:05:00+00:00,6948.7001953125,6949.580078125,6942.919921875,6946.58984375,34587000
2026-02-11 19:10:00+00:00,6946.64990234375,6954.580078125,6945.93994140625,6953.39013671875,24925000
2026-02-11 19:15:00+00:00,6953.39990234375,6955.31982421875,6953.10986328125,6953.97021484375,26803000
2026-02-11 19:20:00+00:00,6953.8798828125,6957.85009765625,6953.77978515625,6957.31982421875,25074000
2026-02-11 19:25:00+00:00,6957.419921875,6960.08984375,6956.85986328125,6958.60009765625,28601000
2026-02-11 19:30:00+00:00,6958.60009765625,6958.60009765625,6953.990234375,6957.18994140625,26700000
2026-02-11 19:35:00+00:00,6957.14013671875,6959.330078125,6956.60986328125,6956.60986328125,26846000
2026-02-11 19:40:00+00:00,6956.56005859375,6957.919921875,6955.35986328125,6957.919921875,25166000
2026-02-11 19:45:00+00:00,6957.8701171875,6957.97021484375,6944.81005859375,6952.52978515625,37689000
2026-02-11 19:50:00+00:00,6952.4599609375,6953.4501953125,6949.7001953125,6951.2001953125,31195000
2026-02-11 19:55:00+00:00,6951.259765625,6952.39990234375,6948.9501953125,6949.93994140625,28658000
2026-02-11 20:00:00+00:00,6949.77978515625,6951.89990234375,6948.4501953125,6951.169921875,33193000
2026-02-11 20:05:00+00:00,6951.2099609375,6951.5400390625,6948.10986328125,6948.66015625,30959000
2026-02-11 20:10:00+00:00,6948.52978515625,6949.919921875,6947.8798828125,6948.509765625,34212000
2026-02-11 20:15:00+00:00,6948.60009765625,6951.2099609375,6947.27978515625,6948.330078125,36075000
2026-02-11 20:20:00+00:00,6948.1298828125,6948.14990234375,6944.27001953125,6946.81982421875,37077000
2026-02-11 20:25:00+00:00,6946.990234375,6947.89990234375,6943.35986328125,6943.43994140625,38961000
2026-02-11 20:30:00+00:00,6943.4501953125,6944.35009765625,6939.77978515625,6940.60009765625,44278000
2026-02-11 20:35:00+00:00,6940.6298828125,6946.47021484375,6940.27978515625,6946.43017578125,47369000
2026-02-11 20:40:00+00:00,6946.81005859375,6949.830078125,6945.1201171875,6945.56005859375,52342000
2026-02-11 20:45:00+00:00,6945.669921875,6950.2900390625,6945.4501953125,6950.14990234375,62199000
2026-02-11 20:50:00+00:00,6950.1201171875,6950.1201171875,6942.91015625,6947.93994140625,102041000
2026-02-11 20:55:00+00:00,6947.77978515625,6947.77978515625,6939.68017578125,6939.68017578125,221784000
2026-02-12 14:30:00+00:00,6957.5400390625,6971.7998046875,6957.5400390625,6969.43017578125,0
2026-02-12 14:35:00+00:00,6969.14013671875,6970.66015625,6964.56982421875,6968.5498046875,75348240
2026-02-12 14:40:00+00:00,6968.93994140625,6973.22021484375,6959.43017578125,6960.6201171875,64552487
2026-02-12 14:45:00+00:00,6960.52978515625,6963.39013671875,6952.52001953125,6952.669921875,69401965
2026-02-12 14:50:00+00:00,6952.75,6959.14990234375,6951.27978515625,6957.31005859375,58489117
2026-02-12 14:55:00+00:00,6957.259765625,6957.259765625,6942.64013671875,6945.93017578125,54402031
2026-02-12 15:00:00+00:00,6949.47021484375,6955.85009765625,6943.16015625,6946.31005859375,61786007
2026-02-12 15:05:00+00:00,6946.56005859375,6951.97021484375,6941.1298828125,6943.16015625,57980084
2026-02-12 15:10:00+00:00,6943.22998046875,6953.8798828125,6941.72998046875,6953.8701171875,51204704
2026-02-12 15:15:00+00:00,6953.93994140625,6955.7998046875,6948.4501953125,6948.669921875,45395771
2026-02-12 15:20:00+00:00,6948.0400390625,6956.89013671875,6944.919921875,6950.330078125,42606359
2026-02-12 15:25:00+00:00,6950.2900390625,6952.81982421875,6947.490234375,6950.66015625,44375566
2026-02-12 15:30:00+00:00,6950.68017578125,6954.259765625,6939.08984375,6939.08984375,44246890
2026-02-12 15:35:00+00:00,6939.10009765625,6940.66015625,6929.52978515625,6930.43017578125,48771046
2026-02-12 15:40:00+00:00,6930.60986328125,6931.919921875,6922.93017578125,6923.02978515625,55930003
2026-02-12 15:45:00+00:00,6923.27001953125,6927.81005859375,6921.56005859375,6924.08984375,54921464
2026-02-12 15:50:00+00:00,6923.97998046875,6926.85986328125,6915.41015625,6915.41015625,54051824
2026-02-12 15:55:00+00:00,6914.56982421875,6915.4501953125,6904.97998046875,6905.3798828125,51186000
2026-02-12 16:00:00+00:00,6905.39990234375,6906.77001953125,6899.27001953125,6900.60986328125,55593000
2026-02-12 16:05:00+00:00,6900.27001953125,6901.0498046875,6888.18017578125,6889.39013671875,54025000
2026-02-12 16:10:00+00:00,6889.4501953125,6890.41015625,6879.7998046875,6882.330078125,51565000
2026-02-12 16:15:00+00:00,6882.08984375,6883.47021484375,6870.68017578125,6874.14013671875,56160000
2026-02-12 16:20:00+00:00,6874.0400390625,6875.52001953125,6864.0,6869.72998046875,58759000
2026-02-12 16:25:00+00:00,6869.509765625,6869.509765625,6854.93994140625,6855.39013671875,56014000
2026-02-12 16:30:00+00:00,6855.31005859375,6869.22998046875,6855.02978515625,6863.31005859375,58954000
2026-02-12 16:35:00+00:00,6863.72998046875,6877.16015625,6863.56982421875,6874.7998046875,56663000
2026-02-12 16:40:00+00:00,6874.68017578125,6877.3798828125,6867.18994140625,6869.009765625,46758000
2026-02-12 16:45:00+00:00,6868.72021484375,6872.5,6860.14990234375,6864.740234375,45230000
2026-02-12 16:50:00+00:00,6864.6201171875,6867.58984375,6858.72998046875,6861.14013671875,48245000
2026-02-12 16:55:00+00:00,6861.0400390625,6866.35986328125,6861.0400390625,6866.35986328125,40804000
2026-02-12 17:00:00+00:00,6866.02001953125,6866.02001953125,6854.3798828125,6863.10986328125,43091000
2026-02-12 17:05:00+00:00,6863.22998046875,6869.58984375,6855.7900390625,6868.169921875,41011000
2026-02-12 17:10:00+00:00,6868.16015625,6868.16015625,6855.91015625,6857.43017578125,33026000
2026-02-12 17:15:00+00:00,6857.52978515625,6860.33984375,6854.3798828125,6855.68994140625,36405000
2026-02-12 17:20:00+00:00,6855.43017578125,6869.43017578125,6855.240234375,6868.6298828125,37467000
2026-02-12 17:25:00+00:00,6868.580078125,6871.490234375,6858.47021484375,6860.5498046875,48461000
2026-02-12 17:30:00+00:00,6860.68017578125,6867.41015625,6858.7900390625,6867.41015625,37904000
2026-02-12 17:35:00+00:00,6867.22021484375,6875.35986328125,6867.22021484375,6868.68994140625,36984000
2026-02-12 17:40:00+00:00,6868.22021484375,6873.39013671875,6865.990234375,6870.31005859375,31673000
2026-02-12 17:45:00+00:00,6870.31005859375,6873.3798828125,6860.9501953125,6863.5,30415000
2026-02-12 17:50:00+00:00,6863.56005859375,6867.89990234375,6855.47021484375,6856.56005859375,33430000
2026-02-12 17:55:00+00:00,6856.41015625,6859.06982421875,6849.3798828125,6849.7998046875,35180000
2026-02-12 18:00:00+00:00,6849.60986328125,6855.0498046875,6844.259765625,6850.02001953125,43688000
2026-02-12 18:05:00+00:00,6850.22998046875,6860.47021484375,6850.22998046875,6852.83984375,34486000
2026-02-12 18:10:00+00:00,6852.93994140625,6854.6298828125,6850.41015625,6852.22021484375,30268000
2026-02-12 18:15:00+00:00,6852.33984375,6852.47998046875,6844.6201171875,6845.7001953125,30051000
2026-02-12 18:20:00+00:00,6845.5498046875,6856.47021484375,6845.5498046875,6854.33984375,32686000
2026-02-12 18:25:00+00:00,6854.580078125,6856.5,6842.4501953125,6851.2099609375,70994000
2026-02-12 18:30:00+00:00,6851.2900390625,6854.759765625,6847.8798828125,6853.31005859375,33172000
2026-02-12 18:35:00+00:00,6853.31982421875,6861.97021484375,6852.35009765625,6861.97021484375,30258000
2026-02-12 18:40:00+00:00,6862.14013671875,6868.81982421875,6859.56005859375,6868.64990234375,28017000
2026-02-12 18:45:00+00:00,6868.58984375,6870.52978515625,6865.68994140625,6866.10009765625,32160000
2026-02-12 18:50:00+00:00,6865.89013671875,6873.1298828125,6864.2998046875,6869.85986328125,29104000
2026-02-12 18:55:00+00:00,6870.02978515625,6872.35009765625,6862.4599609375,6866.830078125,52300000
2026-02-12 19:00:00+00:00,6866.9599609375,6870.27001953125,6863.02001953125,6864.06005859375,31203000
2026-02-12 19:05:00+00:00,6864.16015625,6868.4501953125,6864.16015625,6865.35986328125,27784000
2026-02-12 19:10:00+00:00,6865.2099609375,6865.81982421875,6856.330078125,6861.18994140625,32426000
2026-02-12 19:15:00+00:00,6861.25,6871.3701171875,6861.240234375,6870.68017578125,30307000
2026-02-12 19:20:00+00:00,6870.9599609375,6874.14990234375,6869.43994140625,6872.25,30914000
2026-02-12 19:25:00+00:00,6872.10986328125,6872.7998046875,6860.18017578125,6861.2001953125,38474000
2026-02-12 19:30:00+00:00,6861.27978515625,6870.009765625,6861.27978515625,6867.68994140625,35680000
2026-02-12 19:35:00+00:00,6867.64990234375,6873.2001953125,6867.240234375,6873.080078125,30823000
2026-02-12 19:40:00+00:00,6873.1201171875,6874.72021484375,6867.490234375,6869.85009765625,33041000
2026-02-12 19:45:00+00:00,6869.83984375,6876.7998046875,6869.83984375,6876.7099609375,31647000
2026-02-12 19:50:00+00:00,6876.85986328125,6879.1298828125,6873.14990234375,6873.52001953125,32280000
2026-02-12 19:55:00+00:00,6873.509765625,6877.68994140625,6867.81982421875,6870.7998046875,45174000
2026-02-12 20:00:00+00:00,6871.0400390625,6874.2001953125,6869.919921875,6873.68994140625,35046000
2026-02-12 20:05:00+00:00,6873.990234375,6874.64013671875,6866.7001953125,6866.93017578125,34800000
2026-02-12 20:10:00+00:00,6866.990234375,6868.81005859375,6862.1201171875,6868.2900390625,35679000
2026-02-12 20:15:00+00:00,6868.43017578125,6868.56005859375,6861.0,6861.18017578125,35412000
2026-02-12 20:20:00+00:00,6861.10986328125,6861.22998046875,6855.5400390625,6856.9501953125,40599000
2026-02-12 20:25:00+00:00,6857.06982421875,6857.2099609375,6851.1201171875,6851.8798828125,38741000
2026-02-12 20:30:00+00:00,6851.64013671875,6853.27001953125,6845.27001953125,6848.89013671875,48013000
2026-02-12 20:35:00+00:00,6848.85009765625,6851.02001953125,6847.16015625,6848.8701171875,50355000
2026-02-12 20:40:00+00:00,6848.919921875,6853.06005859375,6844.18017578125,6845.8701171875,56392000
2026-02-12 20:45:00+00:00,6846.02978515625,6846.7099609375,6836.22998046875,6838.56982421875,69638000
2026-02-12 20:50:00+00:00,6838.4501953125,6838.4501953125,6824.0400390625,6836.759765625,116050000
2026-02-12 20:55:00+00:00,6837.2099609375,6837.89990234375,6829.740234375,6833.5400390625,247636000
2026-02-13 14:30:00+00:00,6834.27001953125,6845.2998046875,6826.6298828125,6830.990234375,0
2026-02-13 14:35:00+00:00,6831.52978515625,6831.9501953125,6817.25,6817.25,66772518
2026-02-13 14:40:00+00:00,6817.56005859375,6823.18994140625,6794.5498046875,6822.43017578125,71550688
2026-02-13 14:45:00+00:00,6822.669921875,6846.77001953125,6822.669921875,6833.25,67278305
2026-02-13 14:50:00+00:00,6833.33984375,6833.830078125,6818.259765625,6824.97998046875,59869689
2026-02-13 14:55:00+00:00,6824.3798828125,6839.0,6815.0400390625,6816.56982421875,51960269
2026-02-13 15:00:00+00:00,6817.68994140625,6834.85986328125,6817.68994140625,6829.64013671875,55026079
2026-02-13 15:05:00+00:00,6829.31982421875,6842.64013671875,6819.81982421875,6842.64013671875,49075411
2026-02-13 15:10:00+00:00,6842.490234375,6847.169921875,6832.64013671875,6833.14990234375,47473137
2026-02-13 15:15:00+00:00,6832.740234375,6840.830078125,6824.52001953125,6829.240234375,41642553
2026-02-13 15:20:00+00:00,6828.81982421875,6840.35986328125,6824.5400390625,6831.60009765625,40084061
2026-02-13 15:25:00+00:00,6831.22021484375,6851.64990234375,6830.31005859375,6848.52978515625,41590424
2026-02-13 15:30:00+00:00,6848.5498046875,6863.47021484375,6848.52001953125,6860.02001953125,41734246
2026-02-13 15:35:00+00:00,6860.06005859375,6864.25,6847.97998046875,6848.0400390625,44170334
2026-02-13 15:40:00+00:00,6848.2998046875,6850.0,6834.7099609375,6835.02001953125,38626337
2026-02-13 15:45:00+00:00,6835.25,6840.56005859375,6827.2099609375,6829.2998046875,41330276
2026-02-13 15:50:00+00:00,6829.830078125,6846.52001953125,6829.56982421875,6845.1201171875,36312852
2026-02-13 15:55:00+00:00,6844.83984375,6849.97021484375,6841.93994140625,6844.4599609375,33601943
2026-02-13 16:00:00+00:00,6843.89990234375,6852.919921875,6843.89990234375,6852.919921875,31188086
2026-02-13 16:05:00+00:00,6852.89990234375,6861.2099609375,6852.22021484375,6859.1298828125,32070000
2026-02-13 16:10:00+00:00,6859.22998046875,6859.2900390625,6846.31005859375,6852.5,33896000
2026-02-13 16:15:00+00:00,6852.740234375,6859.169921875,6850.68017578125,6850.68017578125,29415000
2026-02-13 16:20:00+00:00,6850.64013671875,6852.8798828125,6838.22998046875,6842.2998046875,29017000
2026-02-13 16:25:00+00:00,6842.419921875,6857.2900390625,6841.91015625,6855.41015625,29980000
2026-02-13 16:30:00+00:00,6856.25,6860.02001953125,6849.330078125,6857.08984375,32234000
2026-02-13 16:35:00+00:00,6857.4501953125,6862.27001953125,6852.7001953125,6862.27001953125,29155000
2026-02-13 16:40:00+00:00,6862.580078125,6865.0,6859.18994140625,6864.8798828125,27100000
2026-02-13 16:45:00+00:00,6864.77001953125,6868.56982421875,6863.02978515625,6863.68994140625,27565000
2026-02-13 16:50:00+00:00,6863.81005859375,6868.5498046875,6862.10009765625,6868.35009765625,24312000
2026-02-13 16:55:00+00:00,6868.39013671875,6873.75,6866.85009765625,6866.85009765625,26993000
2026-02-13 17:00:00+00:00,6866.4501953125,6873.64990234375,6864.5,6872.18994140625,26837000
2026-02-13 17:05:00+00:00,6872.2001953125,6875.81982421875,6870.39013671875,6871.85009765625,26908000
2026-02-13 17:10:00+00:00,6871.7900390625,6879.60009765625,6871.68994140625,6879.27001953125,24476000
2026-02-13 17:15:00+00:00,6879.22998046875,6879.3701171875,6868.330078125,6869.5400390625,23917000
2026-02-13 17:20:00+00:00,6869.919921875,6879.43994140625,6869.77001953125,6877.06982421875,24530000
2026-02-13 17:25:00+00:00,6877.41015625,6877.81982421875,6872.7099609375,6872.91015625,24779000
2026-02-13 17:30:00+00:00,6872.8701171875,6880.06982421875,6872.240234375,6878.08984375,23372000
2026-02-13 17:35:00+00:00,6878.02978515625,6879.6298828125,6875.68017578125,6878.47021484375,21505000
2026-02-13 17:40:00+00:00,6878.7001953125,6881.9599609375,6876.490234375,6876.58984375,22476000
2026-02-13 17:45:00+00:00,6876.58984375,6879.1298828125,6873.91015625,6879.06982421875,23093000
2026-02-13 17:50:00+00:00,6879.1298828125,6879.1298828125,6872.669921875,6873.9599609375,21540000
2026-02-13 17:55:00+00:00,6874.080078125,6874.81982421875,6868.14013671875,6869.75,24616000
2026-02-13 18:00:00+00:00,6869.81982421875,6872.419921875,6862.93017578125,6864.0498046875,24136000
2026-02-13 18:05:00+00:00,6864.0400390625,6868.22021484375,6860.66015625,6866.89990234375,21731000
2026-02-13 18:10:00+00:00,6866.72021484375,6873.10009765625,6866.72021484375,6871.81005859375,21174000
2026-02-13 18:15:00+00:00,6871.89990234375,6876.830078125,6869.64013671875,6872.4501953125,23685000
2026-02-13 18:20:00+00:00,6872.35986328125,6880.93994140625,6872.0498046875,6878.080078125,21655000
2026-02-13 18:25:00+00:00,6878.0,6880.1201171875,6868.4599609375,6871.81982421875,38276000
2026-02-13 18:30:00+00:00,6872.1201171875,6877.3701171875,6870.7001953125,6876.6201171875,19844000
2026-02-13 18:35:00+00:00,6876.66015625,6879.06982421875,6872.33984375,6876.6298828125,20692000
2026-02-13 18:40:00+00:00,6876.60009765625,6877.18017578125,6868.3701171875,6868.83984375,18849000
2026-02-13 18:45:00+00:00,6868.81005859375,6875.9501953125,6868.81005859375,6871.2998046875,19813000
2026-02-13 18:50:00+00:00,6871.419921875,6871.419921875,6863.81005859375,6868.16015625,20179000
2026-02-13 18:55:00+00:00,6868.14990234375,6869.47998046875,6863.39990234375,6866.60986328125,31588000
2026-02-13 19:00:00+00:00,6866.490234375,6869.27001953125,6864.14013671875,6864.4501953125,22700000
2026-02-13 19:05:00+00:00,6864.5400390625,6870.8798828125,6864.52978515625,6870.39013671875,22299000
2026-02-13 19:10:00+00:00,6870.2900390625,6872.81982421875,6866.43994140625,6869.10986328125,21883000
2026-02-13 19:15:00+00:00,6869.10986328125,6869.72998046875,6865.330078125,6869.22998046875,18382000
2026-02-13 19:20:00+00:00,6869.259765625,6872.4501953125,6867.9501953125,6872.1298828125,20313000
2026-02-13 19:25:00+00:00,6872.10986328125,6872.27001953125,6859.5498046875,6861.85009765625,27165000
2026-02-13 19:30:00+00:00,6861.93017578125,6867.830078125,6861.64990234375,6865.43017578125,25257000
2026-02-13 19:35:00+00:00,6865.52001953125,6866.72021484375,6857.56005859375,6859.52001953125,22476000
2026-02-13 19:40:00+00:00,6859.60009765625,6861.2001953125,6852.72998046875,6855.41015625,22514000
2026-02-13 19:45:00+00:00,6855.5,6860.89990234375,6854.3701171875,6857.2001953125,21593000
2026-02-13 19:50:00+00:00,6857.43017578125,6858.080078125,6850.60986328125,6851.490234375,21897000
2026-02-13 19:55:00+00:00,6851.5498046875,6854.14013671875,6842.39990234375,6842.81982421875,30584000
2026-02-13 20:00:00+00:00,6842.83984375,6851.259765625,6842.83984375,6850.8701171875,25682000
2026-02-13 20:05:00+00:00,6850.72021484375,6851.52978515625,6846.31982421875,6849.77978515625,27577000
2026-02-13 20:10:00+00:00,6849.919921875,6849.919921875,6840.4599609375,6840.4599609375,28615000
2026-02-13 20:15:00+00:00,6840.39013671875,6844.89013671875,6838.1298828125,6844.89013671875,33236000
2026-02-13 20:20:00+00:00,6844.740234375,6844.8701171875,6836.2001953125,6836.2001953125,30502000
2026-02-13 20:25:00+00:00,6836.0400390625,6837.259765625,6823.009765625,6825.64990234375,35391000
2026-02-13 20:30:00+00:00,6825.41015625,6830.85986328125,6821.52001953125,6821.52001953125,41604000
2026-02-13 20:35:00+00:00,6821.6201171875,6825.0,6819.58984375,6822.52001953125,38810000
2026-02-13 20:40:00+00:00,6822.509765625,6826.740234375,6817.6298828125,6821.10986328125,44868000
2026-02-13 20:45:00+00:00,6821.0,6832.27001953125,6820.490234375,6831.330078125,56435000
2026-02-13 20:50:00+00:00,6831.490234375,6835.330078125,6822.97021484375,6834.2900390625,90032000
2026-02-13 20:55:00+00:00,6834.22998046875,6837.1201171875,6828.009765625,6835.080078125,205152000
2026-02-17 14:30:00+00:00,6819.85986328125,6837.7001953125,6816.10986328125,6834.64990234375,0
2026-02-17 14:35:00+00:00,6834.5498046875,6845.240234375,6832.22021484375,6843.3701171875,57981489
2026-02-17 14:40:00+00:00,6842.990234375,6844.759765625,6821.81982421875,6824.3798828125,52330569
2026-02-17 14:45:00+00:00,6824.4599609375,6829.35009765625,6814.64990234375,6819.759765625,60993507
2026-02-17 14:50:00+00:00,6820.14013671875,6822.33984375,6793.68017578125,6794.9501953125,52124497
2026-02-17 14:55:00+00:00,6795.1298828125,6796.14990234375,6783.330078125,6783.8798828125,48935248
2026-02-17 15:00:00+00:00,6783.56005859375,6799.52978515625,6780.47998046875,6799.52978515625,46633385
2026-02-17 15:05:00+00:00,6799.3798828125,6802.52978515625,6791.56982421875,6792.02978515625,39948487
2026-02-17 15:10:00+00:00,6792.02001953125,6796.85986328125,6784.4501953125,6787.58984375,43578526
2026-02-17 15:15:00+00:00,6787.60986328125,6814.83984375,6786.64990234375,6814.02001953125,42476607
2026-02-17 15:20:00+00:00,6814.08984375,6814.419921875,6795.27978515625,6796.169921875,39335973
2026-02-17 15:25:00+00:00,6796.27978515625,6798.93994140625,6785.68994140625,6791.31982421875,35501589
2026-02-17 15:30:00+00:00,6790.97998046875,6793.009765625,6775.83984375,6777.89990234375,33291270
2026-02-17 15:35:00+00:00,6777.9599609375,6785.83984375,6775.7001953125,6775.919921875,34078875
2026-02-17 15:40:00+00:00,6776.009765625,6783.919921875,6775.5,6783.43017578125,33844903
2026-02-17 15:45:00+00:00,6783.3798828125,6798.60009765625,6782.77001953125,6794.419921875,36512157
2026-02-17 15:50:00+00:00,6794.27978515625,6799.3798828125,6788.10009765625,6796.9599609375,32865059
2026-02-17 15:55:00+00:00,6796.89990234375,6803.43994140625,6794.52001953125,6803.43994140625,31621439
2026-02-17 16:00:00+00:00,6803.7099609375,6816.3798828125,6802.77978515625,6813.35009765625,35361214
2026-02-17 16:05:00+00:00,6813.31005859375,6829.35986328125,6812.89990234375,6828.919921875,34098106
2026-02-17 16:10:00+00:00,6828.89013671875,6843.31982421875,6828.6298828125,6840.85986328125,35266104
2026-02-17 16:15:00+00:00,6840.85009765625,6846.60009765625,6837.7998046875,6845.60986328125,32197159
2026-02-17 16:20:00+00:00,6845.2900390625,6849.56005859375,6841.22021484375,6848.509765625,31611000
2026-02-17 16:25:00+00:00,6848.47998046875,6848.89013671875,6833.740234375,6834.10986328125,30841000
2026-02-17 16:30:00+00:00,6834.25,6836.47998046875,6826.89990234375,6836.1201171875,32042000
2026-02-17 16:35:00+00:00,6835.72998046875,6845.72021484375,6834.080078125,6842.47021484375,29667000
2026-02-17 16:40:00+00:00,6842.509765625,6843.16015625,6836.06005859375,6836.06005859375,24354000
2026-02-17 16:45:00+00:00,6836.0498046875,6839.5498046875,6833.58984375,6834.740234375,22746000
2026-02-17 16:50:00+00:00,6834.830078125,6842.3701171875,6834.830078125,6842.3701171875,21558000
2026-02-17 16:55:00+00:00,6842.22021484375,6847.85986328125,6838.419921875,6842.740234375,24953000
2026-02-17 17:00:00+00:00,6842.72998046875,6843.08984375,6834.009765625,6838.02978515625,23455000
2026-02-17 17:05:00+00:00,6837.97998046875,6841.35986328125,6835.18994140625,6835.18994140625,22360000
2026-02-17 17:10:00+00:00,6835.22998046875,6836.5498046875,6826.9599609375,6830.85009765625,23536000
2026-02-17 17:15:00+00:00,6830.7001953125,6833.669921875,6828.080078125,6832.169921875,24402000
2026-02-17 17:20:00+00:00,6831.9599609375,6832.77978515625,6823.259765625,6828.7900390625,24403000
2026-02-17 17:25:00+00:00,6828.830078125,6839.1298828125,6828.10009765625,6839.1298828125,22779000
2026-02-17 17:30:00+00:00,6839.5,6840.77978515625,6828.5,6835.52978515625,25253000
2026-02-17 17:35:00+00:00,6835.35986328125,6838.27978515625,6832.56982421875,6834.16015625,20856000
2026-02-17 17:40:00+00:00,6834.27978515625,6834.27978515625,6818.8701171875,6818.8701171875,26335000
2026-02-17 17:45:00+00:00,6818.77978515625,6823.91015625,6814.1298828125,6821.47998046875,24571000
2026-02-17 17:50:00+00:00,6821.14990234375,6824.7900390625,6809.669921875,6812.490234375,23967000
2026-02-17 17:55:00+00:00,6812.52001953125,6828.81005859375,6811.52001953125,6828.2099609375,23418000
2026-02-17 18:00:00+00:00,6828.27001953125,6829.10986328125,6821.91015625,6825.259765625,20639000
2026-02-17 18:05:00+00:00,6825.3701171875,6826.1201171875,6819.4501953125,6821.39013671875,20030000
2026-02-17 18:10:00+00:00,6821.35986328125,6825.4501953125,6816.759765625,6821.47021484375,20629000
2026-02-17 18:15:00+00:00,6821.5498046875,6823.68017578125,6817.64013671875,6820.740234375,18460000
2026-02-17 18:20:00+00:00,6820.830078125,6842.83984375,6820.10009765625,6838.7900390625,32430000
2026-02-17 18:25:00+00:00,6838.56005859375,6842.75,6833.0,6841.3701171875,22444000
2026-02-17 18:30:00+00:00,6841.5,6846.97021484375,6838.83984375,6845.2998046875,25297000
2026-02-17 18:35:00+00:00,6845.259765625,6851.39990234375,6841.22998046875,6851.39990234375,21331000
2026-02-17 18:40:00+00:00,6851.6298828125,6858.58984375,6851.22021484375,6854.27978515625,22470000
2026-02-17 18:45:00+00:00,6854.31982421875,6857.169921875,6853.2998046875,6856.830078125,21719000
2026-02-17 18:50:00+00:00,6856.7900390625,6861.9599609375,6854.97998046875,6861.60009765625,22351000
2026-02-17 18:55:00+00:00,6861.77978515625,6865.169921875,6857.169921875,6858.5,21474000
2026-02-17 19:00:00+00:00,6858.8701171875,6862.41015625,6857.06982421875,6861.56982421875,22159000
2026-02-17 19:05:00+00:00,6861.580078125,6862.81982421875,6856.89990234375,6857.83984375,23620000
2026-02-17 19:10:00+00:00,6857.9501953125,6860.14013671875,6854.6201171875,6860.009765625,23232000
2026-02-17 19:15:00+00:00,6860.0498046875,6860.39990234375,6856.47998046875,6857.16015625,21041000
2026-02-17 19:20:00+00:00,6857.1298828125,6863.85986328125,6856.509765625,6863.60986328125,21126000
2026-02-17 19:25:00+00:00,6863.33984375,6863.56982421875,6856.97998046875,6857.1201171875,25192000
2026-02-17 19:30:00+00:00,6857.5400390625,6863.81982421875,6856.39013671875,6863.81982421875,24356000
2026-02-17 19:35:00+00:00,6864.14990234375,6866.72998046875,6861.009765625,6863.14990234375,23039000
2026-02-17 19:40:00+00:00,6863.27001953125,6866.990234375,6862.66015625,6865.43017578125,23233000
2026-02-17 19:45:00+00:00,6865.52001953125,6865.52001953125,6861.669921875,6861.7099609375,21948000
2026-02-17 19:50:00+00:00,6861.85009765625,6861.89990234375,6854.0498046875,6857.43994140625,24682000
2026-02-17 19:55:00+00:00,6857.3701171875,6858.0400390625,6852.5,6853.60986328125,23370000
2026-02-17 20:00:00+00:00,6853.7001953125,6858.89990234375,6853.0498046875,6855.85009765625,25420000
2026-02-17 20:05:00+00:00,6855.89990234375,6856.5498046875,6851.58984375,6852.06005859375,22796000
2026-02-17 20:10:00+00:00,6852.1201171875,6853.1201171875,6850.06005859375,6853.1201171875,24864000
2026-02-17 20:15:00+00:00,6853.18994140625,6855.1201171875,6849.009765625,6849.02001953125,27744000
2026-02-17 20:20:00+00:00,6849.02001953125,6851.259765625,6845.06005859375,6846.14013671875,29695000
2026-02-17 20:25:00+00:00,6846.02978515625,6849.06005859375,6845.330078125,6847.0498046875,29832000
2026-02-17 20:30:00+00:00,6846.93017578125,6846.93017578125,6839.27978515625,6842.259765625,37033000
2026-02-17 20:35:00+00:00,6841.8701171875,6843.22021484375,6838.3798828125,6839.66015625,36598000
2026-02-17 20:40:00+00:00,6839.68017578125,6850.52978515625,6839.35986328125,6848.3701171875,41553000
2026-02-17 20:45:00+00:00,6848.06982421875,6848.330078125,6843.77001953125,6846.1201171875,48547000
2026-02-17 20:50:00+00:00,6845.8798828125,6849.3798828125,6839.0400390625,6841.7900390625,87427000
2026-02-17 20:55:00+00:00,6841.759765625,6846.02978515625,6837.72998046875,6846.02978515625,212955000
2026-02-18 14:30:00+00:00,6855.47998046875,6862.330078125,6849.66015625,6853.39990234375,0
2026-02-18 14:35:00+00:00,6853.7099609375,6864.31982421875,6851.2998046875,6860.8798828125,54676242
2026-02-18 14:40:00+00:00,6860.60986328125,6872.68994140625,6858.919921875,6869.31982421875,48363215
2026-02-18 14:45:00+00:00,6869.2998046875,6871.06005859375,6855.419921875,6855.830078125,49688987
2026-02-18 14:50:00+00:00,6856.080078125,6871.8701171875,6855.0400390625,6871.2001953125,46174223
2026-02-18 14:55:00+00:00,6871.0,6882.2001953125,6870.31005859375,6880.25,41175936
2026-02-18 15:00:00+00:00,6880.7001953125,6894.35009765625,6880.080078125,6894.22021484375,48149600
2026-02-18 15:05:00+00:00,6894.2998046875,6899.330078125,6890.89013671875,6893.169921875,42709463
2026-02-18 15:10:00+00:00,6892.669921875,6896.85009765625,6888.93017578125,6896.52001953125,37577405
2026-02-18 15:15:00+00:00,6896.41015625,6902.990234375,6895.72021484375,6897.64990234375,40718558
2026-02-18 15:20:00+00:00,6897.68994140625,6900.080078125,6895.33984375,6895.5498046875,35507562
2026-02-18 15:25:00+00:00,6895.509765625,6898.7001953125,6893.68994140625,6897.080078125,33974761
2026-02-18 15:30:00+00:00,6897.2099609375,6897.5400390625,6891.93994140625,6892.10986328125,33154232
2026-02-18 15:35:00+00:00,6892.080078125,6899.10009765625,6891.81982421875,6898.75,32477559
2026-02-18 15:40:00+00:00,6899.0400390625,6903.10986328125,6898.06005859375,6901.39013671875,32326266
2026-02-18 15:45:00+00:00,6901.509765625,6904.5400390625,6899.35009765625,6901.93017578125,30135062
2026-02-18 15:50:00+00:00,6902.06982421875,6903.52001953125,6899.10986328125,6902.91015625,28664059
2026-02-18 15:55:00+00:00,6903.14990234375,6905.72998046875,6902.5,6903.89013671875,30391797
2026-02-18 16:00:00+00:00,6903.91015625,6904.39990234375,6901.06005859375,6904.0498046875,30482332
2026-02-18 16:05:00+00:00,6904.08984375,6907.85009765625,6901.72998046875,6902.08984375,30434769
2026-02-18 16:10:00+00:00,6902.35009765625,6904.35009765625,6901.35986328125,6902.47998046875,28325695
2026-02-18 16:15:00+00:00,6902.47021484375,6905.009765625,6900.31005859375,6900.31005859375,25049632
2026-02-18 16:20:00+00:00,6900.52978515625,6901.85986328125,6898.75,6901.27978515625,24703219
2026-02-18 16:25:00+00:00,6901.3798828125,6902.10986328125,6898.8798828125,6900.60986328125,24369490
2026-02-18 16:30:00+00:00,6900.64990234375,6905.580078125,6899.9599609375,6902.8798828125,24143261
2026-02-18 16:35:00+00:00,6902.97998046875,6904.06005859375,6901.6298828125,6903.7900390625,23319396
2026-02-18 16:40:00+00:00,6903.81982421875,6904.89990234375,6901.7099609375,6902.2001953125,24600000
2026-02-18 16:45:00+00:00,6901.990234375,6903.1201171875,6899.35986328125,6899.39013671875,24609000
2026-02-18 16:50:00+00:00,6899.4501953125,6900.6201171875,6894.7998046875,6895.81982421875,22658000
2026-02-18 16:55:00+00:00,6895.81982421875,6897.7900390625,6893.3701171875,6893.81005859375,21499000
2026-02-18 17:00:00+00:00,6893.91015625,6899.75,6892.669921875,6899.7099609375,23635000
2026-02-18 17:05:00+00:00,6899.7900390625,6906.8798828125,6899.72021484375,6902.85009765625,22386000
2026-02-18 17:10:00+00:00,6902.85986328125,6903.83984375,6898.35009765625,6900.740234375,18707000
2026-02-18 17:15:00+00:00,6900.6201171875,6904.27978515625,6899.52001953125,6904.14013671875,19835000
2026-02-18 17:20:00+00:00,6904.1201171875,6904.6298828125,6903.0,6903.1201171875,18234000
2026-02-18 17:25:00+00:00,6903.10009765625,6903.1201171875,6900.06005859375,6900.52001953125,18560000
2026-02-18 17:30:00+00:00,6900.509765625,6902.2099609375,6897.41015625,6897.68017578125,17519000
2026-02-18 17:35:00+00:00,6897.75,6900.89990234375,6897.740234375,6900.5400390625,18592000
2026-02-18 17:40:00+00:00,6900.56982421875,6900.56982421875,6897.64013671875,6898.830078125,17311000
2026-02-18 17:45:00+00:00,6898.83984375,6901.81005859375,6898.10009765625,6900.490234375,18962000
2026-02-18 17:50:00+00:00,6900.43017578125,6905.0498046875,6900.330078125,6904.990234375,18162000
2026-02-18 17:55:00+00:00,6904.8798828125,6905.830078125,6901.91015625,6902.740234375,17921000
2026-02-18 18:00:00+00:00,6903.009765625,6909.1201171875,6902.9501953125,6905.8798828125,21246000
2026-02-18 18:05:00+00:00,6905.85009765625,6906.02978515625,6902.85009765625,6903.22021484375,19057000
2026-02-18 18:10:00+00:00,6903.259765625,6904.39013671875,6902.14013671875,6903.16015625,20733000
2026-02-18 18:15:00+00:00,6903.10986328125,6905.5498046875,6903.02978515625,6903.35009765625,18919000
2026-02-18 18:20:00+00:00,6903.419921875,6903.66015625,6899.35986328125,6899.580078125,17748000
2026-02-18 18:25:00+00:00,6899.5498046875,6900.64013671875,6893.7001953125,6895.8701171875,23502000
2026-02-18 18:30:00+00:00,6895.93994140625,6897.5400390625,6893.02978515625,6895.81982421875,19758000
2026-02-18 18:35:00+00:00,6895.81982421875,6898.2998046875,6894.8798828125,6894.91015625,20833000
2026-02-18 18:40:00+00:00,6894.89990234375,6895.169921875,6885.02001953125,6888.75,25314000
2026-02-18 18:45:00+00:00,6888.759765625,6893.47998046875,6888.10009765625,6889.7900390625,22370000
2026-02-18 18:50:00+00:00,6889.81005859375,6889.85986328125,6879.31982421875,6887.8798828125,23212000
2026-02-18 18:55:00+00:00,6887.47998046875,6888.7900390625,6885.3798828125,6888.009765625,23441000
2026-02-18 19:00:00+00:00,6887.68017578125,6891.27978515625,6884.1298828125,6891.27978515625,25109000
2026-02-18 19:05:00+00:00,6891.22998046875,6891.669921875,6885.27001953125,6885.419921875,22939000
2026-02-18 19:10:00+00:00,6885.169921875,6888.4599609375,6882.52978515625,6882.6201171875,22655000
2026-02-18 19:15:00+00:00,6882.7001953125,6882.990234375,6879.240234375,6880.1201171875,24371000
2026-02-18 19:20:00+00:00,6880.0400390625,6886.830078125,6880.0400390625,6884.830078125,23948000
2026-02-18 19:25:00+00:00,6884.89990234375,6886.7001953125,6880.89990234375,6882.240234375,25162000
2026-02-18 19:30:00+00:00,6882.22998046875,6883.919921875,6875.5498046875,6877.43017578125,27820000
2026-02-18 19:35:00+00:00,6877.2099609375,6877.22021484375,6866.990234375,6870.16015625,26338000
2026-02-18 19:40:00+00:00,6870.06005859375,6874.31005859375,6868.830078125,6869.97021484375,24420000
2026-02-18 19:45:00+00:00,6869.990234375,6875.490234375,6869.31005859375,6871.2998046875,23741000
2026-02-18 19:50:00+00:00,6871.2998046875,6871.72998046875,6866.2998046875,6867.080078125,23851000
2026-02-18 19:55:00+00:00,6867.0400390625,6867.10009765625,6858.68017578125,6863.169921875,30817000
2026-02-18 20:00:00+00:00,6863.52001953125,6871.3701171875,6863.52001953125,6868.14013671875,29237000
2026-02-18 20:05:00+00:00,6867.97021484375,6868.27001953125,6863.0,6863.47021484375,28155000
2026-02-18 20:10:00+00:00,6863.43994140625,6864.58984375,6859.509765625,6861.85986328125,28191000
2026-02-18 20:15:00+00:00,6861.8798828125,6864.10986328125,6857.4501953125,6861.35009765625,27963000
2026-02-18 20:20:00+00:00,6861.2900390625,6861.4501953125,6857.6298828125,6861.3701171875,26896000
2026-02-18 20:25:00+00:00,6861.66015625,6861.91015625,6858.83984375,6860.08984375,31911000
2026-02-18 20:30:00+00:00,6859.93994140625,6869.64013671875,6859.52978515625,6869.330078125,37434000
2026-02-18 20:35:00+00:00,6869.169921875,6873.7001953125,6867.8701171875,6873.1298828125,39086000
2026-02-18 20:40:00+00:00,6873.27001953125,6876.39990234375,6871.68994140625,6874.81982421875,41211000
2026-02-18 20:45:00+00:00,6874.75,6883.0,6873.259765625,6881.740234375,52559000
2026-02-18 20:50:00+00:00,6882.06982421875,6889.75,6880.83984375,6888.52978515625,84710000
2026-02-18 20:55:00+00:00,6888.60986328125,6888.8798828125,6878.490234375,6879.66015625,219968000
2026-02-19 14:30:00+00:00,6861.33984375,6862.43017578125,6851.490234375,6857.14990234375,0
2026-02-19 14:35:00+00:00,6857.330078125,6857.740234375,6842.81982421875,6854.08984375,52838182
2026-02-19 14:40:00+00:00,6854.0400390625,6865.22021484375,6847.52001953125,6864.330078125,50127827
2026-02-19 14:45:00+00:00,6864.0,6865.06005859375,6849.97998046875,6858.85009765625,50794781
2026-02-19 14:50:00+00:00,6858.64013671875,6869.8798828125,6858.64013671875,6866.18017578125,41349941
2026-02-19 14:55:00+00:00,6866.06982421875,6875.990234375,6865.759765625,6867.3798828125,37543417
2026-02-19 15:00:00+00:00,6867.31982421875,6879.1201171875,6861.22998046875,6872.56982421875,43429397
2026-02-19 15:05:00+00:00,6872.5400390625,6873.5498046875,6861.10009765625,6861.52978515625,36071727
2026-02-19 15:10:00+00:00,6861.43994140625,6865.64013671875,6858.18017578125,6858.669921875,33979549
2026-02-19 15:15:00+00:00,6858.81982421875,6869.35009765625,6858.6201171875,6865.419921875,35568723
2026-02-19 15:20:00+00:00,6865.5400390625,6869.81982421875,6859.419921875,6869.5400390625,35880280
2026-02-19 15:25:00+00:00,6869.669921875,6869.669921875,6855.919921875,6856.60986328125,30474703
2026-02-19 15:30:00+00:00,6856.490234375,6874.06982421875,6855.2099609375,6873.830078125,31569459
2026-02-19 15:35:00+00:00,6873.97021484375,6874.919921875,6870.08984375,6871.56982421875,29619912
2026-02-19 15:40:00+00:00,6871.7900390625,6875.35009765625,6870.31982421875,6872.259765625,27632259
2026-02-19 15:45:00+00:00,6872.1298828125,6874.0,6869.02001953125,6870.9501953125,30118777
2026-02-19 15:50:00+00:00,6871.1298828125,6871.14013671875,6859.85986328125,6860.5,31111022
2026-02-19 15:55:00+00:00,6860.490234375,6871.240234375,6860.16015625,6869.9501953125,27432962
2026-02-19 16:00:00+00:00,6869.89990234375,6872.3701171875,6863.06005859375,6863.97998046875,26554583
2026-02-19 16:05:00+00:00,6863.81005859375,6864.1298828125,6856.509765625,6863.47998046875,26741477
2026-02-19 16:10:00+00:00,6863.669921875,6866.35009765625,6860.27978515625,6865.08984375,24754585
2026-02-19 16:15:00+00:00,6865.4599609375,6874.10986328125,6865.3701171875,6872.91015625,27989867
2026-02-19 16:20:00+00:00,6872.740234375,6874.97998046875,6871.0,6872.259765625,28468411
2026-02-19 16:25:00+00:00,6872.259765625,6873.35009765625,6858.39013671875,6858.64990234375,27731473
2026-02-19 16:30:00+00:00,6858.6298828125,6869.16015625,6858.6298828125,6868.8798828125,26775813
2026-02-19 16:35:00+00:00,6868.85009765625,6869.2001953125,6861.41015625,6863.8798828125,23501038
2026-02-19 16:40:00+00:00,6863.68017578125,6864.18017578125,6853.16015625,6853.47998046875,23733894
2026-02-19 16:45:00+00:00,6853.330078125,6856.7998046875,6847.35009765625,6848.68994140625,22900000
2026-02-19 16:50:00+00:00,6848.91015625,6857.56005859375,6844.669921875,6856.9501953125,25998000
2026-02-19 16:55:00+00:00,6857.10986328125,6857.5400390625,6851.5400390625,6852.5498046875,23576000
2026-02-19 17:00:00+00:00,6852.52001953125,6853.47021484375,6845.83984375,6847.43017578125,22246000
2026-02-19 17:05:00+00:00,6847.43017578125,6851.580078125,6844.490234375,6847.419921875,21489000
2026-02-19 17:10:00+00:00,6847.490234375,6852.759765625,6846.56005859375,6852.47998046875,19630000
2026-02-19 17:15:00+00:00,6852.490234375,6858.830078125,6850.02001953125,6858.06005859375,20727000
2026-02-19 17:20:00+00:00,6858.0498046875,6864.0498046875,6856.81982421875,6861.9599609375,20327000
2026-02-19 17:25:00+00:00,6861.93994140625,6862.009765625,6854.47021484375,6856.3798828125,19591000
2026-02-19 17:30:00+00:00,6856.330078125,6858.39013671875,6854.9599609375,6855.85986328125,19391000
2026-02-19 17:35:00+00:00,6855.77978515625,6857.97998046875,6851.740234375,6855.33984375,22744000
2026-02-19 17:40:00+00:00,6855.02001953125,6858.91015625,6854.330078125,6854.83984375,21456000
2026-02-19 17:45:00+00:00,6854.77001953125,6854.97998046875,6841.169921875,6843.919921875,22627000
2026-02-19 17:50:00+00:00,6843.6298828125,6848.740234375,6839.8798828125,6842.68017578125,21370000
2026-02-19 17:55:00+00:00,6842.8798828125,6847.259765625,6838.77978515625,6840.75,21473000
2026-02-19 18:00:00+00:00,6841.02978515625,6842.27001953125,6838.169921875,6838.56005859375,19800000
2026-02-19 18:05:00+00:00,6838.22998046875,6843.7001953125,6838.22998046875,6843.7001953125,19559000
2026-02-19 18:10:00+00:00,6843.58984375,6850.7900390625,6841.33984375,6849.93017578125,20725000
2026-02-19 18:15:00+00:00,6849.97021484375,6849.97998046875,6837.580078125,6837.919921875,20583000
2026-02-19 18:20:00+00:00,6837.91015625,6841.009765625,6833.06005859375,6840.6298828125,20723000
2026-02-19 18:25:00+00:00,6840.669921875,6843.990234375,6837.64013671875,6841.080078125,21242000
2026-02-19 18:30:00+00:00,6841.14990234375,6844.58984375,6837.85986328125,6838.6298828125,22005000
2026-02-19 18:35:00+00:00,6838.740234375,6842.31005859375,6837.72998046875,6842.08984375,18435000
2026-02-19 18:40:00+00:00,6842.169921875,6844.89990234375,6839.7900390625,6844.169921875,18920000
2026-02-19 18:45:00+00:00,6844.06982421875,6851.10009765625,6844.06982421875,6850.43994140625,20677000
2026-02-19 18:50:00+00:00,6850.22998046875,6852.02001953125,6847.18994140625,6850.27001953125,18286000
2026-02-19 18:55:00+00:00,6850.22998046875,6854.9501953125,6848.4599609375,6854.56005859375,19463000
2026-02-19 19:00:00+00:00,6854.41015625,6855.1298828125,6851.1201171875,6852.56005859375,21089000
2026-02-19 19:05:00+00:00,6852.60009765625,6857.2099609375,6852.02001953125,6856.77978515625,20670000
2026-02-19 19:10:00+00:00,6856.81005859375,6857.080078125,6852.06005859375,6853.60986328125,23522000
2026-02-19 19:15:00+00:00,6853.64990234375,6856.68994140625,6853.27001953125,6856.58984375,21234000
2026-02-19 19:20:00+00:00,6856.56982421875,6857.259765625,6854.080078125,6856.77001953125,21100000
2026-02-19 19:25:00+00:00,6856.759765625,6857.08984375,6847.3798828125,6849.39990234375,26847000
2026-02-19 19:30:00+00:00,6849.3798828125,6852.080078125,6848.8798828125,6850.490234375,22404000
2026-02-19 19:35:00+00:00,6850.43017578125,6850.5400390625,6837.919921875,6837.919921875,23919000
2026-02-19 19:40:00+00:00,6837.85986328125,6842.39990234375,6836.8701171875,6841.89990234375,23431000
2026-02-19 19:45:00+00:00,6841.97998046875,6843.77001953125,6838.5498046875,6841.77978515625,21534000
2026-02-19 19:50:00+00:00,6841.7900390625,6845.64990234375,6840.31982421875,6841.91015625,23447000
2026-02-19 19:55:00+00:00,6841.77978515625,6844.89990234375,6841.66015625,6842.580078125,24483000
2026-02-19 20:00:00+00:00,6842.56005859375,6851.52978515625,6842.4599609375,6849.91015625,25084000
2026-02-19 20:05:00+00:00,6849.8798828125,6849.8798828125,6846.759765625,6846.97021484375,23030000
2026-02-19 20:10:00+00:00,6847.14990234375,6849.35009765625,6845.77001953125,6848.56982421875,24835000
2026-02-19 20:15:00+00:00,6848.43994140625,6848.89013671875,6843.740234375,6848.830078125,29998000
2026-02-19 20:20:00+00:00,6848.990234375,6849.89013671875,6845.91015625,6846.33984375,27285000
2026-02-19 20:25:00+00:00,6846.43017578125,6847.06982421875,6844.9599609375,6845.58984375,28116000
2026-02-19 20:30:00+00:00,6845.5498046875,6852.43017578125,6845.02001953125,6850.06005859375,35779000
2026-02-19 20:35:00+00:00,6850.1298828125,6851.18017578125,6847.759765625,6849.14013671875,34154000
2026-02-19 20:40:00+00:00,6849.009765625,6850.509765625,6846.52001953125,6850.1298828125,37593000
2026-02-19 20:45:00+00:00,6850.08984375,6856.669921875,6849.47021484375,6855.77978515625,49449000
2026-02-19 20:50:00+00:00,6855.740234375,6857.18994140625,6852.5498046875,6856.14990234375,79202000
2026-02-19 20:55:00+00:00,6856.10986328125,6861.72998046875,6854.5,6861.64990234375,189463000
2026-02-20 14:30:00+00:00,6843.259765625,6852.080078125,6836.330078125,6850.81982421875,0
2026-02-20 14:35:00+00:00,6850.64990234375,6860.31982421875,6848.31982421875,6855.1201171875,51586696
2026-02-20 14:40:00+00:00,6855.5,6869.97998046875,6853.16015625,6864.27978515625,43798589
2026-02-20 14:45:00+00:00,6864.64013671875,6867.66015625,6857.72998046875,6858.18017578125,42034651
2026-02-20 14:50:00+00:00,6857.9501953125,6859.43994140625,6851.759765625,6857.56982421875,42541445
2026-02-20 14:55:00+00:00,6857.5400390625,6866.919921875,6855.419921875,6865.77001953125,33992246
2026-02-20 15:00:00+00:00,6865.14013671875,6909.8701171875,6865.14013671875,6886.0400390625,78550031
2026-02-20 15:05:00+00:00,6886.419921875,6888.259765625,6863.81982421875,6886.72998046875,57773521
2026-02-20 15:10:00+00:00,6886.77978515625,6895.7900390625,6871.10009765625,6871.10009765625,47986943
2026-02-20 15:15:00+00:00,6871.52978515625,6888.89013671875,6859.509765625,6881.77978515625,47146249
2026-02-20 15:20:00+00:00,6882.4599609375,6895.43017578125,6881.81005859375,6890.60986328125,37377092
2026-02-20 15:25:00+00:00,6890.5400390625,6896.68994140625,6881.66015625,6884.419921875,37714942
2026-02-20 15:30:00+00:00,6884.08984375,6888.919921875,6872.77001953125,6878.3701171875,37256151
2026-02-20 15:35:00+00:00,6877.9501953125,6890.2900390625,6873.990234375,6888.9599609375,29684067
2026-02-20 15:40:00+00:00,6889.08984375,6898.0,6878.33984375,6898.0,37379773
2026-02-20 15:45:00+00:00,6897.68017578125,6903.47998046875,6890.830078125,6898.81982421875,34089383
2026-02-20 15:50:00+00:00,6898.91015625,6907.080078125,6893.830078125,6905.2001953125,34083455
2026-02-20 15:55:00+00:00,6905.56982421875,6908.02978515625,6902.9599609375,6905.8798828125,33023332
2026-02-20 16:00:00+00:00,6905.830078125,6908.81982421875,6901.16015625,6906.06982421875,34339073
2026-02-20 16:05:00+00:00,6906.1201171875,6906.1201171875,6900.4599609375,6901.1201171875,29610763
2026-02-20 16:10:00+00:00,6901.06982421875,6904.85009765625,6896.7900390625,6897.1298828125,30273040
2026-02-20 16:15:00+00:00,6897.08984375,6899.06982421875,6887.35009765625,6892.7001953125,31141061
2026-02-20 16:20:00+00:00,6893.06005859375,6893.06982421875,6884.66015625,6886.64990234375,27588000
2026-02-20 16:25:00+00:00,6886.64013671875,6886.66015625,6878.58984375,6878.759765625,29017000
2026-02-20 16:30:00+00:00,6878.72021484375,6891.52978515625,6876.35986328125,6889.85009765625,30018000
2026-02-20 16:35:00+00:00,6890.009765625,6898.02001953125,6885.4501953125,6897.8798828125,26748000
2026-02-20 16:40:00+00:00,6898.0,6905.39990234375,6895.85986328125,6901.85986328125,25942000
2026-02-20 16:45:00+00:00,6901.8798828125,6907.64013671875,6901.56982421875,6907.2099609375,23392000
2026-02-20 16:50:00+00:00,6907.2001953125,6908.1201171875,6902.52001953125,6906.60986328125,21817000
2026-02-20 16:55:00+00:00,6906.509765625,6907.31982421875,6901.52001953125,6902.0498046875,23521000
2026-02-20 17:00:00+00:00,6902.259765625,6904.68994140625,6896.2900390625,6896.35009765625,21211000
2026-02-20 17:05:00+00:00,6896.31982421875,6896.75,6887.85009765625,6887.85986328125,20076000
2026-02-20 17:10:00+00:00,6888.06005859375,6888.14990234375,6878.490234375,6878.8701171875,26818000
2026-02-20 17:15:00+00:00,6878.5400390625,6878.5400390625,6865.91015625,6867.4501953125,27516000
2026-02-20 17:20:00+00:00,6867.490234375,6869.02001953125,6859.240234375,6859.240234375,25068000
2026-02-20 17:25:00+00:00,6859.2998046875,6868.0498046875,6858.509765625,6868.0498046875,27435000
2026-02-20 17:30:00+00:00,6868.27978515625,6877.2001953125,6867.3798828125,6874.22021484375,23965000
2026-02-20 17:35:00+00:00,6874.2099609375,6877.1201171875,6866.990234375,6876.47021484375,27381000
2026-02-20 17:40:00+00:00,6876.27978515625,6877.97998046875,6870.7099609375,6876.68994140625,21834000
2026-02-20 17:45:00+00:00,6876.68017578125,6885.490234375,6874.60009765625,6885.1298828125,25815000
2026-02-20 17:50:00+00:00,6884.9599609375,6892.75,6881.43017578125,6890.81005859375,23988000
2026-02-20 17:55:00+00:00,6890.919921875,6892.7998046875,6880.41015625,6891.4599609375,26370000
2026-02-20 18:00:00+00:00,6891.47998046875,6893.990234375,6887.2998046875,6887.2998046875,21550000
2026-02-20 18:05:00+00:00,6887.2001953125,6893.669921875,6886.27001953125,6889.18017578125,20380000
2026-02-20 18:10:00+00:00,6889.18017578125,6889.2001953125,6883.66015625,6886.9599609375,32082000
2026-02-20 18:15:00+00:00,6887.10986328125,6887.27001953125,6880.72021484375,6884.259765625,25550000
2026-02-20 18:20:00+00:00,6884.080078125,6887.66015625,6875.72021484375,6885.7099609375,29253000
2026-02-20 18:25:00+00:00,6885.58984375,6886.7099609375,6878.93017578125,6883.14013671875,24334000
2026-02-20 18:30:00+00:00,6882.89990234375,6903.919921875,6876.259765625,6894.75,33360000
2026-02-20 18:35:00+00:00,6894.8701171875,6900.39013671875,6882.06005859375,6893.830078125,31763000
2026-02-20 18:40:00+00:00,6894.14990234375,6905.8701171875,6894.08984375,6903.91015625,26635000
2026-02-20 18:45:00+00:00,6903.85986328125,6915.85986328125,6903.85986328125,6908.6298828125,26676000
2026-02-20 18:50:00+00:00,6908.509765625,6911.89990234375,6901.68017578125,6911.0,26785000
2026-02-20 18:55:00+00:00,6911.02978515625,6912.2998046875,6908.14990234375,6909.68017578125,21559000
2026-02-20 19:00:00+00:00,6909.7998046875,6914.0400390625,6909.6201171875,6911.419921875,24270000
2026-02-20 19:05:00+00:00,6911.27978515625,6911.33984375,6905.16015625,6907.5,21543000
2026-02-20 19:10:00+00:00,6907.5,6907.9501953125,6901.14990234375,6901.56982421875,20732000
2026-02-20 19:15:00+00:00,6901.52978515625,6902.25,6899.52978515625,6900.2900390625,21297000
2026-02-20 19:20:00+00:00,6900.60009765625,6906.240234375,6899.81005859375,6903.6201171875,19563000
2026-02-20 19:25:00+00:00,6903.64990234375,6904.31005859375,6899.31982421875,6902.14013671875,22636000
2026-02-20 19:30:00+00:00,6902.0498046875,6907.4501953125,6902.0498046875,6904.2900390625,21850000
2026-02-20 19:35:00+00:00,6904.47021484375,6905.0400390625,6900.81982421875,6901.259765625,21035000
2026-02-20 19:40:00+00:00,6901.14990234375,6902.9599609375,6896.919921875,6897.2900390625,21286000
2026-02-20 19:45:00+00:00,6897.27001953125,6898.39013671875,6895.31005859375,6896.9599609375,21222000
2026-02-20 19:50:00+00:00,6897.02978515625,6902.669921875,6896.81005859375,6898.14990234375,21741000
2026-02-20 19:55:00+00:00,6898.08984375,6900.35009765625,6896.06005859375,6897.22998046875,25116000
2026-02-20 20:00:00+00:00,6897.22998046875,6904.47021484375,6897.169921875,6902.6298828125,25425000
2026-02-20 20:05:00+00:00,6902.77978515625,6909.419921875,6902.77978515625,6906.85009765625,35088000
2026-02-20 20:10:00+00:00,6906.9501953125,6908.27978515625,6904.7099609375,6908.14013671875,30499000
2026-02-20 20:15:00+00:00,6908.0498046875,6908.16015625,6902.64013671875,6902.830078125,30206000
2026-02-20 20:20:00+00:00,6902.830078125,6903.18994140625,6899.5400390625,6901.6298828125,30619000
2026-02-20 20:25:00+00:00,6901.5,6902.10009765625,6898.10009765625,6900.27001953125,30784000
2026-02-20 20:30:00+00:00,6900.3798828125,6903.740234375,6900.02001953125,6901.4501953125,33830000
2026-02-20 20:35:00+00:00,6901.5,6903.91015625,6899.7001953125,6903.6298828125,33493000
2026-02-20 20:40:00+00:00,6903.68017578125,6907.18994140625,6902.97998046875,6907.18994140625,38694000
2026-02-20 20:45:00+00:00,6907.27978515625,6907.740234375,6904.5400390625,6904.5400390625,48209000
2026-02-20 20:50:00+00:00,6904.43017578125,6906.68994140625,6900.8701171875,6905.33984375,80879000
2026-02-20 20:55:00+00:00,6905.33984375,6910.2998046875,6903.490234375,6910.22021484375,204162000
2026-02-23 14:30:00+00:00,6901.25,6914.72021484375,6893.419921875,6910.419921875,0
2026-02-23 14:35:00+00:00,6910.509765625,6916.9599609375,6906.43994140625,6914.0,56200781
2026-02-23 14:40:00+00:00,6913.75,6913.75,6892.4501953125,6892.830078125,55542452
2026-02-23 14:45:00+00:00,6892.68994140625,6894.93017578125,6884.81982421875,6885.89013671875,51597906
2026-02-23 14:50:00+00:00,6885.93994140625,6898.08984375,6885.43994140625,6887.5498046875,44719009
2026-02-23 14:55:00+00:00,6887.5498046875,6888.14990234375,6880.2001953125,6881.89990234375,39978361
2026-02-23 15:00:00+00:00,6881.35009765625,6887.93994140625,6868.81005859375,6868.97998046875,47203022
2026-02-23 15:05:00+00:00,6868.97998046875,6873.31982421875,6863.35986328125,6864.97998046875,46949401
2026-02-23 15:10:00+00:00,6865.330078125,6872.2900390625,6862.2998046875,6863.68017578125,42862681
2026-02-23 15:15:00+00:00,6863.68994140625,6865.85986328125,6861.25,6864.89013671875,40421781
2026-02-23 15:20:00+00:00,6865.31982421875,6871.25,6861.58984375,6865.06982421875,39251874
2026-02-23 15:25:00+00:00,6865.169921875,6865.169921875,6859.1298828125,6860.5498046875,36762126
2026-02-23 15:30:00+00:00,6860.91015625,6865.27978515625,6856.14013671875,6856.259765625,40986379
2026-02-23 15:35:00+00:00,6856.22021484375,6860.31005859375,6853.169921875,6857.35986328125,32125496
2026-02-23 15:40:00+00:00,6857.3701171875,6858.18017578125,6850.75,6852.330078125,32279409
2026-02-23 15:45:00+00:00,6852.47998046875,6855.16015625,6849.93994140625,6851.490234375,33534879
2026-02-23 15:50:00+00:00,6851.6201171875,6853.93994140625,6843.0400390625,6843.75,37280493
2026-02-23 15:55:00+00:00,6843.7900390625,6844.47021484375,6838.27978515625,6838.85009765625,38368789
2026-02-23 16:00:00+00:00,6838.6298828125,6840.919921875,6825.2001953125,6828.64013671875,36873762
2026-02-23 16:05:00+00:00,6828.77978515625,6829.52001953125,6823.9501953125,6825.580078125,33988613
2026-02-23 16:10:00+00:00,6825.419921875,6829.35009765625,6821.89013671875,6822.4599609375,32130424
2026-02-23 16:15:00+00:00,6822.6298828125,6831.64990234375,6819.81982421875,6831.3798828125,33908416
2026-02-23 16:20:00+00:00,6831.35986328125,6836.9501953125,6831.35986328125,6834.1298828125,32150753
2026-02-23 16:25:00+00:00,6834.0400390625,6845.009765625,6833.81982421875,6844.91015625,36787000
2026-02-23 16:30:00+00:00,6844.91015625,6847.47021484375,6842.4501953125,6843.009765625,38944000
2026-02-23 16:35:00+00:00,6843.2001953125,6846.06005859375,6841.14990234375,6842.14013671875,32301000
2026-02-23 16:40:00+00:00,6841.97021484375,6843.56982421875,6839.759765625,6841.080078125,29456000
2026-02-23 16:45:00+00:00,6841.0400390625,6841.7099609375,6834.81982421875,6838.06005859375,27099000
2026-02-23 16:50:00+00:00,6838.02978515625,6842.10009765625,6836.85986328125,6838.7099609375,24698000
2026-02-23 16:55:00+00:00,6838.83984375,6839.509765625,6834.8798828125,6835.85009765625,24279000
2026-02-23 17:00:00+00:00,6835.93994140625,6840.52001953125,6834.990234375,6837.35009765625,25552000
2026-02-23 17:05:00+00:00,6837.43017578125,6840.5498046875,6836.1298828125,6837.240234375,23162000
2026-02-23 17:10:00+00:00,6837.06982421875,6838.5400390625,6832.77001953125,6833.85986328125,23743000
2026-02-23 17:15:00+00:00,6834.0,6838.68017578125,6833.9599609375,6835.2900390625,24213000
2026-02-23 17:20:00+00:00,6835.2099609375,6838.14013671875,6834.3701171875,6835.080078125,23596000
2026-02-23 17:25:00+00:00,6834.990234375,6836.6298828125,6833.259765625,6833.419921875,23247000
2026-02-23 17:30:00+00:00,6833.39013671875,6833.52001953125,6829.35986328125,6829.97021484375,22532000
2026-02-23 17:35:00+00:00,6829.8798828125,6829.91015625,6822.52001953125,6822.52001953125,25296000
2026-02-23 17:40:00+00:00,6822.47998046875,6832.7001953125,6821.81005859375,6828.5,25076000
2026-02-23 17:45:00+00:00,6828.3798828125,6831.41015625,6826.33984375,6827.27978515625,20302000
2026-02-23 17:50:00+00:00,6827.2001953125,6837.259765625,6827.18017578125,6835.47021484375,23016000
2026-02-23 17:55:00+00:00,6835.43017578125,6839.22998046875,6834.509765625,6836.18994140625,21568000
2026-02-23 18:00:00+00:00,6836.22998046875,6840.7001953125,6835.7099609375,6839.97021484375,21719000
2026-02-23 18:05:00+00:00,6839.990234375,6844.83984375,6839.759765625,6844.7099609375,21264000
2026-02-23 18:10:00+00:00,6844.740234375,6847.75,6842.89013671875,6847.5400390625,23954000
2026-02-23 18:15:00+00:00,6847.43017578125,6850.02001953125,6846.39013671875,6847.60986328125,21866000
2026-02-23 18:20:00+00:00,6847.669921875,6854.39013671875,6847.43017578125,6853.91015625,23377000
2026-02-23 18:25:00+00:00,6853.97021484375,6855.5400390625,6852.490234375,6854.25,26145000
2026-02-23 18:30:00+00:00,6854.330078125,6854.5400390625,6851.16015625,6853.7001953125,23148000
2026-02-23 18:35:00+00:00,6853.7001953125,6855.5498046875,6850.60009765625,6850.60009765625,22265000
2026-02-23 18:40:00+00:00,6850.6298828125,6851.68994140625,6845.330078125,6846.33984375,22082000
2026-02-23 18:45:00+00:00,6846.41015625,6850.16015625,6844.68994140625,6848.89990234375,20972000
2026-02-23 18:50:00+00:00,6848.89990234375,6849.02978515625,6841.3701171875,6841.669921875,21174000
2026-02-23 18:55:00+00:00,6841.6201171875,6842.08984375,6835.22021484375,6836.2900390625,24319000
2026-02-23 19:00:00+00:00,6836.35009765625,6838.60009765625,6834.43017578125,6834.89013671875,23713000
2026-02-23 19:05:00+00:00,6834.68994140625,6837.25,6833.66015625,6834.89990234375,26967000
2026-02-23 19:10:00+00:00,6834.97021484375,6837.2998046875,6833.3798828125,6835.4501953125,22366000
2026-02-23 19:15:00+00:00,6835.39990234375,6836.89990234375,6832.52001953125,6834.1201171875,22261000
2026-02-23 19:20:00+00:00,6834.080078125,6834.990234375,6832.009765625,6833.2998046875,21330000
2026-02-23 19:25:00+00:00,6833.43017578125,6834.81005859375,6828.02978515625,6828.509765625,23916000
2026-02-23 19:30:00+00:00,6828.60009765625,6832.47021484375,6828.60009765625,6829.27978515625,23273000
2026-02-23 19:35:00+00:00,6829.27001953125,6829.2998046875,6826.27978515625,6827.72021484375,25863000
2026-02-23 19:40:00+00:00,6827.68017578125,6827.68017578125,6821.77978515625,6824.8701171875,27180000
2026-02-23 19:45:00+00:00,6825.06005859375,6830.72021484375,6824.080078125,6829.41015625,25894000
2026-02-23 19:50:00+00:00,6829.52001953125,6830.22021484375,6826.919921875,6828.02978515625,24851000
2026-02-23 19:55:00+00:00,6828.02978515625,6831.22998046875,6825.9501953125,6826.52978515625,31495000
2026-02-23 20:00:00+00:00,6826.64990234375,6830.31982421875,6826.4501953125,6828.06005859375,26662000
2026-02-23 20:05:00+00:00,6828.14013671875,6829.31982421875,6824.39013671875,6825.10009765625,27396000
2026-02-23 20:10:00+00:00,6825.16015625,6825.990234375,6822.89013671875,6823.7001953125,26718000
2026-02-23 20:15:00+00:00,6823.52978515625,6827.72998046875,6823.39990234375,6825.97998046875,30373000
2026-02-23 20:20:00+00:00,6826.02978515625,6826.93017578125,6823.72021484375,6826.93017578125,30693000
2026-02-23 20:25:00+00:00,6826.89013671875,6831.06982421875,6826.740234375,6830.25,34187000
2026-02-23 20:30:00+00:00,6830.0400390625,6838.60986328125,6830.0400390625,6836.81982421875,39666000
2026-02-23 20:35:00+00:00,6836.91015625,6836.91015625,6831.64990234375,6832.31005859375,38468000
2026-02-23 20:40:00+00:00,6832.31982421875,6833.830078125,6828.06005859375,6832.68017578125,44195000
2026-02-23 20:45:00+00:00,6832.740234375,6835.97021484375,6830.1201171875,6835.64990234375,50264000
2026-02-23 20:50:00+00:00,6835.740234375,6839.06005859375,6826.740234375,6827.22021484375,88356000
2026-02-23 20:55:00+00:00,6827.330078125,6839.58984375,6825.89990234375,6839.58984375,213477000
2026-02-24 14:30:00+00:00,6837.3701171875,6839.27001953125,6821.990234375,6823.259765625,0
2026-02-24 14:35:00+00:00,6823.52978515625,6840.419921875,6815.43017578125,6837.7900390625,73960104
2026-02-24 14:40:00+00:00,6838.080078125,6859.2099609375,6838.06982421875,6858.72998046875,64643656
2026-02-24 14:45:00+00:00,6859.10986328125,6870.2900390625,6856.89990234375,6864.83984375,59003524
2026-02-24 14:50:00+00:00,6864.89013671875,6865.60986328125,6856.08984375,6857.0,49430092
2026-02-24 14:55:00+00:00,6857.02978515625,6857.02978515625,6843.85009765625,6847.8798828125,45499204
2026-02-24 15:00:00+00:00,6847.27001953125,6848.43017578125,6837.490234375,6842.64990234375,44083447
2026-02-24 15:05:00+00:00,6842.3798828125,6856.1201171875,6841.919921875,6855.58984375,42937929
2026-02-24 15:10:00+00:00,6855.22998046875,6857.47021484375,6846.14013671875,6848.64990234375,38043915
2026-02-24 15:15:00+00:00,6848.5,6858.97998046875,6847.2099609375,6858.25,37240575
2026-02-24 15:20:00+00:00,6857.93017578125,6868.22021484375,6856.830078125,6867.919921875,38908246
2026-02-24 15:25:00+00:00,6867.8701171875,6880.52978515625,6866.259765625,6880.14013671875,39387979
2026-02-24 15:30:00+00:00,6880.169921875,6881.490234375,6876.35009765625,6877.97998046875,37106277
2026-02-24 15:35:00+00:00,6878.1201171875,6878.169921875,6873.18994140625,6874.77978515625,33343699
2026-02-24 15:40:00+00:00,6875.1201171875,6881.85009765625,6874.31005859375,6879.68994140625,29528711
2026-02-24 15:45:00+00:00,6879.31982421875,6879.31982421875,6875.10009765625,6877.35986328125,30914590
2026-02-24 15:50:00+00:00,6877.330078125,6877.330078125,6871.60986328125,6872.2998046875,34159495
2026-02-24 15:55:00+00:00,6872.25,6873.68994140625,6868.33984375,6870.080078125,30763323
2026-02-24 16:00:00+00:00,6870.02978515625,6877.669921875,6869.759765625,6876.3701171875,32430476
2026-02-24 16:05:00+00:00,6876.52978515625,6879.009765625,6875.0400390625,6877.77001953125,28501976
2026-02-24 16:10:00+00:00,6877.58984375,6884.68017578125,6876.06005859375,6882.5498046875,31044726
2026-02-24 16:15:00+00:00,6882.5,6883.75,6877.14990234375,6878.4501953125,29058457
2026-02-24 16:20:00+00:00,6878.52001953125,6878.52001953125,6874.4501953125,6875.72998046875,27754000
2026-02-24 16:25:00+00:00,6875.6298828125,6878.33984375,6874.97021484375,6876.72021484375,29304000
2026-02-24 16:30:00+00:00,6876.830078125,6877.1298828125,6867.72021484375,6868.60009765625,27920000
2026-02-24 16:35:00+00:00,6868.7001953125,6874.33984375,6868.669921875,6873.7001953125,27900000
2026-02-24 16:40:00+00:00,6873.75,6877.14013671875,6871.31005859375,6872.509765625,26211000
2026-02-24 16:45:00+00:00,6872.52001953125,6876.93017578125,6872.18017578125,6875.52978515625,24300000
2026-02-24 16:50:00+00:00,6875.52978515625,6881.4599609375,6874.18994140625,6880.85009765625,22924000
2026-02-24 16:55:00+00:00,6880.89990234375,6882.85986328125,6879.580078125,6880.8701171875,24616000
2026-02-24 17:00:00+00:00,6880.60986328125,6884.47021484375,6880.27001953125,6882.27001953125,23106000
2026-02-24 17:05:00+00:00,6882.22998046875,6886.60009765625,6882.22998046875,6886.60009765625,23268000
2026-02-24 17:10:00+00:00,6886.81982421875,6891.41015625,6886.81982421875,6889.77001953125,24071000
2026-02-24 17:15:00+00:00,6889.740234375,6892.77978515625,6888.580078125,6890.35986328125,21929000
2026-02-24 17:20:00+00:00,6890.259765625,6892.330078125,6890.1298828125,6891.10986328125,19687000
2026-02-24 17:25:00+00:00,6891.14013671875,6894.10009765625,6891.1298828125,6891.72021484375,20435000
2026-02-24 17:30:00+00:00,6891.759765625,6893.16015625,6890.490234375,6891.08984375,20534000
2026-02-24 17:35:00+00:00,6891.0400390625,6891.64013671875,6889.47021484375,6890.33984375,20444000
2026-02-24 17:40:00+00:00,6890.43994140625,6891.39990234375,6888.259765625,6888.31982421875,20033000
2026-02-24 17:45:00+00:00,6888.33984375,6892.14990234375,6886.919921875,6891.8701171875,20402000
2026-02-24 17:50:00+00:00,6891.919921875,6893.02978515625,6890.16015625,6890.330078125,19139000
2026-02-24 17:55:00+00:00,6890.2099609375,6891.39013671875,6889.2001953125,6890.490234375,20835000
2026-02-24 18:00:00+00:00,6890.47998046875,6897.22021484375,6890.27978515625,6896.509765625,20362000
2026-02-24 18:05:00+00:00,6896.47998046875,6896.47998046875,6892.2001953125,6892.22021484375,19237000
2026-02-24 18:10:00+00:00,6892.2099609375,6892.75,6890.39013671875,6891.02001953125,17813000
2026-02-24 18:15:00+00:00,6890.93017578125,6891.35009765625,6889.14013671875,6889.31982421875,17079000
2026-02-24 18:20:00+00:00,6889.31005859375,6889.81005859375,6887.3701171875,6887.68994140625,19388000
2026-02-24 18:25:00+00:00,6887.6201171875,6888.490234375,6885.91015625,6886.52001953125,17219000
2026-02-24 18:30:00+00:00,6886.490234375,6889.27978515625,6886.009765625,6888.830078125,21522000
2026-02-24 18:35:00+00:00,6888.669921875,6893.64990234375,6887.5,6892.89990234375,23121000
2026-02-24 18:40:00+00:00,6892.93994140625,6894.43017578125,6892.2099609375,6893.5400390625,21093000
2026-02-24 18:45:00+00:00,6893.5400390625,6894.7099609375,6891.169921875,6892.93994140625,21118000
2026-02-24 18:50:00+00:00,6892.9501953125,6894.759765625,6892.9501953125,6893.97021484375,22144000
2026-02-24 18:55:00+00:00,6893.85986328125,6894.14013671875,6890.669921875,6890.72998046875,21115000
2026-02-24 19:00:00+00:00,6890.7099609375,6892.2998046875,6890.259765625,6890.81982421875,26230000
2026-02-24 19:05:00+00:00,6890.60009765625,6890.72998046875,6887.56005859375,6888.009765625,24367000
2026-02-24 19:10:00+00:00,6888.1201171875,6889.14013671875,6886.5,6888.06005859375,21858000
2026-02-24 19:15:00+00:00,6887.97998046875,6888.1201171875,6883.1201171875,6885.240234375,21962000
2026-02-24 19:20:00+00:00,6885.2998046875,6885.8701171875,6883.18017578125,6884.27978515625,22344000
2026-02-24 19:25:00+00:00,6884.14013671875,6886.77001953125,6883.43017578125,6885.39013671875,24642000
2026-02-24 19:30:00+00:00,6885.330078125,6887.4599609375,6885.06005859375,6885.33984375,21009000
2026-02-24 19:35:00+00:00,6885.35986328125,6886.81005859375,6884.39013671875,6886.7900390625,21927000
2026-02-24 19:40:00+00:00,6886.81005859375,6889.52001953125,6886.169921875,6888.58984375,20698000
2026-02-24 19:45:00+00:00,6888.52978515625,6889.5498046875,6886.77978515625,6888.06982421875,21148000
2026-02-24 19:50:00+00:00,6888.18017578125,6892.81982421875,6888.02001953125,6888.22021484375,23253000
2026-02-24 19:55:00+00:00,6888.22998046875,6889.47021484375,6887.39990234375,6887.66015625,24710000
2026-02-24 20:00:00+00:00,6887.64013671875,6889.60986328125,6886.39990234375,6886.740234375,24675000
2026-02-24 20:05:00+00:00,6886.759765625,6887.64013671875,6884.0498046875,6885.06982421875,23735000
2026-02-24 20:10:00+00:00,6885.009765625,6885.259765625,6882.47021484375,6883.27978515625,25719000
2026-02-24 20:15:00+00:00,6883.3701171875,6885.18994140625,6881.52978515625,6885.18994140625,27451000
2026-02-24 20:20:00+00:00,6885.25,6887.080078125,6884.25,6884.919921875,27974000
2026-02-24 20:25:00+00:00,6884.81005859375,6886.22998046875,6881.47021484375,6881.6201171875,33759000
2026-02-24 20:30:00+00:00,6881.7001953125,6887.27001953125,6881.669921875,6886.259765625,42298000
2026-02-24 20:35:00+00:00,6886.2998046875,6887.14990234375,6884.3798828125,6884.43994140625,40438000
2026-02-24 20:40:00+00:00,6884.5498046875,6888.64013671875,6884.14990234375,6888.52001953125,42533000
2026-02-24 20:45:00+00:00,6888.490234375,6892.91015625,6888.10986328125,6891.7998046875,48600000
2026-02-24 20:50:00+00:00,6891.72998046875,6899.169921875,6890.009765625,6894.7998046875,82637000
2026-02-24 20:55:00+00:00,6894.77001953125,6894.77001953125,6889.31005859375,6891.0400390625,186565000
2026-02-25 14:30:00+00:00,6915.14990234375,6929.56005859375,6915.14990234375,6925.22998046875,0
2026-02-25 14:35:00+00:00,6925.2001953125,6930.89013671875,6924.259765625,6927.77978515625,60302716
2026-02-25 14:40:00+00:00,6927.9501953125,6930.4501953125,6923.5400390625,6926.1201171875,54211563
2026-02-25 14:45:00+00:00,6925.83984375,6935.02978515625,6925.83984375,6932.759765625,53698540
2026-02-25 14:50:00+00:00,6932.8701171875,6936.2001953125,6929.93017578125,6930.72998046875,51816296
2026-02-25 14:55:00+00:00,6930.5498046875,6931.580078125,6924.85009765625,6929.85986328125,47625715
2026-02-25 15:00:00+00:00,6929.669921875,6932.22998046875,6926.009765625,6926.1201171875,52504078
2026-02-25 15:05:00+00:00,6925.93994140625,6926.759765625,6919.759765625,6921.68017578125,45208445
2026-02-25 15:10:00+00:00,6921.6201171875,6924.669921875,6920.0498046875,6921.33984375,39946099
2026-02-25 15:15:00+00:00,6921.2900390625,6923.9599609375,6919.4599609375,6923.02001953125,38228171
2026-02-25 15:20:00+00:00,6922.93017578125,6925.27978515625,6919.39990234375,6924.08984375,34249002
2026-02-25 15:25:00+00:00,6924.0400390625,6928.52001953125,6923.14990234375,6927.60009765625,32832627
2026-02-25 15:30:00+00:00,6927.740234375,6929.72998046875,6920.43017578125,6920.64990234375,36647394
2026-02-25 15:35:00+00:00,6920.6201171875,6921.8701171875,6918.83984375,6920.22998046875,30546876
2026-02-25 15:40:00+00:00,6920.2900390625,6923.72998046875,6919.89990234375,6921.7001953125,32501611
2026-02-25 15:45:00+00:00,6921.580078125,6924.60986328125,6921.0,6921.7001953125,33816438
2026-02-25 15:50:00+00:00,6921.66015625,6923.75,6920.02978515625,6921.1201171875,29635782
2026-02-25 15:55:00+00:00,6921.009765625,6924.919921875,6918.35986328125,6924.919921875,30471548
2026-02-25 16:00:00+00:00,6924.93017578125,6928.18994140625,6924.58984375,6925.8798828125,32905831
2026-02-25 16:05:00+00:00,6925.81982421875,6929.22998046875,6924.6201171875,6929.08984375,30981979
2026-02-25 16:10:00+00:00,6929.02978515625,6929.759765625,6927.009765625,6927.39990234375,29584456
2026-02-25 16:15:00+00:00,6927.4599609375,6927.4599609375,6923.2998046875,6924.39013671875,27309090
2026-02-25 16:20:00+00:00,6924.3798828125,6927.77978515625,6923.419921875,6927.669921875,27824309
2026-02-25 16:25:00+00:00,6927.5400390625,6932.1201171875,6927.330078125,6931.330078125,26326000
2026-02-25 16:30:00+00:00,6931.22021484375,6934.6298828125,6931.2099609375,6931.990234375,28177000
2026-02-25 16:35:00+00:00,6931.81005859375,6933.6201171875,6930.7099609375,6933.27978515625,32917000
2026-02-25 16:40:00+00:00,6933.31982421875,6936.3701171875,6933.08984375,6935.64990234375,24059000
2026-02-25 16:45:00+00:00,6935.7001953125,6940.43994140625,6935.7001953125,6938.91015625,28414000
2026-02-25 16:50:00+00:00,6938.81982421875,6940.2001953125,6937.919921875,6938.31982421875,26500000
2026-02-25 16:55:00+00:00,6938.18994140625,6938.18994140625,6936.77978515625,6937.22998046875,24158000
2026-02-25 17:00:00+00:00,6937.240234375,6939.6298828125,6936.5400390625,6938.0498046875,24697000
2026-02-25 17:05:00+00:00,6938.1298828125,6939.43994140625,6935.41015625,6937.56005859375,23887000
2026-02-25 17:10:00+00:00,6937.7099609375,6940.02978515625,6937.02001953125,6939.52001953125,27762000
2026-02-25 17:15:00+00:00,6939.66015625,6940.02978515625,6938.5400390625,6939.47021484375,26029000
2026-02-25 17:20:00+00:00,6939.4599609375,6940.18994140625,6938.52001953125,6939.6298828125,21596000
2026-02-25 17:25:00+00:00,6939.580078125,6939.7998046875,6935.81982421875,6936.2900390625,22553000
2026-02-25 17:30:00+00:00,6936.18017578125,6938.14013671875,6935.25,6936.919921875,21430000
2026-02-25 17:35:00+00:00,6936.9599609375,6939.64013671875,6936.919921875,6939.25,21345000
2026-02-25 17:40:00+00:00,6939.18994140625,6940.85986328125,6938.83984375,6939.77978515625,20789000
2026-02-25 17:45:00+00:00,6939.830078125,6941.64990234375,6939.10986328125,6939.52978515625,21643000
2026-02-25 17:50:00+00:00,6939.580078125,6942.10009765625,6939.33984375,6941.06982421875,20276000
2026-02-25 17:55:00+00:00,6941.2001953125,6942.25,6940.81982421875,6942.08984375,22548000
2026-02-25 18:00:00+00:00,6942.080078125,6943.31982421875,6941.330078125,6941.4599609375,24274000
2026-02-25 18:05:00+00:00,6941.4501953125,6942.080078125,6941.0498046875,6941.72998046875,21716000
2026-02-25 18:10:00+00:00,6941.77978515625,6943.330078125,6941.4599609375,6941.81005859375,20255000
2026-02-25 18:15:00+00:00,6941.81982421875,6941.89013671875,6940.10986328125,6940.7001953125,19409000
2026-02-25 18:20:00+00:00,6940.68994140625,6940.89990234375,6939.5400390625,6939.60009765625,18319000
2026-02-25 18:25:00+00:00,6939.60009765625,6940.31005859375,6939.06005859375,6939.830078125,19465000
2026-02-25 18:30:00+00:00,6939.85009765625,6941.6201171875,6939.740234375,6940.080078125,18116000
2026-02-25 18:35:00+00:00,6940.10009765625,6940.31982421875,6938.830078125,6939.580078125,20783000
2026-02-25 18:40:00+00:00,6939.60986328125,6942.9501953125,6939.52978515625,6942.5498046875,20486000
2026-02-25 18:45:00+00:00,6942.4501953125,6942.60009765625,6941.60009765625,6942.2998046875,18801000
2026-02-25 18:50:00+00:00,6942.27978515625,6943.31982421875,6942.14013671875,6942.60986328125,20173000
2026-02-25 18:55:00+00:00,6942.60009765625,6942.77978515625,6941.18994140625,6941.83984375,22073000
2026-02-25 19:00:00+00:00,6941.85986328125,6945.02978515625,6941.72021484375,6943.919921875,23966000
2026-02-25 19:05:00+00:00,6943.97998046875,6946.31982421875,6943.27978515625,6946.1298828125,25836000
2026-02-25 19:10:00+00:00,6946.08984375,6946.669921875,6945.2099609375,6945.259765625,23427000
2026-02-25 19:15:00+00:00,6945.2001953125,6947.169921875,6944.2998046875,6946.83984375,23280000
2026-02-25 19:20:00+00:00,6946.85009765625,6947.16015625,6945.22998046875,6945.64013671875,21199000
2026-02-25 19:25:00+00:00,6945.7099609375,6946.2998046875,6945.009765625,6945.240234375,21555000
2026-02-25 19:30:00+00:00,6945.27978515625,6948.2998046875,6945.18017578125,6948.2998046875,24308000
2026-02-25 19:35:00+00:00,6948.31982421875,6949.83984375,6947.830078125,6949.10986328125,21851000
2026-02-25 19:40:00+00:00,6949.1201171875,6949.83984375,6947.41015625,6947.4599609375,22499000
2026-02-25 19:45:00+00:00,6947.509765625,6949.43994140625,6947.22021484375,6948.77978515625,21054000
2026-02-25 19:50:00+00:00,6948.830078125,6949.240234375,6948.0498046875,6948.3798828125,25853000
2026-02-25 19:55:00+00:00,6948.43994140625,6948.97021484375,6947.47021484375,6947.72998046875,23561000
2026-02-25 20:00:00+00:00,6947.75,6949.52978515625,6947.259765625,6947.68994140625,26871000
2026-02-25 20:05:00+00:00,6947.6298828125,6949.0400390625,6947.6298828125,6948.35986328125,25871000
2026-02-25 20:10:00+00:00,6948.39990234375,6948.39990234375,6946.72021484375,6947.68994140625,28084000
2026-02-25 20:15:00+00:00,6947.68994140625,6948.68017578125,6946.72021484375,6947.93994140625,30876000
2026-02-25 20:20:00+00:00,6948.02978515625,6948.080078125,6945.22021484375,6946.2001953125,34873000
2026-02-25 20:25:00+00:00,6946.31005859375,6947.4599609375,6945.93017578125,6945.93017578125,37607000
2026-02-25 20:30:00+00:00,6945.9599609375,6946.6201171875,6944.39990234375,6945.490234375,36534000
2026-02-25 20:35:00+00:00,6945.509765625,6948.39013671875,6944.89990234375,6947.990234375,35415000
2026-02-25 20:40:00+00:00,6948.0,6949.18994140625,6947.1201171875,6947.77978515625,43290000
2026-02-25 20:45:00+00:00,6947.77978515625,6950.6298828125,6947.39013671875,6949.02978515625,50518000
2026-02-25 20:50:00+00:00,6949.009765625,6952.509765625,6947.93994140625,6950.4501953125,88626000
2026-02-25 20:55:00+00:00,6950.2900390625,6950.2900390625,6946.10009765625,6946.89013671875,196389000
2026-02-26 14:30:00+00:00,6944.740234375,6947.25,6935.43017578125,6937.009765625,0
2026-02-26 14:35:00+00:00,6937.3798828125,6940.39013671875,6931.35986328125,6938.52001953125,72214916
2026-02-26 14:40:00+00:00,6938.10009765625,6938.43017578125,6924.7001953125,6930.25,63005188
2026-02-26 14:45:00+00:00,6930.33984375,6930.33984375,6922.2998046875,6926.0498046875,61342776
2026-02-26 14:50:00+00:00,6926.18994140625,6930.43017578125,6922.06982421875,6925.31005859375,54331597
2026-02-26 14:55:00+00:00,6925.60986328125,6930.06005859375,6920.740234375,6923.27978515625,52567980
2026-02-26 15:00:00+00:00,6922.89013671875,6925.8701171875,6912.25,6919.919921875,54355104
2026-02-26 15:05:00+00:00,6919.5400390625,6922.02978515625,6915.240234375,6915.93994140625,45976728
2026-02-26 15:10:00+00:00,6916.14013671875,6921.10009765625,6901.75,6901.75,48697150
2026-02-26 15:15:00+00:00,6901.8798828125,6902.02978515625,6879.6201171875,6880.14990234375,53974524
2026-02-26 15:20:00+00:00,6880.89013671875,6884.7900390625,6865.93994140625,6868.31005859375,50312261
2026-02-26 15:25:00+00:00,6868.43017578125,6878.72021484375,6863.83984375,6873.3798828125,48498653
2026-02-26 15:30:00+00:00,6872.7998046875,6873.240234375,6859.72998046875,6860.830078125,49968706
2026-02-26 15:35:00+00:00,6861.3798828125,6881.81982421875,6861.3798828125,6881.58984375,43617066
2026-02-26 15:40:00+00:00,6881.91015625,6886.81005859375,6879.72021484375,6885.64013671875,43641362
2026-02-26 15:45:00+00:00,6885.64013671875,6893.39990234375,6883.4501953125,6892.43017578125,38119217
2026-02-26 15:50:00+00:00,6892.1298828125,6895.27978515625,6886.7998046875,6892.68994140625,34330534
2026-02-26 15:55:00+00:00,6892.7998046875,6897.39990234375,6889.3798828125,6893.27001953125,35849519
2026-02-26 16:00:00+00:00,6893.39990234375,6898.18017578125,6892.2998046875,6896.93017578125,38161000
2026-02-26 16:05:00+00:00,6896.83984375,6898.85009765625,6891.2998046875,6897.72021484375,36973000
2026-02-26 16:10:00+00:00,6897.56005859375,6901.83984375,6895.2099609375,6901.83984375,33805000
2026-02-26 16:15:00+00:00,6902.02001953125,6906.4599609375,6898.7998046875,6899.64013671875,33140000
2026-02-26 16:20:00+00:00,6899.47998046875,6903.68994140625,6898.10986328125,6900.5400390625,32204000
2026-02-26 16:25:00+00:00,6900.60009765625,6906.7001953125,6900.60009765625,6903.85009765625,32614000
2026-02-26 16:30:00+00:00,6903.7900390625,6904.56005859375,6900.7900390625,6901.64990234375,30080000
2026-02-26 16:35:00+00:00,6901.5498046875,6901.8701171875,6890.240234375,6891.16015625,30141000
2026-02-26 16:40:00+00:00,6891.10009765625,6892.169921875,6884.6298828125,6884.83984375,28198000
2026-02-26 16:45:00+00:00,6884.75,6889.169921875,6879.41015625,6888.740234375,29269000
2026-02-26 16:50:00+00:00,6888.85009765625,6890.22021484375,6879.85986328125,6879.85986328125,26035000
2026-02-26 16:55:00+00:00,6879.93994140625,6881.1201171875,6876.2998046875,6877.81982421875,28348000
2026-02-26 17:00:00+00:00,6877.97021484375,6881.759765625,6877.39013671875,6881.759765625,27422000
2026-02-26 17:05:00+00:00,6881.56982421875,6884.60009765625,6881.02978515625,6881.97021484375,23451000
2026-02-26 17:10:00+00:00,6882.10986328125,6886.1298828125,6879.1298828125,6879.1298828125,24294000
2026-02-26 17:15:00+00:00,6878.8798828125,6880.56982421875,6876.52001953125,6879.39990234375,23083000
2026-02-26 17:20:00+00:00,6879.2998046875,6880.22021484375,6876.89013671875,6879.5400390625,21419000
2026-02-26 17:25:00+00:00,6879.43017578125,6880.990234375,6877.89990234375,6878.43017578125,23411000
2026-02-26 17:30:00+00:00,6878.2900390625,6886.2099609375,6877.919921875,6884.080078125,24152000
2026-02-26 17:35:00+00:00,6884.2099609375,6884.2099609375,6873.58984375,6875.10986328125,22293000
2026-02-26 17:40:00+00:00,6875.08984375,6876.33984375,6872.419921875,6872.509765625,19657000
2026-02-26 17:45:00+00:00,6872.3701171875,6873.75,6867.68017578125,6868.52978515625,22822000
2026-02-26 17:50:00+00:00,6868.47998046875,6874.3798828125,6866.60009765625,6874.08984375,21731000
2026-02-26 17:55:00+00:00,6874.02978515625,6874.02978515625,6869.16015625,6871.16015625,21805000
2026-02-26 18:00:00+00:00,6871.06005859375,6871.10986328125,6865.58984375,6866.7900390625,23355000
2026-02-26 18:05:00+00:00,6866.8701171875,6869.52001953125,6864.14013671875,6866.31982421875,26414000
2026-02-26 18:10:00+00:00,6866.35986328125,6870.81005859375,6866.2099609375,6869.0400390625,23108000
2026-02-26 18:15:00+00:00,6868.97021484375,6873.4599609375,6865.169921875,6873.4599609375,22901000
2026-02-26 18:20:00+00:00,6873.31005859375,6873.7998046875,6869.27001953125,6873.580078125,21094000
2026-02-26 18:25:00+00:00,6873.75,6875.02978515625,6872.08984375,6872.759765625,19778000
2026-02-26 18:30:00+00:00,6872.6298828125,6884.93994140625,6870.89013671875,6884.89990234375,31629000
2026-02-26 18:35:00+00:00,6884.9501953125,6892.0498046875,6881.83984375,6890.39990234375,25632000
2026-02-26 18:40:00+00:00,6890.3701171875,6893.14013671875,6888.740234375,6891.5498046875,20627000
2026-02-26 18:45:00+00:00,6891.31982421875,6897.169921875,6887.47998046875,6890.22021484375,22729000
2026-02-26 18:50:00+00:00,6890.35986328125,6890.35986328125,6886.8798828125,6888.97998046875,18933000
2026-02-26 18:55:00+00:00,6889.0,6892.16015625,6887.60986328125,6889.8701171875,21444000
2026-02-26 19:00:00+00:00,6889.919921875,6895.5400390625,6887.919921875,6894.68017578125,24035000
2026-02-26 19:05:00+00:00,6894.7099609375,6900.43994140625,6894.22021484375,6900.43994140625,24420000
2026-02-26 19:10:00+00:00,6900.2998046875,6903.2900390625,6899.56005859375,6901.1298828125,23285000
2026-02-26 19:15:00+00:00,6901.240234375,6907.35986328125,6901.240234375,6905.5,25986000
2026-02-26 19:20:00+00:00,6905.43994140625,6908.990234375,6904.97998046875,6908.25,26097000
2026-02-26 19:25:00+00:00,6908.240234375,6908.240234375,6901.1298828125,6902.27001953125,25312000
2026-02-26 19:30:00+00:00,6902.16015625,6908.580078125,6901.259765625,6907.97998046875,23911000
2026-02-26 19:35:00+00:00,6907.93994140625,6909.08984375,6905.56982421875,6906.3798828125,23479000
2026-02-26 19:40:00+00:00,6906.66015625,6908.22021484375,6906.0,6907.7099609375,23966000
2026-02-26 19:45:00+00:00,6907.60009765625,6912.56982421875,6907.60009765625,6911.740234375,24544000
2026-02-26 19:50:00+00:00,6911.7099609375,6911.85009765625,6909.080078125,6911.0498046875,25747000
2026-02-26 19:55:00+00:00,6911.06982421875,6912.39013671875,6906.35009765625,6906.41015625,28602000
2026-02-26 20:00:00+00:00,6906.2900390625,6911.93994140625,6904.72021484375,6911.419921875,25413000
2026-02-26 20:05:00+00:00,6911.52978515625,6913.7099609375,6907.31005859375,6907.31005859375,28599000
2026-02-26 20:10:00+00:00,6907.2099609375,6907.97998046875,6904.81005859375,6904.81005859375,33744000
2026-02-26 20:15:00+00:00,6904.93017578125,6908.52978515625,6903.02978515625,6907.14013671875,30389000
2026-02-26 20:20:00+00:00,6907.18994140625,6907.580078125,6902.97998046875,6904.4599609375,30230000
2026-02-26 20:25:00+00:00,6904.4599609375,6906.31005859375,6902.18994140625,6902.47021484375,36610000
2026-02-26 20:30:00+00:00,6902.4501953125,6910.0,6902.4501953125,6909.91015625,37771000
2026-02-26 20:35:00+00:00,6910.0,6910.9501953125,6907.580078125,6910.0498046875,38485000
2026-02-26 20:40:00+00:00,6910.06982421875,6910.259765625,6906.16015625,6909.1201171875,48264000
2026-02-26 20:45:00+00:00,6909.0400390625,6909.39013671875,6905.6201171875,6907.56982421875,53418000
2026-02-26 20:50:00+00:00,6907.64013671875,6909.93017578125,6902.4599609375,6906.7001953125,86964000
2026-02-26 20:55:00+00:00,6906.22998046875,6909.009765625,6904.22998046875,6909.009765625,194505000
2026-02-27 14:30:00+00:00,6856.5400390625,6856.81982421875,6843.740234375,6852.52001953125,0
2026-02-27 14:35:00+00:00,6852.830078125,6857.0400390625,6844.81005859375,6856.5,74146020
2026-02-27 14:40:00+00:00,6856.27978515625,6856.27978515625,6831.740234375,6841.759765625,62508261
2026-02-27 14:45:00+00:00,6841.75,6852.759765625,6837.97998046875,6850.41015625,58444392
2026-02-27 14:50:00+00:00,6850.4599609375,6851.16015625,6842.39990234375,6845.75,51577800
2026-02-27 14:55:00+00:00,6845.330078125,6848.02978515625,6841.4599609375,6844.68994140625,49621884
2026-02-27 15:00:00+00:00,6843.93017578125,6859.3701171875,6841.9599609375,6854.330078125,52645552
2026-02-27 15:05:00+00:00,6854.490234375,6868.580078125,6854.22998046875,6863.490234375,49827271
2026-02-27 15:10:00+00:00,6863.16015625,6870.58984375,6860.990234375,6861.22021484375,52273111
2026-02-27 15:15:00+00:00,6861.08984375,6863.47021484375,6852.22021484375,6857.080078125,47883653
2026-02-27 15:20:00+00:00,6856.97021484375,6864.64990234375,6855.72998046875,6863.56982421875,41905100
2026-02-27 15:25:00+00:00,6863.2099609375,6863.4501953125,6856.91015625,6860.990234375,35851248
2026-02-27 15:30:00+00:00,6861.0498046875,6861.52978515625,6853.60986328125,6860.39990234375,39211263
2026-02-27 15:35:00+00:00,6859.91015625,6869.7998046875,6859.77978515625,6865.7099609375,36277024
2026-02-27 15:40:00+00:00,6865.75,6872.41015625,6863.2099609375,6872.18017578125,34481882
2026-02-27 15:45:00+00:00,6872.2998046875,6875.39990234375,6865.68994140625,6866.31005859375,32216578
2026-02-27 15:50:00+00:00,6866.08984375,6866.5,6858.52978515625,6860.58984375,31894001
2026-02-27 15:55:00+00:00,6860.56982421875,6868.740234375,6857.83984375,6867.830078125,31157513
2026-02-27 16:00:00+00:00,6867.580078125,6874.33984375,6866.580078125,6872.25,31969674
2026-02-27 16:05:00+00:00,6872.72021484375,6873.06005859375,6862.39013671875,6863.14013671875,30319000
2026-02-27 16:10:00+00:00,6863.240234375,6871.08984375,6863.240234375,6870.7900390625,31642000
2026-02-27 16:15:00+00:00,6870.56982421875,6875.68994140625,6868.22021484375,6871.77001953125,30571000
2026-02-27 16:20:00+00:00,6871.7900390625,6873.72021484375,6867.419921875,6873.56005859375,32608000
2026-02-27 16:25:00+00:00,6873.47021484375,6875.2099609375,6868.75,6868.8701171875,32774000
2026-02-27 16:30:00+00:00,6869.0498046875,6877.22021484375,6869.0498046875,6876.81005859375,30685000
2026-02-27 16:35:00+00:00,6876.89013671875,6877.3798828125,6870.10009765625,6870.2099609375,27894000
2026-02-27 16:40:00+00:00,6870.490234375,6870.490234375,6862.509765625,6862.509765625,29604000
2026-02-27 16:45:00+00:00,6862.5400390625,6865.4599609375,6861.18994140625,6861.52978515625,28514000
2026-02-27 16:50:00+00:00,6861.419921875,6871.6298828125,6861.419921875,6871.1298828125,29005000
2026-02-27 16:55:00+00:00,6871.2900390625,6874.330078125,6863.4501953125,6863.89990234375,28330000
2026-02-27 17:00:00+00:00,6863.759765625,6873.02978515625,6863.759765625,6871.47021484375,24946000
2026-02-27 17:05:00+00:00,6871.3798828125,6877.60009765625,6870.6298828125,6876.56005859375,24070000
2026-02-27 17:10:00+00:00,6876.5400390625,6876.60009765625,6863.64990234375,6863.91015625,27032000
2026-02-27 17:15:00+00:00,6863.93994140625,6863.97998046875,6857.06982421875,6857.25,24605000
2026-02-27 17:20:00+00:00,6857.31982421875,6857.81005859375,6848.5,6855.27001953125,30740000
2026-02-27 17:25:00+00:00,6855.31982421875,6859.68017578125,6854.5,6856.2900390625,29741000
2026-02-27 17:30:00+00:00,6856.2998046875,6864.66015625,6853.2001953125,6864.080078125,35283000
2026-02-27 17:35:00+00:00,6863.93994140625,6865.8798828125,6858.7001953125,6858.740234375,27445000
2026-02-27 17:40:00+00:00,6858.6201171875,6859.2998046875,6852.33984375,6855.02001953125,27270000
2026-02-27 17:45:00+00:00,6854.89990234375,6854.89990234375,6850.580078125,6854.10009765625,25235000
2026-02-27 17:50:00+00:00,6853.9599609375,6857.4501953125,6851.27978515625,6855.41015625,24008000
2026-02-27 17:55:00+00:00,6855.490234375,6859.5498046875,6855.4501953125,6859.06982421875,22254000
2026-02-27 18:00:00+00:00,6859.02978515625,6861.419921875,6856.14990234375,6857.2998046875,27892000
2026-02-27 18:05:00+00:00,6857.27978515625,6859.5,6854.91015625,6855.14990234375,23195000
2026-02-27 18:10:00+00:00,6854.97021484375,6857.68017578125,6853.72998046875,6854.0498046875,22483000
2026-02-27 18:15:00+00:00,6853.97998046875,6854.60009765625,6850.47021484375,6850.89990234375,23843000
2026-02-27 18:20:00+00:00,6850.93017578125,6852.1201171875,6847.35986328125,6849.81005859375,28254000
2026-02-27 18:25:00+00:00,6849.8798828125,6853.93017578125,6846.02001953125,6852.759765625,25323000
2026-02-27 18:30:00+00:00,6852.83984375,6854.3701171875,6850.41015625,6852.0498046875,22278000
2026-02-27 18:35:00+00:00,6851.8798828125,6853.169921875,6848.4599609375,6852.60009765625,21119000
2026-02-27 18:40:00+00:00,6852.56982421875,6857.490234375,6852.43994140625,6853.39990234375,25116000
2026-02-27 18:45:00+00:00,6853.52001953125,6855.1201171875,6851.16015625,6852.08984375,22964000
2026-02-27 18:50:00+00:00,6852.18017578125,6855.47021484375,6850.1298828125,6853.58984375,24864000
2026-02-27 18:55:00+00:00,6853.52001953125,6855.5400390625,6851.0498046875,6854.8701171875,23864000
2026-02-27 19:00:00+00:00,6854.85986328125,6862.490234375,6854.43017578125,6861.97021484375,27511000
2026-02-27 19:05:00+00:00,6862.0400390625,6865.27978515625,6853.18994140625,6854.169921875,30012000
2026-02-27 19:10:00+00:00,6854.31005859375,6857.330078125,6851.830078125,6854.68994140625,27892000
2026-02-27 19:15:00+00:00,6854.81005859375,6856.1298828125,6853.259765625,6854.6201171875,24279000
2026-02-27 19:20:00+00:00,6854.58984375,6855.31005859375,6852.1298828125,6852.56005859375,23280000
2026-02-27 19:25:00+00:00,6852.33984375,6855.22021484375,6850.39990234375,6851.10009765625,26051000
2026-02-27 19:30:00+00:00,6851.10986328125,6851.10986328125,6847.56005859375,6849.7001953125,26488000
2026-02-27 19:35:00+00:00,6849.7099609375,6855.2998046875,6849.7099609375,6854.52978515625,24999000
2026-02-27 19:40:00+00:00,6854.240234375,6854.330078125,6845.60009765625,6848.419921875,27289000
2026-02-27 19:45:00+00:00,6848.6298828125,6851.27978515625,6847.27001953125,6847.41015625,24146000
2026-02-27 19:50:00+00:00,6847.60009765625,6849.7099609375,6846.8701171875,6848.52978515625,25603000
2026-02-27 19:55:00+00:00,6848.27978515625,6851.06005859375,6847.83984375,6849.0,29332000
2026-02-27 20:00:00+00:00,6848.81005859375,6854.419921875,6848.81005859375,6851.83984375,31069000
2026-02-27 20:05:00+00:00,6851.85986328125,6856.35986328125,6851.7099609375,6854.64013671875,28260000
2026-02-27 20:10:00+00:00,6854.759765625,6867.169921875,6854.68994140625,6866.93994140625,35499000
2026-02-27 20:15:00+00:00,6867.10986328125,6871.81982421875,6866.68017578125,6871.169921875,35542000
2026-02-27 20:20:00+00:00,6871.14013671875,6875.9599609375,6867.4501953125,6873.81005859375,35453000
2026-02-27 20:25:00+00:00,6873.81005859375,6874.6201171875,6870.97998046875,6871.1298828125,35550000
2026-02-27 20:30:00+00:00,6871.169921875,6872.990234375,6868.58984375,6868.91015625,45099000
2026-02-27 20:35:00+00:00,6868.93994140625,6869.35986328125,6860.52001953125,6861.60009765625,46709000
2026-02-27 20:40:00+00:00,6861.5,6869.5498046875,6861.16015625,6865.25,52195000
2026-02-27 20:45:00+00:00,6865.259765625,6870.4599609375,6865.18994140625,6869.419921875,72848000
2026-02-27 20:50:00+00:00,6869.64013671875,6876.5400390625,6866.490234375,6871.080078125,126291000
2026-02-27 20:55:00+00:00,6871.25,6882.9599609375,6868.27001953125,6878.0400390625,279383000
2026-03-02 14:30:00+00:00,6824.35986328125,6829.27001953125,6796.85009765625,6827.2001953125,0
2026-03-02 14:35:00+00:00,6827.14990234375,6840.6298828125,6824.93017578125,6826.56005859375,82027624
2026-03-02 14:40:00+00:00,6826.0,6838.490234375,6826.0,6835.27978515625,66981212
2026-03-02 14:45:00+00:00,6835.7099609375,6849.0498046875,6832.35986328125,6848.1201171875,57848999
2026-03-02 14:50:00+00:00,6848.10009765625,6848.31982421875,6834.91015625,6841.2001953125,52517952
2026-03-02 14:55:00+00:00,6841.2900390625,6846.0498046875,6835.7900390625,6845.47021484375,47176372
2026-03-02 15:00:00+00:00,6845.18017578125,6859.47021484375,6835.60986328125,6857.3798828125,54743483
2026-03-02 15:05:00+00:00,6858.02978515625,6865.25,6855.39990234375,6858.81005859375,51644979
2026-03-02 15:10:00+00:00,6857.9599609375,6868.490234375,6857.9599609375,6865.31982421875,44588587
2026-03-02 15:15:00+00:00,6865.14990234375,6868.52978515625,6859.64013671875,6862.39013671875,46104050
2026-03-02 15:20:00+00:00,6862.47021484375,6863.91015625,6851.08984375,6857.18994140625,44825805
2026-03-02 15:25:00+00:00,6857.14990234375,6859.06005859375,6846.14990234375,6848.240234375,41373324
2026-03-02 15:30:00+00:00,6849.77001953125,6852.85009765625,6841.33984375,6844.85986328125,45021292
2026-03-02 15:35:00+00:00,6845.009765625,6854.669921875,6840.14990234375,6854.10009765625,37248845
2026-03-02 15:40:00+00:00,6854.2001953125,6858.6298828125,6850.490234375,6858.6298828125,37398515
2026-03-02 15:45:00+00:00,6858.58984375,6863.31982421875,6853.81982421875,6856.759765625,35064324
2026-03-02 15:50:00+00:00,6856.75,6860.33984375,6848.580078125,6849.2900390625,38453699
2026-03-02 15:55:00+00:00,6849.1201171875,6858.0400390625,6847.43017578125,6857.52978515625,33768000
2026-03-02 16:00:00+00:00,6857.60009765625,6861.509765625,6852.169921875,6861.509765625,32133000
2026-03-02 16:05:00+00:00,6861.25,6870.22998046875,6859.580078125,6869.97021484375,31462000
2026-03-02 16:10:00+00:00,6870.259765625,6871.60009765625,6867.43994140625,6868.85986328125,35632000
2026-03-02 16:15:00+00:00,6868.72021484375,6868.72021484375,6862.259765625,6862.60986328125,32601000
2026-03-02 16:20:00+00:00,6862.77978515625,6864.2099609375,6860.009765625,6862.02978515625,29486000
2026-03-02 16:25:00+00:00,6861.7099609375,6862.22021484375,6845.27001953125,6848.330078125,32200000
2026-03-02 16:30:00+00:00,6847.64990234375,6853.93017578125,6845.1201171875,6853.58984375,31945000
2026-03-02 16:35:00+00:00,6853.31982421875,6866.89013671875,6850.64013671875,6866.89013671875,30685000
2026-03-02 16:40:00+00:00,6866.8798828125,6880.25,6866.85986328125,6879.39013671875,30495000
2026-03-02 16:45:00+00:00,6879.4501953125,6884.64990234375,6879.14013671875,6879.97021484375,30898000
2026-03-02 16:50:00+00:00,6880.2001953125,6880.58984375,6875.8701171875,6877.2099609375,29157000
2026-03-02 16:55:00+00:00,6877.02001953125,6880.14990234375,6875.02978515625,6878.14990234375,27123000
2026-03-02 17:00:00+00:00,6878.10986328125,6878.9501953125,6874.3701171875,6878.580078125,26974000
2026-03-02 17:05:00+00:00,6878.6201171875,6881.31982421875,6874.52978515625,6876.8701171875,25036000
2026-03-02 17:10:00+00:00,6876.8701171875,6879.169921875,6873.02001953125,6878.7900390625,23842000
2026-03-02 17:15:00+00:00,6878.830078125,6886.2998046875,6878.72998046875,6886.1298828125,22772000
2026-03-02 17:20:00+00:00,6885.8701171875,6887.009765625,6882.6298828125,6885.77978515625,23795000
2026-03-02 17:25:00+00:00,6885.669921875,6885.669921875,6880.18017578125,6880.18017578125,22597000
2026-03-02 17:30:00+00:00,6880.1201171875,6882.2099609375,6876.47998046875,6876.509765625,22859000
2026-03-02 17:35:00+00:00,6876.56005859375,6881.83984375,6876.06982421875,6878.18994140625,23141000
2026-03-02 17:40:00+00:00,6878.0498046875,6883.68994140625,6877.10986328125,6882.64013671875,19917000
2026-03-02 17:45:00+00:00,6882.35009765625,6885.2001953125,6881.240234375,6883.68017578125,22362000
2026-03-02 17:50:00+00:00,6883.7099609375,6888.31982421875,6882.2001953125,6886.75,20936000
2026-03-02 17:55:00+00:00,6886.75,6887.93017578125,6882.6201171875,6887.669921875,20469000
2026-03-02 18:00:00+00:00,6887.6201171875,6889.02978515625,6886.1298828125,6886.990234375,21179000
2026-03-02 18:05:00+00:00,6887.31005859375,6888.85986328125,6884.81982421875,6884.83984375,20112000
2026-03-02 18:10:00+00:00,6884.64990234375,6886.2099609375,6883.72021484375,6885.5400390625,20826000
2026-03-02 18:15:00+00:00,6885.47021484375,6885.47021484375,6881.02978515625,6881.35986328125,21962000
2026-03-02 18:20:00+00:00,6881.27978515625,6881.490234375,6876.81982421875,6879.4599609375,20634000
2026-03-02 18:25:00+00:00,6879.47021484375,6883.830078125,6877.91015625,6882.2998046875,18790000
2026-03-02 18:30:00+00:00,6882.419921875,6883.60986328125,6879.91015625,6881.39013671875,22632000
2026-03-02 18:35:00+00:00,6881.39990234375,6881.39990234375,6876.10009765625,6877.31005859375,20841000
2026-03-02 18:40:00+00:00,6877.3701171875,6878.31005859375,6873.68994140625,6877.91015625,23505000
2026-03-02 18:45:00+00:00,6877.81005859375,6877.85986328125,6868.77978515625,6873.72998046875,22864000
2026-03-02 18:50:00+00:00,6873.740234375,6875.47021484375,6870.77001953125,6872.85986328125,18717000
2026-03-02 18:55:00+00:00,6872.8701171875,6873.0,6868.08984375,6868.68994140625,23954000
2026-03-02 19:00:00+00:00,6868.6201171875,6872.35009765625,6867.60009765625,6872.2099609375,24062000
2026-03-02 19:05:00+00:00,6871.990234375,6879.52001953125,6870.85009765625,6879.490234375,24787000
2026-03-02 19:10:00+00:00,6879.4501953125,6884.919921875,6879.330078125,6884.39013671875,26685000
2026-03-02 19:15:00+00:00,6884.3701171875,6892.47998046875,6884.3701171875,6891.4599609375,23143000
2026-03-02 19:20:00+00:00,6891.47998046875,6896.41015625,6891.31005859375,6892.64990234375,22377000
2026-03-02 19:25:00+00:00,6892.52001953125,6897.330078125,6890.8798828125,6896.7998046875,22197000
2026-03-02 19:30:00+00:00,6896.8701171875,6899.91015625,6896.7099609375,6899.240234375,23713000
2026-03-02 19:35:00+00:00,6899.14013671875,6901.009765625,6898.080078125,6898.47998046875,22240000
2026-03-02 19:40:00+00:00,6898.22021484375,6899.5498046875,6894.93017578125,6895.52001953125,22674000
2026-03-02 19:45:00+00:00,6895.4501953125,6899.22998046875,6895.4501953125,6897.8798828125,20638000
2026-03-02 19:50:00+00:00,6897.93994140625,6899.9599609375,6896.330078125,6899.43994140625,23277000
2026-03-02 19:55:00+00:00,6899.5,6900.22998046875,6896.7001953125,6897.0,23433000
2026-03-02 20:00:00+00:00,6896.93994140625,6898.169921875,6894.27001953125,6895.72998046875,27107000
2026-03-02 20:05:00+00:00,6895.75,6896.81005859375,6875.4599609375,6877.080078125,35574000
2026-03-02 20:10:00+00:00,6877.18994140625,6877.18994140625,6867.2001953125,6868.330078125,34636000
2026-03-02 20:15:00+00:00,6868.02978515625,6880.240234375,6864.77978515625,6875.6201171875,33904000
2026-03-02 20:20:00+00:00,6875.66015625,6877.39013671875,6870.759765625,6872.009765625,30259000
2026-03-02 20:25:00+00:00,6871.9501953125,6874.919921875,6868.22998046875,6868.81005859375,30985000
2026-03-02 20:30:00+00:00,6868.7099609375,6875.75,6867.83984375,6875.60986328125,34299000
2026-03-02 20:35:00+00:00,6875.43994140625,6878.8701171875,6871.97998046875,6876.43994140625,35288000
2026-03-02 20:40:00+00:00,6876.14990234375,6877.72021484375,6870.9501953125,6877.2998046875,39144000
2026-03-02 20:45:00+00:00,6877.14013671875,6881.669921875,6875.02978515625,6879.06005859375,50635000
2026-03-02 20:50:00+00:00,6878.85986328125,6882.64990234375,6875.31005859375,6882.60986328125,83931000
2026-03-02 20:55:00+00:00,6882.7998046875,6887.990234375,6879.31982421875,6880.0498046875,211809000
2026-03-03 14:30:00+00:00,6800.259765625,6800.259765625,6759.31005859375,6759.52001953125,0
2026-03-03 14:35:00+00:00,6759.5,6783.93994140625,6756.1201171875,6773.22998046875,68777894
2026-03-03 14:40:00+00:00,6772.47021484375,6773.509765625,6746.990234375,6747.97998046875,57982880
2026-03-03 14:45:00+00:00,6747.9599609375,6760.60009765625,6739.08984375,6739.08984375,58089545
2026-03-03 14:50:00+00:00,6738.77001953125,6751.68994140625,6735.9599609375,6746.22021484375,54495746
2026-03-03 14:55:00+00:00,6746.009765625,6746.83984375,6733.72021484375,6736.9501953125,46412276
2026-03-03 15:00:00+00:00,6736.81982421875,6751.740234375,6731.08984375,6734.509765625,51242642
2026-03-03 15:05:00+00:00,6735.02001953125,6744.990234375,6730.56982421875,6738.0,43381032
2026-03-03 15:10:00+00:00,6737.91015625,6748.68017578125,6731.56982421875,6740.64990234375,47150878
2026-03-03 15:15:00+00:00,6740.56982421875,6742.16015625,6723.18994140625,6724.5400390625,41740194
2026-03-03 15:20:00+00:00,6724.56005859375,6724.56005859375,6713.14990234375,6718.35009765625,47141580
2026-03-03 15:25:00+00:00,6718.16015625,6719.22998046875,6710.419921875,6711.81005859375,44591610
2026-03-03 15:30:00+00:00,6711.91015625,6731.3701171875,6711.91015625,6723.9501953125,49146267
2026-03-03 15:35:00+00:00,6724.1298828125,6735.43994140625,6723.0400390625,6731.68017578125,38797896
2026-03-03 15:40:00+00:00,6731.5400390625,6738.330078125,6724.35009765625,6726.83984375,37274802
2026-03-03 15:45:00+00:00,6726.77978515625,6734.6298828125,6722.169921875,6727.10009765625,38408730
2026-03-03 15:50:00+00:00,6727.240234375,6728.5400390625,6718.08984375,6719.7900390625,34674971
2026-03-03 15:55:00+00:00,6719.93017578125,6734.43017578125,6719.509765625,6733.10009765625,41065611
2026-03-03 16:00:00+00:00,6733.39990234375,6748.0498046875,6731.81005859375,6747.47998046875,39465314
2026-03-03 16:05:00+00:00,6747.77978515625,6762.77001953125,6747.77978515625,6759.8701171875,42417000
2026-03-03 16:10:00+00:00,6759.75,6766.18017578125,6757.47021484375,6765.0498046875,34473000
2026-03-03 16:15:00+00:00,6765.1298828125,6775.33984375,6764.7998046875,6767.4501953125,33843000
2026-03-03 16:20:00+00:00,6767.43017578125,6777.66015625,6765.3701171875,6777.2998046875,34756000
2026-03-03 16:25:00+00:00,6777.35009765625,6779.759765625,6773.39013671875,6775.580078125,33649000
2026-03-03 16:30:00+00:00,6775.1298828125,6775.1298828125,6761.77978515625,6772.3798828125,32442000
2026-03-03 16:35:00+00:00,6772.27001953125,6779.080078125,6770.7099609375,6774.83984375,28640000
2026-03-03 16:40:00+00:00,6774.8701171875,6781.35986328125,6768.10986328125,6781.330078125,33130000
2026-03-03 16:45:00+00:00,6781.3701171875,6798.0,6781.3701171875,6789.35009765625,33888000
2026-03-03 16:50:00+00:00,6790.02978515625,6793.419921875,6787.43994140625,6792.66015625,26318000
2026-03-03 16:55:00+00:00,6793.0,6796.8701171875,6788.9501953125,6789.97021484375,24760000
2026-03-03 17:00:00+00:00,6789.89013671875,6793.4599609375,6783.60986328125,6788.740234375,30022000
2026-03-03 17:05:00+00:00,6788.83984375,6792.35986328125,6781.93994140625,6782.490234375,26604000
2026-03-03 17:10:00+00:00,6782.22021484375,6785.58984375,6778.7998046875,6785.58984375,25926000
2026-03-03 17:15:00+00:00,6785.52978515625,6790.919921875,6781.759765625,6789.97998046875,23205000
2026-03-03 17:20:00+00:00,6790.18994140625,6796.330078125,6784.35986328125,6796.330078125,23307000
2026-03-03 17:25:00+00:00,6796.490234375,6799.009765625,6792.240234375,6798.0400390625,21978000
2026-03-03 17:30:00+00:00,6797.7998046875,6797.81005859375,6777.990234375,6779.27001953125,23608000
2026-03-03 17:35:00+00:00,6779.27978515625,6784.919921875,6776.4501953125,6781.02001953125,24969000
2026-03-03 17:40:00+00:00,6781.31005859375,6797.22998046875,6781.31005859375,6796.97998046875,22172000
2026-03-03 17:45:00+00:00,6796.990234375,6798.64013671875,6792.259765625,6797.39990234375,21597000
2026-03-03 17:50:00+00:00,6797.5,6797.5400390625,6784.39990234375,6785.31982421875,24684000
2026-03-03 17:55:00+00:00,6785.35009765625,6791.18994140625,6784.009765625,6788.64990234375,19848000
2026-03-03 18:00:00+00:00,6788.72998046875,6801.91015625,6788.72998046875,6798.52978515625,22810000
2026-03-03 18:05:00+00:00,6798.47998046875,6802.8701171875,6796.669921875,6802.5400390625,20044000
2026-03-03 18:10:00+00:00,6802.5498046875,6802.77978515625,6791.259765625,6794.91015625,21801000
2026-03-03 18:15:00+00:00,6795.35009765625,6802.77001953125,6795.35009765625,6801.5,17913000
2026-03-03 18:20:00+00:00,6801.509765625,6815.2900390625,6801.509765625,6814.509765625,23613000
2026-03-03 18:25:00+00:00,6814.72021484375,6818.47998046875,6812.2001953125,6812.89990234375,22986000
2026-03-03 18:30:00+00:00,6812.93994140625,6822.10986328125,6812.02978515625,6820.31005859375,26261000
2026-03-03 18:35:00+00:00,6820.35986328125,6827.60009765625,6817.58984375,6827.330078125,26367000
2026-03-03 18:40:00+00:00,6827.5400390625,6832.7900390625,6824.25,6826.419921875,27103000
2026-03-03 18:45:00+00:00,6826.2099609375,6828.8701171875,6819.68017578125,6828.330078125,24974000
2026-03-03 18:50:00+00:00,6828.39013671875,6832.919921875,6826.8798828125,6828.56982421875,24189000
2026-03-03 18:55:00+00:00,6828.580078125,6830.10009765625,6824.14013671875,6826.490234375,23031000
2026-03-03 19:00:00+00:00,6826.56005859375,6828.8701171875,6823.14013671875,6826.35986328125,25021000
2026-03-03 19:05:00+00:00,6826.5498046875,6827.47998046875,6815.009765625,6815.419921875,26179000
2026-03-03 19:10:00+00:00,6815.5400390625,6820.5400390625,6812.0498046875,6819.83984375,26962000
2026-03-03 19:15:00+00:00,6819.93994140625,6825.39013671875,6819.64990234375,6823.52001953125,23787000
2026-03-03 19:20:00+00:00,6823.7001953125,6829.33984375,6823.7001953125,6824.43017578125,24508000
2026-03-03 19:25:00+00:00,6824.4599609375,6824.9501953125,6819.18994140625,6819.31982421875,24327000
2026-03-03 19:30:00+00:00,6819.33984375,6821.4501953125,6809.56982421875,6811.2099609375,25877000
2026-03-03 19:35:00+00:00,6811.31982421875,6831.14013671875,6808.1201171875,6823.68017578125,37644000
2026-03-03 19:40:00+00:00,6823.81005859375,6833.6298828125,6823.22998046875,6833.2900390625,34300000
2026-03-03 19:45:00+00:00,6833.33984375,6840.0498046875,6833.18994140625,6835.41015625,28887000
2026-03-03 19:50:00+00:00,6835.2099609375,6837.85009765625,6824.02001953125,6829.27001953125,31873000
2026-03-03 19:55:00+00:00,6829.009765625,6829.3798828125,6822.25,6826.919921875,26669000
2026-03-03 20:00:00+00:00,6827.02978515625,6833.4599609375,6823.8701171875,6825.77978515625,27986000
2026-03-03 20:05:00+00:00,6826.14990234375,6829.72998046875,6822.81982421875,6829.0400390625,29618000
2026-03-03 20:10:00+00:00,6829.0498046875,6832.3701171875,6822.31005859375,6822.31005859375,29720000
2026-03-03 20:15:00+00:00,6822.18017578125,6825.02978515625,6816.68017578125,6818.8798828125,31270000
2026-03-03 20:20:00+00:00,6819.2099609375,6824.0498046875,6818.14013671875,6821.830078125,29779000
2026-03-03 20:25:00+00:00,6821.72998046875,6827.0498046875,6816.89013671875,6824.7900390625,32482000
2026-03-03 20:30:00+00:00,6824.68994140625,6827.08984375,6822.35986328125,6822.58984375,36119000
2026-03-03 20:35:00+00:00,6822.43017578125,6828.85009765625,6818.1201171875,6820.240234375,36707000
2026-03-03 20:40:00+00:00,6820.18994140625,6822.33984375,6817.080078125,6819.75,39163000
2026-03-03 20:45:00+00:00,6819.259765625,6821.85009765625,6814.77001953125,6819.06982421875,48433000
2026-03-03 20:50:00+00:00,6819.22021484375,6819.22021484375,6806.830078125,6816.43017578125,88549000
2026-03-03 20:55:00+00:00,6816.14013671875,6817.56982421875,6812.52978515625,6816.58984375,201325000
2026-03-04 14:30:00+00:00,6831.68994140625,6848.0400390625,6828.52001953125,6843.93994140625,0
2026-03-04 14:35:00+00:00,6843.75,6844.52978515625,6823.4599609375,6824.93017578125,58064576
2026-03-04 14:40:00+00:00,6825.08984375,6825.08984375,6815.0400390625,6816.580078125,48840118
2026-03-04 14:45:00+00:00,6816.740234375,6830.39013671875,6811.64013671875,6823.31982421875,50978588
2026-03-04 14:50:00+00:00,6823.1298828125,6830.97021484375,6817.35986328125,6828.52001953125,44202054
2026-03-04 14:55:00+00:00,6828.64990234375,6829.2998046875,6822.4599609375,6829.1298828125,42363959
2026-03-04 15:00:00+00:00,6829.85009765625,6840.02001953125,6824.68994140625,6830.0498046875,51389904
2026-03-04 15:05:00+00:00,6830.2998046875,6846.64013671875,6829.0498046875,6845.93017578125,39547741
2026-03-04 15:10:00+00:00,6845.77001953125,6851.330078125,6840.580078125,6846.52978515625,38100489
2026-03-04 15:15:00+00:00,6846.60986328125,6858.9599609375,6846.47021484375,6858.72021484375,37413356
2026-03-04 15:20:00+00:00,6858.8798828125,6869.93017578125,6857.14990234375,6869.93017578125,38112365
2026-03-04 15:25:00+00:00,6869.89013671875,6876.759765625,6866.18994140625,6875.4501953125,39825866
2026-03-04 15:30:00+00:00,6876.169921875,6877.22998046875,6868.75,6868.75,38668891
2026-03-04 15:35:00+00:00,6868.580078125,6869.56982421875,6860.8701171875,6860.990234375,35947927
2026-03-04 15:40:00+00:00,6861.06982421875,6863.14013671875,6858.3701171875,6859.4599609375,31149210
2026-03-04 15:45:00+00:00,6859.35986328125,6860.72021484375,6854.31005859375,6860.2998046875,30538575
2026-03-04 15:50:00+00:00,6860.16015625,6864.97998046875,6856.06005859375,6864.5498046875,30669034
2026-03-04 15:55:00+00:00,6864.330078125,6873.35986328125,6863.97021484375,6873.009765625,31859838
2026-03-04 16:00:00+00:00,6872.52001953125,6880.3798828125,6872.52001953125,6877.25,30306933
2026-03-04 16:05:00+00:00,6876.89990234375,6877.509765625,6870.490234375,6871.0400390625,28460621
2026-03-04 16:10:00+00:00,6871.10986328125,6871.580078125,6858.43017578125,6860.22998046875,30695870
2026-03-04 16:15:00+00:00,6860.2099609375,6865.56005859375,6858.14990234375,6860.18994140625,30234751
2026-03-04 16:20:00+00:00,6860.31982421875,6863.77001953125,6856.83984375,6858.91015625,28408568
2026-03-04 16:25:00+00:00,6858.7998046875,6868.2099609375,6857.93017578125,6865.8701171875,30337310
2026-03-04 16:30:00+00:00,6865.89013671875,6872.47021484375,6864.81005859375,6870.0400390625,25358000
2026-03-04 16:35:00+00:00,6869.9501953125,6872.85986328125,6864.22021484375,6866.18017578125,31606000
2026-03-04 16:40:00+00:00,6865.97998046875,6877.02978515625,6865.47998046875,6875.8701171875,27225000
2026-03-04 16:45:00+00:00,6875.91015625,6878.43994140625,6873.5498046875,6875.41015625,26719000
2026-03-04 16:50:00+00:00,6875.25,6877.14990234375,6870.7900390625,6875.580078125,25752000
2026-03-04 16:55:00+00:00,6875.14990234375,6876.8798828125,6872.1298828125,6872.72998046875,26342000
2026-03-04 17:00:00+00:00,6872.75,6877.66015625,6870.490234375,6877.66015625,27674000
2026-03-04 17:05:00+00:00,6877.5,6878.18994140625,6874.0400390625,6875.25,26539000
2026-03-04 17:10:00+00:00,6875.43017578125,6877.85986328125,6875.009765625,6875.22021484375,24026000
2026-03-04 17:15:00+00:00,6875.22998046875,6876.25,6873.35009765625,6874.4599609375,23133000
2026-03-04 17:20:00+00:00,6874.5498046875,6876.06005859375,6869.33984375,6871.93017578125,23801000
2026-03-04 17:25:00+00:00,6872.5498046875,6875.669921875,6868.35986328125,6868.740234375,22980000
2026-03-04 17:30:00+00:00,6868.5498046875,6869.6298828125,6861.3701171875,6869.31982421875,23400000
2026-03-04 17:35:00+00:00,6869.2900390625,6875.27978515625,6868.35986328125,6874.8798828125,21624000
2026-03-04 17:40:00+00:00,6875.009765625,6876.83984375,6871.10986328125,6872.6298828125,20876000
2026-03-04 17:45:00+00:00,6872.580078125,6875.759765625,6872.52978515625,6874.43017578125,18603000
2026-03-04 17:50:00+00:00,6874.27001953125,6878.2998046875,6872.77001953125,6877.490234375,22078000
2026-03-04 17:55:00+00:00,6877.509765625,6878.43017578125,6874.02978515625,6876.9599609375,20210000
2026-03-04 18:00:00+00:00,6876.7998046875,6879.43994140625,6874.89990234375,6874.97021484375,20038000
2026-03-04 18:05:00+00:00,6875.02978515625,6878.740234375,6872.7900390625,6877.27001953125,20634000
2026-03-04 18:10:00+00:00,6877.240234375,6878.27001953125,6873.7001953125,6874.60009765625,21354000
2026-03-04 18:15:00+00:00,6874.4599609375,6874.72021484375,6871.39990234375,6871.52001953125,21500000
2026-03-04 18:20:00+00:00,6871.490234375,6873.8798828125,6869.259765625,6871.47998046875,21258000
2026-03-04 18:25:00+00:00,6871.41015625,6876.2001953125,6870.58984375,6875.9501953125,23191000
2026-03-04 18:30:00+00:00,6875.9599609375,6881.56982421875,6875.91015625,6878.2900390625,22221000
2026-03-04 18:35:00+00:00,6878.259765625,6881.52978515625,6878.1201171875,6879.2001953125,24523000
2026-03-04 18:40:00+00:00,6879.0,6882.35986328125,6878.7001953125,6880.22998046875,24354000
2026-03-04 18:45:00+00:00,6880.31005859375,6882.25,6877.9599609375,6882.22998046875,22917000
2026-03-04 18:50:00+00:00,6882.16015625,6883.39013671875,6881.1201171875,6881.22021484375,20397000
2026-03-04 18:55:00+00:00,6881.27978515625,6881.27978515625,6877.330078125,6880.56982421875,21014000
2026-03-04 19:00:00+00:00,6880.60009765625,6883.75,6879.31982421875,6883.16015625,23563000
2026-03-04 19:05:00+00:00,6883.2001953125,6883.64990234375,6881.22998046875,6882.08984375,24857000
2026-03-04 19:10:00+00:00,6882.169921875,6883.8701171875,6881.52001953125,6882.85009765625,22919000
2026-03-04 19:15:00+00:00,6882.75,6884.60986328125,6882.52978515625,6883.10009765625,24630000
2026-03-04 19:20:00+00:00,6883.080078125,6884.02001953125,6880.97021484375,6883.759765625,20735000
2026-03-04 19:25:00+00:00,6883.66015625,6883.68017578125,6879.97021484375,6880.91015625,23099000
2026-03-04 19:30:00+00:00,6880.89990234375,6882.740234375,6879.64990234375,6880.22021484375,21846000
2026-03-04 19:35:00+00:00,6880.22021484375,6883.5400390625,6880.10986328125,6883.5400390625,21504000
2026-03-04 19:40:00+00:00,6883.52001953125,6884.080078125,6880.52001953125,6881.77978515625,23015000
2026-03-04 19:45:00+00:00,6881.81005859375,6883.58984375,6880.2900390625,6883.509765625,22766000
2026-03-04 19:50:00+00:00,6883.5,6885.93994140625,6883.2099609375,6885.27978515625,23669000
2026-03-04 19:55:00+00:00,6885.2099609375,6885.240234375,6882.18017578125,6882.85986328125,25698000
2026-03-04 20:00:00+00:00,6882.93994140625,6884.91015625,6881.8701171875,6884.2001953125,25118000
2026-03-04 20:05:00+00:00,6884.22998046875,6884.5400390625,6878.5,6879.9501953125,27045000
2026-03-04 20:10:00+00:00,6880.0,6880.06982421875,6875.8798828125,6876.919921875,26200000
2026-03-04 20:15:00+00:00,6876.89013671875,6877.52978515625,6874.33984375,6874.33984375,28410000
2026-03-04 20:20:00+00:00,6874.35986328125,6875.31005859375,6870.22021484375,6872.27978515625,29287000
2026-03-04 20:25:00+00:00,6872.31005859375,6877.4501953125,6872.31005859375,6877.2998046875,30367000
2026-03-04 20:30:00+00:00,6877.2900390625,6878.5400390625,6874.330078125,6874.9501953125,37421000
2026-03-04 20:35:00+00:00,6874.85986328125,6878.56005859375,6874.5,6876.4599609375,42489000
2026-03-04 20:40:00+00:00,6876.43017578125,6880.85009765625,6875.39990234375,6879.89013671875,44215000
2026-03-04 20:45:00+00:00,6879.830078125,6880.8798828125,6877.75,6878.259765625,56390000
2026-03-04 20:50:00+00:00,6878.22998046875,6878.22998046875,6869.240234375,6875.490234375,91377000
2026-03-04 20:55:00+00:00,6875.14990234375,6876.5498046875,6868.7998046875,6868.9501953125,203018000
2026-03-05 14:30:00+00:00,6851.080078125,6856.6201171875,6835.490234375,6856.6201171875,0
2026-03-05 14:35:00+00:00,6856.7998046875,6859.7001953125,6847.43017578125,6851.7900390625,62586589
2026-03-05 14:40:00+00:00,6852.16015625,6852.2099609375,6840.56005859375,6841.72021484375,52917680
2026-03-05 14:45:00+00:00,6842.0400390625,6852.27978515625,6837.56982421875,6843.8798828125,54577662
2026-03-05 14:50:00+00:00,6843.669921875,6853.9599609375,6842.08984375,6853.9599609375,47836443
2026-03-05 14:55:00+00:00,6853.919921875,6865.93017578125,6851.52978515625,6865.93017578125,43384772
2026-03-05 15:00:00+00:00,6865.8701171875,6870.43017578125,6857.6201171875,6858.31982421875,53474992
2026-03-05 15:05:00+00:00,6858.18994140625,6858.4599609375,6844.5498046875,6850.7001953125,45465864
2026-03-05 15:10:00+00:00,6850.7998046875,6858.31005859375,6846.35009765625,6858.31005859375,47773283
2026-03-05 15:15:00+00:00,6858.0498046875,6858.0498046875,6843.39013671875,6844.33984375,41864497
2026-03-05 15:20:00+00:00,6843.91015625,6843.91015625,6825.89990234375,6826.10986328125,40573357
2026-03-05 15:25:00+00:00,6825.7900390625,6828.9599609375,6818.6201171875,6821.91015625,40366151
2026-03-05 15:30:00+00:00,6822.1201171875,6822.1201171875,6807.8798828125,6816.830078125,45328725
2026-03-05 15:35:00+00:00,6816.75,6825.58984375,6813.169921875,6825.490234375,38429851
2026-03-05 15:40:00+00:00,6825.4599609375,6831.52001953125,6823.93017578125,6826.66015625,34242931
2026-03-05 15:45:00+00:00,6826.669921875,6834.16015625,6826.31005859375,6827.72021484375,32031230
2026-03-05 15:50:00+00:00,6827.830078125,6840.25,6827.08984375,6837.06005859375,35089495
2026-03-05 15:55:00+00:00,6836.56982421875,6837.22021484375,6828.68994140625,6835.080078125,35730502
2026-03-05 16:00:00+00:00,6835.419921875,6837.35009765625,6823.16015625,6823.580078125,32401484
2026-03-05 16:05:00+00:00,6823.56982421875,6825.990234375,6815.39990234375,6815.93017578125,34959928
2026-03-05 16:10:00+00:00,6815.6298828125,6816.91015625,6806.7099609375,6812.330078125,37998206
2026-03-05 16:15:00+00:00,6812.509765625,6815.33984375,6805.240234375,6807.06005859375,35155000
2026-03-05 16:20:00+00:00,6806.4599609375,6816.8798828125,6806.4599609375,6811.27001953125,32117000
2026-03-05 16:25:00+00:00,6810.990234375,6815.02978515625,6808.68994140625,6809.419921875,29782000
2026-03-05 16:30:00+00:00,6809.25,6821.39990234375,6809.2099609375,6815.8701171875,34122000
2026-03-05 16:35:00+00:00,6815.85986328125,6822.7099609375,6814.08984375,6820.02001953125,27550000
2026-03-05 16:40:00+00:00,6819.759765625,6824.1201171875,6813.77978515625,6816.16015625,27508000
2026-03-05 16:45:00+00:00,6816.14990234375,6825.18017578125,6816.14990234375,6820.919921875,25975000
2026-03-05 16:50:00+00:00,6820.7099609375,6823.4501953125,6817.14990234375,6822.919921875,24843000
2026-03-05 16:55:00+00:00,6822.9501953125,6826.77001953125,6822.89013671875,6824.35009765625,26105000
2026-03-05 17:00:00+00:00,6824.47998046875,6837.85009765625,6823.169921875,6837.509765625,27922000
2026-03-05 17:05:00+00:00,6837.43017578125,6837.9501953125,6824.77001953125,6824.85986328125,26703000
2026-03-05 17:10:00+00:00,6824.81005859375,6825.14990234375,6816.72998046875,6819.740234375,29471000
2026-03-05 17:15:00+00:00,6819.97998046875,6820.10009765625,6806.5,6807.14013671875,27587000
2026-03-05 17:20:00+00:00,6807.35986328125,6810.35009765625,6804.10009765625,6808.97998046875,27922000
2026-03-05 17:25:00+00:00,6808.58984375,6810.080078125,6802.14013671875,6802.419921875,29555000
2026-03-05 17:30:00+00:00,6799.77001953125,6801.39990234375,6786.66015625,6786.66015625,34621000
2026-03-05 17:35:00+00:00,6786.8798828125,6799.02001953125,6784.93994140625,6793.5400390625,35574000
2026-03-05 17:40:00+00:00,6793.7001953125,6797.18994140625,6784.1298828125,6784.89013671875,32781000
2026-03-05 17:45:00+00:00,6785.47998046875,6786.009765625,6776.89990234375,6777.6201171875,38594000
2026-03-05 17:50:00+00:00,6777.509765625,6786.5,6774.60009765625,6777.830078125,33729000
2026-03-05 17:55:00+00:00,6778.1201171875,6780.91015625,6774.31005859375,6778.77978515625,30295000
2026-03-05 18:00:00+00:00,6778.41015625,6785.259765625,6777.240234375,6784.77978515625,28099000
2026-03-05 18:05:00+00:00,6784.5400390625,6792.39013671875,6782.18017578125,6791.66015625,29571000
2026-03-05 18:10:00+00:00,6791.77001953125,6796.2900390625,6787.259765625,6794.52978515625,26333000
2026-03-05 18:15:00+00:00,6794.330078125,6796.10009765625,6777.64013671875,6777.89990234375,27012000
2026-03-05 18:20:00+00:00,6777.9599609375,6786.97021484375,6777.89013671875,6783.22998046875,26184000
2026-03-05 18:25:00+00:00,6783.18017578125,6783.60986328125,6773.8701171875,6777.18994140625,25509000
2026-03-05 18:30:00+00:00,6777.0498046875,6783.64013671875,6772.7998046875,6777.7099609375,27288000
2026-03-05 18:35:00+00:00,6777.830078125,6784.169921875,6777.1201171875,6781.58984375,24973000
2026-03-05 18:40:00+00:00,6781.5498046875,6793.66015625,6781.22021484375,6792.0498046875,27006000
2026-03-05 18:45:00+00:00,6791.9599609375,6792.22998046875,6781.4599609375,6783.419921875,26193000
2026-03-05 18:50:00+00:00,6783.4501953125,6783.4501953125,6773.91015625,6774.85009765625,22919000
2026-03-05 18:55:00+00:00,6774.740234375,6784.3701171875,6774.740234375,6780.2998046875,23635000
2026-03-05 19:00:00+00:00,6780.43994140625,6785.06005859375,6778.3701171875,6781.56982421875,28343000
2026-03-05 19:05:00+00:00,6781.85986328125,6787.009765625,6781.56005859375,6783.68994140625,28164000
2026-03-05 19:10:00+00:00,6783.47998046875,6788.31005859375,6780.330078125,6787.77978515625,26044000
2026-03-05 19:15:00+00:00,6787.830078125,6787.830078125,6781.22998046875,6786.7998046875,26425000
2026-03-05 19:20:00+00:00,6786.81982421875,6791.18994140625,6782.89990234375,6785.9501953125,25483000
2026-03-05 19:25:00+00:00,6786.18994140625,6787.93017578125,6777.85009765625,6781.43994140625,27845000
2026-03-05 19:30:00+00:00,6781.41015625,6781.41015625,6770.77978515625,6774.41015625,27624000
2026-03-05 19:35:00+00:00,6774.330078125,6777.16015625,6771.2900390625,6777.06982421875,27204000
2026-03-05 19:40:00+00:00,6777.0400390625,6783.740234375,6777.0400390625,6783.56982421875,27292000
2026-03-05 19:45:00+00:00,6784.02978515625,6788.43994140625,6780.35009765625,6787.10986328125,26656000
2026-03-05 19:50:00+00:00,6787.14013671875,6790.93994140625,6781.85986328125,6781.85986328125,28171000
2026-03-05 19:55:00+00:00,6781.77001953125,6786.4599609375,6779.2900390625,6784.9599609375,27003000
2026-03-05 20:00:00+00:00,6785.0400390625,6794.33984375,6778.56005859375,6793.31005859375,37019000
2026-03-05 20:05:00+00:00,6793.39990234375,6797.85009765625,6783.009765625,6796.33984375,33904000
2026-03-05 20:10:00+00:00,6796.18994140625,6804.3701171875,6796.02001953125,6802.02001953125,34570000
2026-03-05 20:15:00+00:00,6802.0498046875,6808.2001953125,6798.27001953125,6805.14990234375,35706000
2026-03-05 20:20:00+00:00,6805.08984375,6811.830078125,6803.169921875,6811.7001953125,37363000
2026-03-05 20:25:00+00:00,6811.81005859375,6817.919921875,6808.81982421875,6808.83984375,42398000
2026-03-05 20:30:00+00:00,6808.97998046875,6815.580078125,6806.77001953125,6814.0400390625,41108000
2026-03-05 20:35:00+00:00,6814.169921875,6818.830078125,6813.5400390625,6814.68994140625,43149000
2026-03-05 20:40:00+00:00,6814.759765625,6815.66015625,6810.419921875,6813.9599609375,42917000
2026-03-05 20:45:00+00:00,6813.91015625,6819.1201171875,6808.6298828125,6819.1201171875,57706000
2026-03-05 20:50:00+00:00,6819.25,6828.2099609375,6817.97998046875,6827.759765625,97530000
2026-03-05 20:55:00+00:00,6827.81005859375,6831.75,6824.240234375,6829.91015625,235307000
2026-03-06 14:30:00+00:00,6769.02978515625,6769.02978515625,6734.3701171875,6736.85009765625,0
2026-03-06 14:35:00+00:00,6736.77001953125,6738.22998046875,6716.72998046875,6724.35009765625,65991928
2026-03-06 14:40:00+00:00,6724.14013671875,6732.9501953125,6721.490234375,6722.97998046875,57017053
2026-03-06 14:45:00+00:00,6723.2001953125,6730.009765625,6712.7998046875,6719.3798828125,53624374
2026-03-06 14:50:00+00:00,6719.35986328125,6732.39990234375,6717.72998046875,6720.56982421875,48125001
2026-03-06 14:55:00+00:00,6720.39013671875,6724.75,6711.56005859375,6724.02001953125,42728685
2026-03-06 15:00:00+00:00,6722.35009765625,6742.39013671875,6722.35009765625,6739.52978515625,50848192
2026-03-06 15:05:00+00:00,6740.5498046875,6742.56982421875,6722.4501953125,6723.81005859375,42092530
2026-03-06 15:10:00+00:00,6723.35986328125,6744.9599609375,6721.6298828125,6744.66015625,38951587
2026-03-06 15:15:00+00:00,6744.93994140625,6747.81005859375,6740.6298828125,6747.68994140625,39282840
2026-03-06 15:20:00+00:00,6747.64013671875,6755.91015625,6745.56982421875,6754.490234375,36315444
2026-03-06 15:25:00+00:00,6754.2998046875,6755.740234375,6749.4501953125,6754.43994140625,36136228
2026-03-06 15:30:00+00:00,6754.39013671875,6762.68017578125,6754.39013671875,6762.2099609375,36315214
2026-03-06 15:35:00+00:00,6762.16015625,6771.72998046875,6761.7900390625,6769.22998046875,36642019
2026-03-06 15:40:00+00:00,6769.14990234375,6769.14990234375,6755.919921875,6760.8798828125,32839610
2026-03-06 15:45:00+00:00,6760.93017578125,6761.919921875,6749.31005859375,6751.02001953125,30014812
2026-03-06 15:50:00+00:00,6750.919921875,6750.93017578125,6738.89013671875,6746.02001953125,33325556
2026-03-06 15:55:00+00:00,6746.89013671875,6766.64013671875,6746.89013671875,6762.85009765625,33247125
2026-03-06 16:00:00+00:00,6763.06982421875,6772.89990234375,6761.39990234375,6772.10986328125,29914855
2026-03-06 16:05:00+00:00,6772.259765625,6773.419921875,6762.39013671875,6763.06005859375,29271583
2026-03-06 16:10:00+00:00,6762.8798828125,6762.93017578125,6755.02978515625,6755.419921875,26843703
2026-03-06 16:15:00+00:00,6755.39013671875,6763.2001953125,6754.08984375,6761.8701171875,27469831
2026-03-06 16:20:00+00:00,6762.0400390625,6763.18017578125,6748.33984375,6757.4599609375,32211884
2026-03-06 16:25:00+00:00,6757.830078125,6759.39990234375,6751.77978515625,6756.7099609375,24766000
2026-03-06 16:30:00+00:00,6756.9599609375,6758.64990234375,6747.759765625,6750.35986328125,26591000
2026-03-06 16:35:00+00:00,6750.39013671875,6764.52001953125,6749.60986328125,6763.0498046875,25617000
2026-03-06 16:40:00+00:00,6763.10009765625,6764.93017578125,6757.93017578125,6758.22998046875,23462000
2026-03-06 16:45:00+00:00,6758.3701171875,6769.990234375,6758.3701171875,6767.419921875,26096000
2026-03-06 16:50:00+00:00,6767.52001953125,6772.60009765625,6759.22021484375,6759.6201171875,25931000
2026-03-06 16:55:00+00:00,6759.8701171875,6767.06005859375,6755.4599609375,6763.43994140625,25243000
2026-03-06 17:00:00+00:00,6763.3798828125,6771.2099609375,6759.8701171875,6766.93017578125,28658000
2026-03-06 17:05:00+00:00,6766.60986328125,6766.68994140625,6750.52001953125,6753.740234375,27528000
2026-03-06 17:10:00+00:00,6753.7001953125,6756.43994140625,6750.68994140625,6752.5498046875,24093000
2026-03-06 17:15:00+00:00,6752.75,6757.22998046875,6748.4501953125,6757.22998046875,25082000
2026-03-06 17:20:00+00:00,6757.2998046875,6764.02001953125,6754.6298828125,6758.68994140625,25158000
2026-03-06 17:25:00+00:00,6758.52978515625,6758.6201171875,6747.509765625,6752.16015625,23748000
2026-03-06 17:30:00+00:00,6751.89990234375,6754.39990234375,6750.0498046875,6754.27978515625,20511000
2026-03-06 17:35:00+00:00,6754.240234375,6754.330078125,6739.75,6742.47021484375,24528000
2026-03-06 17:40:00+00:00,6742.41015625,6744.1201171875,6734.259765625,6740.14013671875,23536000
2026-03-06 17:45:00+00:00,6739.83984375,6747.72998046875,6739.83984375,6746.83984375,20677000
2026-03-06 17:50:00+00:00,6746.740234375,6752.1298828125,6744.10986328125,6746.47998046875,20758000
2026-03-06 17:55:00+00:00,6746.02978515625,6750.66015625,6743.490234375,6744.77001953125,19866000
2026-03-06 18:00:00+00:00,6744.5,6755.2099609375,6743.60986328125,6748.5,22556000
2026-03-06 18:05:00+00:00,6748.509765625,6757.02978515625,6747.740234375,6755.2900390625,21448000
2026-03-06 18:10:00+00:00,6755.169921875,6773.169921875,6753.1201171875,6771.7900390625,25473000
2026-03-06 18:15:00+00:00,6771.64013671875,6773.1298828125,6765.8701171875,6771.330078125,22326000
2026-03-06 18:20:00+00:00,6771.41015625,6772.81982421875,6763.72021484375,6766.31982421875,24018000
2026-03-06 18:25:00+00:00,6766.330078125,6766.759765625,6756.52001953125,6759.9501953125,21725000
2026-03-06 18:30:00+00:00,6759.85009765625,6765.52978515625,6759.08984375,6762.97998046875,22053000
2026-03-06 18:35:00+00:00,6762.759765625,6762.759765625,6753.52001953125,6757.4501953125,21448000
2026-03-06 18:40:00+00:00,6757.43017578125,6761.60009765625,6756.18994140625,6759.22998046875,20031000
2026-03-06 18:45:00+00:00,6759.3701171875,6760.43994140625,6755.8798828125,6760.43994140625,21935000
2026-03-06 18:50:00+00:00,6760.5,6760.5400390625,6750.7998046875,6752.58984375,24154000
2026-03-06 18:55:00+00:00,6752.52001953125,6756.5400390625,6750.75,6753.7001953125,21576000
2026-03-06 19:00:00+00:00,6753.72021484375,6756.509765625,6752.33984375,6752.580078125,22875000
2026-03-06 19:05:00+00:00,6752.4599609375,6759.64013671875,6751.64990234375,6758.68017578125,22921000
2026-03-06 19:10:00+00:00,6758.5400390625,6766.5400390625,6758.080078125,6764.830078125,25801000
2026-03-06 19:15:00+00:00,6764.740234375,6765.419921875,6758.02001953125,6764.14990234375,26723000
2026-03-06 19:20:00+00:00,6763.75,6764.35009765625,6754.97021484375,6756.4599609375,25464000
2026-03-06 19:25:00+00:00,6756.169921875,6762.990234375,6753.18017578125,6762.10986328125,24209000
2026-03-06 19:30:00+00:00,6762.080078125,6766.169921875,6760.9599609375,6763.68017578125,25388000
2026-03-06 19:35:00+00:00,6763.52001953125,6765.16015625,6756.02978515625,6760.4599609375,24540000
2026-03-06 19:40:00+00:00,6760.18994140625,6768.509765625,6759.830078125,6759.830078125,25736000
2026-03-06 19:45:00+00:00,6759.72998046875,6760.3798828125,6755.4501953125,6758.56982421875,22680000
2026-03-06 19:50:00+00:00,6758.56005859375,6762.580078125,6755.68017578125,6761.72998046875,24399000
2026-03-06 19:55:00+00:00,6761.7099609375,6763.58984375,6760.830078125,6762.8798828125,26162000
2026-03-06 20:00:00+00:00,6762.81005859375,6772.0,6762.81005859375,6770.08984375,28780000
2026-03-06 20:05:00+00:00,6770.1201171875,6770.75,6762.5,6762.759765625,26176000
2026-03-06 20:10:00+00:00,6762.72998046875,6763.759765625,6747.56982421875,6752.39013671875,44343000
2026-03-06 20:15:00+00:00,6752.2998046875,6756.91015625,6748.16015625,6752.009765625,36396000
2026-03-06 20:20:00+00:00,6751.669921875,6751.85986328125,6742.18017578125,6742.490234375,38015000
2026-03-06 20:25:00+00:00,6742.3701171875,6742.39013671875,6732.60009765625,6734.509765625,41327000
2026-03-06 20:30:00+00:00,6734.509765625,6737.72998046875,6729.93017578125,6732.47021484375,46195000
2026-03-06 20:35:00+00:00,6732.39990234375,6735.509765625,6724.81982421875,6734.52978515625,53583000
2026-03-06 20:40:00+00:00,6734.580078125,6745.85009765625,6730.9599609375,6737.7001953125,57467000
2026-03-06 20:45:00+00:00,6738.169921875,6743.22998046875,6737.4501953125,6741.58984375,55411000
2026-03-06 20:50:00+00:00,6741.6298828125,6741.89013671875,6731.22021484375,6739.580078125,97425000
2026-03-06 20:55:00+00:00,6739.47021484375,6744.9599609375,6734.3798828125,6738.14990234375,231383000
2026-03-09 13:30:00+00:00,6699.7998046875,6699.7998046875,6670.740234375,6675.169921875,0
2026-03-09 13:35:00+00:00,6675.18994140625,6676.5,6658.27001953125,6658.9501953125,67114456
2026-03-09 13:40:00+00:00,6659.14013671875,6659.5,6648.3798828125,6654.669921875,60599910
2026-03-09 13:45:00+00:00,6654.7900390625,6660.14013671875,6645.85009765625,6648.330078125,56739659
2026-03-09 13:50:00+00:00,6648.52001953125,6652.35986328125,6639.91015625,6642.93994140625,49561279
2026-03-09 13:55:00+00:00,6643.02001953125,6659.0400390625,6638.58984375,6652.35986328125,50292909
2026-03-09 14:00:00+00:00,6652.64990234375,6669.89990234375,6649.7099609375,6669.580078125,50427425
2026-03-09 14:05:00+00:00,6670.06005859375,6671.3798828125,6641.7001953125,6646.3798828125,53134544
2026-03-09 14:10:00+00:00,6646.4501953125,6646.6201171875,6636.0400390625,6643.02001953125,48544986
2026-03-09 14:15:00+00:00,6643.1298828125,6652.83984375,6641.080078125,6651.6201171875,43165843
2026-03-09 14:20:00+00:00,6651.2900390625,6667.31982421875,6643.14013671875,6665.31005859375,47783059
2026-03-09 14:25:00+00:00,6665.009765625,6666.990234375,6649.7099609375,6652.669921875,37016067
2026-03-09 14:30:00+00:00,6652.56005859375,6663.2099609375,6652.56005859375,6661.830078125,41708425
2026-03-09 14:35:00+00:00,6661.89990234375,6676.52001953125,6660.02978515625,6672.72021484375,41022818
2026-03-09 14:40:00+00:00,6672.81982421875,6680.27001953125,6669.66015625,6680.27001953125,41237209
2026-03-09 14:45:00+00:00,6680.3701171875,6689.56005859375,6679.7001953125,6687.7998046875,39524145
2026-03-09 14:50:00+00:00,6688.06982421875,6693.41015625,6683.91015625,6693.41015625,37788801
2026-03-09 14:55:00+00:00,6693.5,6693.97998046875,6684.3798828125,6688.2099609375,38692669
2026-03-09 15:00:00+00:00,6687.9599609375,6698.06982421875,6687.9599609375,6696.9501953125,35643642
2026-03-09 15:05:00+00:00,6697.14990234375,6699.2900390625,6691.41015625,6691.91015625,33730412
2026-03-09 15:10:00+00:00,6692.08984375,6700.06005859375,6691.77978515625,6698.4599609375,35283000
2026-03-09 15:15:00+00:00,6699.14013671875,6705.02978515625,6696.64990234375,6700.3798828125,32837000
2026-03-09 15:20:00+00:00,6700.72998046875,6707.2099609375,6698.68994140625,6706.60009765625,30428000
2026-03-09 15:25:00+00:00,6706.43017578125,6711.169921875,6703.1201171875,6710.02001953125,33397000
2026-03-09 15:30:00+00:00,6710.08984375,6710.14990234375,6699.85009765625,6701.02001953125,29689000
2026-03-09 15:35:00+00:00,6700.990234375,6701.85009765625,6697.759765625,6699.330078125,27702000
2026-03-09 15:40:00+00:00,6699.16015625,6700.60986328125,6696.93017578125,6697.97998046875,30846000
2026-03-09 15:45:00+00:00,6697.85009765625,6706.2998046875,6696.81982421875,6703.47998046875,28206000
2026-03-09 15:50:00+00:00,6703.47021484375,6709.56005859375,6701.9501953125,6708.72021484375,26649000
2026-03-09 15:55:00+00:00,6708.6201171875,6711.009765625,6706.080078125,6707.10986328125,28072000
2026-03-09 16:00:00+00:00,6707.1201171875,6713.2900390625,6704.60986328125,6708.93994140625,27206000
2026-03-09 16:05:00+00:00,6709.14990234375,6712.669921875,6708.27001953125,6710.580078125,23520000
2026-03-09 16:10:00+00:00,6710.64990234375,6713.35986328125,6707.3701171875,6711.490234375,23697000
2026-03-09 16:15:00+00:00,6711.5498046875,6711.919921875,6708.22998046875,6711.419921875,23026000
2026-03-09 16:20:00+00:00,6711.419921875,6717.7998046875,6705.240234375,6716.490234375,27465000
2026-03-09 16:25:00+00:00,6716.56005859375,6727.22998046875,6715.18017578125,6721.02978515625,31211000
2026-03-09 16:30:00+00:00,6721.2900390625,6722.18994140625,6712.1298828125,6720.0498046875,27017000
2026-03-09 16:35:00+00:00,6720.2900390625,6725.66015625,6720.2099609375,6723.10009765625,24667000
2026-03-09 16:40:00+00:00,6723.3701171875,6731.16015625,6723.3701171875,6730.89013671875,23676000
2026-03-09 16:45:00+00:00,6730.83984375,6734.64013671875,6730.43017578125,6732.509765625,27676000
2026-03-09 16:50:00+00:00,6732.4599609375,6732.7900390625,6726.97998046875,6727.85009765625,23055000
2026-03-09 16:55:00+00:00,6727.83984375,6731.4599609375,6724.7998046875,6725.009765625,24100000
2026-03-09 17:00:00+00:00,6725.0400390625,6725.419921875,6716.72021484375,6720.85986328125,25160000
2026-03-09 17:05:00+00:00,6720.7001953125,6721.22998046875,6716.08984375,6720.18994140625,22074000
2026-03-09 17:10:00+00:00,6719.97998046875,6722.169921875,6717.18994140625,6718.990234375,22260000
2026-03-09 17:15:00+00:00,6719.0,6719.919921875,6709.72021484375,6710.5,20215000
2026-03-09 17:20:00+00:00,6710.35986328125,6710.68994140625,6702.5498046875,6702.5498046875,23514000
2026-03-09 17:25:00+00:00,6702.5498046875,6702.830078125,6699.7001953125,6700.9501953125,22527000
2026-03-09 17:30:00+00:00,6700.91015625,6703.080078125,6698.759765625,6700.5498046875,26889000
2026-03-09 17:35:00+00:00,6700.5400390625,6701.97998046875,6697.0400390625,6697.43017578125,20171000
2026-03-09 17:40:00+00:00,6697.2001953125,6699.10009765625,6693.27001953125,6694.72998046875,24384000
2026-03-09 17:45:00+00:00,6694.64013671875,6702.14990234375,6694.509765625,6698.64990234375,22952000
2026-03-09 17:50:00+00:00,6698.58984375,6703.93017578125,6697.83984375,6703.759765625,20554000
2026-03-09 17:55:00+00:00,6703.7099609375,6704.83984375,6699.39013671875,6700.33984375,19659000
2026-03-09 18:00:00+00:00,6700.2900390625,6705.080078125,6700.06005859375,6702.77001953125,26008000
2026-03-09 18:05:00+00:00,6702.8701171875,6709.25,6702.06982421875,6702.85009765625,25931000
2026-03-09 18:10:00+00:00,6702.91015625,6709.169921875,6702.27978515625,6707.33984375,23837000
2026-03-09 18:15:00+00:00,6707.31982421875,6714.169921875,6705.60986328125,6713.64990234375,25085000
2026-03-09 18:20:00+00:00,6713.81005859375,6719.669921875,6708.97998046875,6713.259765625,25759000
2026-03-09 18:25:00+00:00,6713.31982421875,6713.89013671875,6711.18994140625,6713.02978515625,24066000
2026-03-09 18:30:00+00:00,6712.97998046875,6723.75,6712.47998046875,6722.9501953125,28355000
2026-03-09 18:35:00+00:00,6722.97021484375,6724.75,6720.43994140625,6721.509765625,25473000
2026-03-09 18:40:00+00:00,6721.5400390625,6722.4501953125,6719.580078125,6720.75,24437000
2026-03-09 18:45:00+00:00,6720.68017578125,6724.3701171875,6720.41015625,6721.64990234375,23561000
2026-03-09 18:50:00+00:00,6721.52978515625,6723.81982421875,6719.6201171875,6721.31982421875,25151000
2026-03-09 18:55:00+00:00,6721.18994140625,6721.18994140625,6712.0498046875,6712.7998046875,27136000
2026-03-09 19:00:00+00:00,6712.85986328125,6717.5400390625,6711.85009765625,6715.2099609375,26532000
2026-03-09 19:05:00+00:00,6714.9501953125,6715.85009765625,6711.56005859375,6715.58984375,26142000
2026-03-09 19:10:00+00:00,6715.5498046875,6719.240234375,6715.4599609375,6716.58984375,29505000
2026-03-09 19:15:00+00:00,6716.6298828125,6746.18017578125,6715.97998046875,6745.509765625,46200000
2026-03-09 19:20:00+00:00,6745.56005859375,6768.60009765625,6742.6298828125,6764.2099609375,69393000
2026-03-09 19:25:00+00:00,6764.43994140625,6786.47998046875,6760.66015625,6786.2900390625,62037000
2026-03-09 19:30:00+00:00,6786.14013671875,6796.31982421875,6772.18994140625,6796.18017578125,65472000
2026-03-09 19:35:00+00:00,6796.18017578125,6810.43994140625,6785.58984375,6808.759765625,67501000
2026-03-09 19:40:00+00:00,6808.72998046875,6808.72998046875,6782.759765625,6791.97998046875,66703000
2026-03-09 19:45:00+00:00,6791.330078125,6796.919921875,6786.419921875,6791.7998046875,62324000
2026-03-09 19:50:00+00:00,6792.43017578125,6792.43017578125,6781.18017578125,6784.56982421875,100915000
2026-03-09 19:55:00+00:00,6784.419921875,6799.52978515625,6783.02001953125,6796.240234375,245136000
2026-03-10 13:30:00+00:00,6796.56005859375,6798.9599609375,6785.64990234375,6788.27001953125,0
2026-03-10 13:35:00+00:00,6788.52001953125,6789.7998046875,6780.97998046875,6787.14990234375,51583608
2026-03-10 13:40:00+00:00,6786.5,6788.85986328125,6770.81982421875,6784.47998046875,54459928
2026-03-10 13:45:00+00:00,6784.5,6786.52001953125,6776.83984375,6784.43017578125,46838927
2026-03-10 13:50:00+00:00,6784.89990234375,6785.10009765625,6776.27001953125,6776.27001953125,38767629
2026-03-10 13:55:00+00:00,6775.75,6777.240234375,6767.64990234375,6771.240234375,35955133
2026-03-10 14:00:00+00:00,6771.31005859375,6773.41015625,6762.0498046875,6772.56005859375,39366482
2026-03-10 14:05:00+00:00,6772.85009765625,6780.89990234375,6759.740234375,6760.7001953125,38287849
2026-03-10 14:10:00+00:00,6760.5400390625,6767.60009765625,6760.27001953125,6766.68017578125,34422123
2026-03-10 14:15:00+00:00,6766.81982421875,6774.830078125,6760.56005859375,6774.06982421875,32855187
2026-03-10 14:20:00+00:00,6773.919921875,6785.85009765625,6772.919921875,6783.1201171875,34539317
2026-03-10 14:25:00+00:00,6783.14990234375,6791.10009765625,6783.14990234375,6787.7900390625,32605915
2026-03-10 14:30:00+00:00,6787.7998046875,6802.240234375,6787.7998046875,6800.740234375,35284018
2026-03-10 14:35:00+00:00,6801.0498046875,6807.31005859375,6798.56005859375,6807.31005859375,30368136
2026-03-10 14:40:00+00:00,6807.3701171875,6813.35009765625,6805.169921875,6811.740234375,32490017
2026-03-10 14:45:00+00:00,6811.68994140625,6814.509765625,6808.10986328125,6814.08984375,31448772
2026-03-10 14:50:00+00:00,6814.72998046875,6819.22998046875,6814.259765625,6819.06982421875,29396965
2026-03-10 14:55:00+00:00,6819.10009765625,6823.259765625,6818.66015625,6823.259765625,32155714
2026-03-10 15:00:00+00:00,6823.009765625,6828.009765625,6821.7001953125,6826.0400390625,34658855
2026-03-10 15:05:00+00:00,6825.9599609375,6826.10009765625,6816.81005859375,6818.31005859375,29683536
2026-03-10 15:10:00+00:00,6817.9599609375,6819.2998046875,6814.6298828125,6815.8798828125,29632936
2026-03-10 15:15:00+00:00,6815.8701171875,6826.4599609375,6815.8701171875,6825.89013671875,29157920
2026-03-10 15:20:00+00:00,6825.990234375,6827.35009765625,6822.52001953125,6823.47998046875,28355176
2026-03-10 15:25:00+00:00,6823.58984375,6824.08984375,6821.31005859375,6822.919921875,24536453
2026-03-10 15:30:00+00:00,6823.02978515625,6823.43017578125,6816.7099609375,6817.0,26508640
2026-03-10 15:35:00+00:00,6817.31982421875,6822.25,6817.31982421875,6822.1298828125,27289429
2026-03-10 15:40:00+00:00,6822.08984375,6830.66015625,6819.89990234375,6826.81005859375,30835375
2026-03-10 15:45:00+00:00,6826.68017578125,6827.7099609375,6820.89990234375,6824.1298828125,22756000
2026-03-10 15:50:00+00:00,6824.1201171875,6828.56005859375,6821.35986328125,6821.89990234375,21089000
2026-03-10 15:55:00+00:00,6821.7998046875,6826.419921875,6820.93017578125,6826.0,21940000
2026-03-10 16:00:00+00:00,6825.93017578125,6825.93017578125,6816.64990234375,6817.8701171875,22896000
2026-03-10 16:05:00+00:00,6817.72998046875,6817.72998046875,6809.22021484375,6812.43017578125,27551000
2026-03-10 16:10:00+00:00,6812.43017578125,6819.43994140625,6811.58984375,6817.009765625,22437000
2026-03-10 16:15:00+00:00,6817.0498046875,6823.75,6814.97021484375,6821.43994140625,22689000
2026-03-10 16:20:00+00:00,6821.47998046875,6821.64990234375,6815.5498046875,6818.56005859375,22424000
2026-03-10 16:25:00+00:00,6818.47021484375,6824.22021484375,6816.8798828125,6818.3798828125,23727000
2026-03-10 16:30:00+00:00,6818.5,6825.2900390625,6818.5,6825.2900390625,24171000
2026-03-10 16:35:00+00:00,6825.22021484375,6828.47998046875,6824.7900390625,6828.14990234375,22779000
2026-03-10 16:40:00+00:00,6828.22021484375,6828.22021484375,6824.9501953125,6827.5498046875,20227000
2026-03-10 16:45:00+00:00,6827.6298828125,6827.740234375,6818.5400390625,6821.08984375,17702000
2026-03-10 16:50:00+00:00,6821.02978515625,6829.2001953125,6819.77978515625,6827.740234375,20190000
2026-03-10 16:55:00+00:00,6827.7900390625,6828.6201171875,6825.9501953125,6826.2099609375,20207000
2026-03-10 17:00:00+00:00,6826.14013671875,6832.10009765625,6825.06005859375,6830.5,21536000
2026-03-10 17:05:00+00:00,6830.5,6834.72021484375,6830.240234375,6832.16015625,20331000
2026-03-10 17:10:00+00:00,6832.16015625,6834.66015625,6828.490234375,6829.6298828125,21590000
2026-03-10 17:15:00+00:00,6829.66015625,6838.47021484375,6829.419921875,6838.35986328125,24924000
2026-03-10 17:20:00+00:00,6838.35986328125,6839.33984375,6835.25,6838.85986328125,26776000
2026-03-10 17:25:00+00:00,6838.7998046875,6845.080078125,6837.9599609375,6844.39990234375,27202000
2026-03-10 17:30:00+00:00,6844.35986328125,6844.35986328125,6832.5498046875,6832.5498046875,30457000
2026-03-10 17:35:00+00:00,6832.68994140625,6833.4599609375,6819.0400390625,6824.41015625,32131000
2026-03-10 17:40:00+00:00,6824.56982421875,6829.06982421875,6822.4599609375,6824.93017578125,27800000
2026-03-10 17:45:00+00:00,6824.89013671875,6836.169921875,6824.3701171875,6833.330078125,24475000
2026-03-10 17:50:00+00:00,6833.14990234375,6837.240234375,6832.56982421875,6835.2099609375,20966000
2026-03-10 17:55:00+00:00,6835.2001953125,6835.31005859375,6830.7001953125,6832.990234375,21294000
2026-03-10 18:00:00+00:00,6832.89013671875,6833.10986328125,6829.759765625,6832.52001953125,27078000
2026-03-10 18:05:00+00:00,6832.5,6832.7001953125,6825.66015625,6826.830078125,21631000
2026-03-10 18:10:00+00:00,6826.85986328125,6831.2099609375,6799.3701171875,6799.3701171875,37931000
2026-03-10 18:15:00+00:00,6799.009765625,6808.93017578125,6789.580078125,6793.14013671875,40425000
2026-03-10 18:20:00+00:00,6792.66015625,6801.14013671875,6786.52978515625,6796.18017578125,36417000
2026-03-10 18:25:00+00:00,6796.14990234375,6811.85009765625,6795.93994140625,6804.77978515625,28558000
2026-03-10 18:30:00+00:00,6804.8701171875,6814.41015625,6801.89013671875,6808.81982421875,25101000
2026-03-10 18:35:00+00:00,6808.83984375,6811.830078125,6796.9501953125,6801.81982421875,26085000
2026-03-10 18:40:00+00:00,6801.77001953125,6805.10986328125,6796.7001953125,6799.740234375,22342000
2026-03-10 18:45:00+00:00,6799.6201171875,6804.8798828125,6797.81005859375,6801.7998046875,23357000
2026-03-10 18:50:00+00:00,6801.740234375,6808.7900390625,6796.97021484375,6800.7001953125,25668000
2026-03-10 18:55:00+00:00,6800.5400390625,6802.3798828125,6796.080078125,6796.93017578125,22767000
2026-03-10 19:00:00+00:00,6796.97021484375,6800.8798828125,6795.1298828125,6797.77978515625,24707000
2026-03-10 19:05:00+00:00,6797.27001953125,6800.490234375,6792.5400390625,6798.72998046875,25749000
2026-03-10 19:10:00+00:00,6798.72998046875,6801.60986328125,6793.7001953125,6800.97021484375,28981000
2026-03-10 19:15:00+00:00,6800.93017578125,6806.419921875,6799.68017578125,6804.60986328125,28374000
2026-03-10 19:20:00+00:00,6804.64990234375,6805.35986328125,6791.10009765625,6797.7900390625,32284000
2026-03-10 19:25:00+00:00,6797.72998046875,6797.72998046875,6785.990234375,6785.990234375,30614000
2026-03-10 19:30:00+00:00,6786.0,6787.10986328125,6779.91015625,6782.490234375,37123000
2026-03-10 19:35:00+00:00,6782.16015625,6787.1298828125,6777.89990234375,6786.02978515625,38676000
2026-03-10 19:40:00+00:00,6786.080078125,6793.759765625,6780.83984375,6785.43017578125,47475000
2026-03-10 19:45:00+00:00,6786.0,6788.52001953125,6776.68994140625,6779.10009765625,49265000
2026-03-10 19:50:00+00:00,6779.10009765625,6781.5498046875,6774.259765625,6779.47021484375,80144000
2026-03-10 19:55:00+00:00,6779.4599609375,6783.1201171875,6774.330078125,6781.31005859375,193489000
2026-03-11 13:30:00+00:00,6790.08984375,6796.22021484375,6788.68994140625,6790.14013671875,0
2026-03-11 13:35:00+00:00,6790.41015625,6795.68994140625,6788.83984375,6795.68994140625,48097473
2026-03-11 13:40:00+00:00,6795.5,6796.47021484375,6784.3701171875,6785.759765625,43638975
2026-03-11 13:45:00+00:00,6785.60009765625,6790.5498046875,6776.18017578125,6778.77978515625,42351712
2026-03-11 13:50:00+00:00,6778.669921875,6787.669921875,6773.64013671875,6781.77978515625,37476963
2026-03-11 13:55:00+00:00,6781.759765625,6790.81005859375,6777.66015625,6790.5498046875,37122459
2026-03-11 14:00:00+00:00,6790.7001953125,6811.14990234375,6789.77978515625,6795.85986328125,55225453
2026-03-11 14:05:00+00:00,6795.8701171875,6801.52001953125,6787.259765625,6791.91015625,35961782
2026-03-11 14:10:00+00:00,6791.9501953125,6793.830078125,6782.77001953125,6791.9501953125,35622114
2026-03-11 14:15:00+00:00,6791.72021484375,6792.990234375,6781.93017578125,6789.5400390625,33036823
2026-03-11 14:20:00+00:00,6789.080078125,6789.5498046875,6773.60986328125,6773.60986328125,33982006
2026-03-11 14:25:00+00:00,6773.41015625,6773.7900390625,6763.89013671875,6772.580078125,34987311
2026-03-11 14:30:00+00:00,6772.6201171875,6778.4501953125,6763.6298828125,6765.77001953125,34854613
2026-03-11 14:35:00+00:00,6765.7998046875,6782.18994140625,6765.7998046875,6778.52978515625,29756597
2026-03-11 14:40:00+00:00,6778.6298828125,6787.10986328125,6777.490234375,6785.6298828125,31223658
2026-03-11 14:45:00+00:00,6785.33984375,6788.580078125,6782.18994140625,6788.06005859375,29158503
2026-03-11 14:50:00+00:00,6788.18017578125,6790.02001953125,6786.64013671875,6789.259765625,30142868
2026-03-11 14:55:00+00:00,6789.3701171875,6795.18017578125,6787.39013671875,6791.8701171875,29744058
2026-03-11 15:00:00+00:00,6792.66015625,6797.3798828125,6781.490234375,6789.2001953125,38661330
2026-03-11 15:05:00+00:00,6789.5498046875,6789.81005859375,6781.41015625,6782.2001953125,30654894
2026-03-11 15:10:00+00:00,6782.3701171875,6785.77001953125,6765.06982421875,6769.740234375,36501823
2026-03-11 15:15:00+00:00,6769.66015625,6769.740234375,6761.25,6765.9501953125,28690175
2026-03-11 15:20:00+00:00,6765.740234375,6774.10009765625,6763.64013671875,6773.77001953125,26496917
2026-03-11 15:25:00+00:00,6773.77001953125,6776.2900390625,6758.2998046875,6758.2998046875,27892203
2026-03-11 15:30:00+00:00,6758.3798828125,6762.259765625,6752.66015625,6760.830078125,32566387
2026-03-11 15:35:00+00:00,6760.7099609375,6763.52001953125,6758.68994140625,6760.06982421875,27330486
2026-03-11 15:40:00+00:00,6760.02001953125,6762.080078125,6754.4501953125,6754.5498046875,24618773
2026-03-11 15:45:00+00:00,6754.14990234375,6754.41015625,6748.1298828125,6751.7900390625,27985000
2026-03-11 15:50:00+00:00,6751.77978515625,6760.66015625,6751.77978515625,6760.419921875,24284000
2026-03-11 15:55:00+00:00,6760.52978515625,6760.830078125,6753.5,6753.5,23191000
2026-03-11 16:00:00+00:00,6753.47998046875,6753.85986328125,6747.47998046875,6747.8701171875,24394000
2026-03-11 16:05:00+00:00,6747.89990234375,6751.330078125,6747.10986328125,6748.47998046875,21301000
2026-03-11 16:10:00+00:00,6748.41015625,6755.419921875,6748.41015625,6755.31982421875,24296000
2026-03-11 16:15:00+00:00,6755.27978515625,6756.18017578125,6750.43994140625,6750.56005859375,22715000
2026-03-11 16:20:00+00:00,6750.580078125,6758.419921875,6749.47998046875,6755.5,21662000
2026-03-11 16:25:00+00:00,6755.43017578125,6759.0498046875,6753.0,6759.0498046875,20216000
2026-03-11 16:30:00+00:00,6758.9599609375,6770.35009765625,6758.83984375,6769.7998046875,22992000
2026-03-11 16:35:00+00:00,6769.97998046875,6770.7998046875,6763.1298828125,6765.0,20550000
2026-03-11 16:40:00+00:00,6765.080078125,6771.3798828125,6764.81005859375,6766.72998046875,19633000
2026-03-11 16:45:00+00:00,6766.7998046875,6769.10009765625,6763.6298828125,6764.97998046875,19223000
2026-03-11 16:50:00+00:00,6764.93994140625,6771.7900390625,6764.93017578125,6771.39990234375,16885000
2026-03-11 16:55:00+00:00,6771.35009765625,6774.4501953125,6769.39013671875,6774.43994140625,18461000
2026-03-11 17:00:00+00:00,6774.3701171875,6776.5,6773.0400390625,6773.2998046875,19930000
2026-03-11 17:05:00+00:00,6773.25,6777.10986328125,6772.830078125,6773.919921875,21035000
2026-03-11 17:10:00+00:00,6773.66015625,6773.75,6767.7099609375,6768.990234375,22780000
2026-03-11 17:15:00+00:00,6769.240234375,6772.25,6765.830078125,6767.31005859375,19430000
2026-03-11 17:20:00+00:00,6767.16015625,6773.77001953125,6767.16015625,6773.77001953125,19227000
2026-03-11 17:25:00+00:00,6773.91015625,6778.72021484375,6773.10009765625,6775.91015625,19689000
2026-03-11 17:30:00+00:00,6775.91015625,6777.5,6772.10986328125,6773.1201171875,20330000
2026-03-11 17:35:00+00:00,6773.2099609375,6774.669921875,6745.58984375,6754.9501953125,30405000
2026-03-11 17:40:00+00:00,6754.93017578125,6760.509765625,6750.08984375,6756.77978515625,24420000
2026-03-11 17:45:00+00:00,6756.669921875,6760.27978515625,6754.64990234375,6759.7099609375,20972000
2026-03-11 17:50:00+00:00,6759.6298828125,6768.14990234375,6759.6298828125,6762.47998046875,20463000
2026-03-11 17:55:00+00:00,6762.22998046875,6763.509765625,6757.10986328125,6761.58984375,23278000
2026-03-11 18:00:00+00:00,6761.52978515625,6763.2998046875,6759.580078125,6761.52001953125,20689000
2026-03-11 18:05:00+00:00,6761.64990234375,6762.27001953125,6755.06005859375,6755.10986328125,21097000
2026-03-11 18:10:00+00:00,6755.14013671875,6755.5498046875,6749.16015625,6754.81982421875,20968000
2026-03-11 18:15:00+00:00,6754.72998046875,6760.7001953125,6753.89013671875,6759.56982421875,18665000
2026-03-11 18:20:00+00:00,6759.64013671875,6762.89013671875,6756.02001953125,6758.97998046875,20880000
2026-03-11 18:25:00+00:00,6759.10986328125,6766.0400390625,6758.02978515625,6764.3701171875,20577000
2026-03-11 18:30:00+00:00,6764.2900390625,6766.7001953125,6763.669921875,6766.7001953125,20409000
2026-03-11 18:35:00+00:00,6766.66015625,6766.919921875,6762.25,6762.43994140625,21198000
2026-03-11 18:40:00+00:00,6762.3701171875,6763.2998046875,6760.06005859375,6762.1298828125,18545000
2026-03-11 18:45:00+00:00,6762.16015625,6764.259765625,6759.43994140625,6759.60009765625,20243000
2026-03-11 18:50:00+00:00,6759.64990234375,6767.58984375,6759.64990234375,6766.43017578125,22380000
2026-03-11 18:55:00+00:00,6766.33984375,6768.39013671875,6762.0,6764.2001953125,24039000
2026-03-11 19:00:00+00:00,6764.18994140625,6765.60009765625,6756.77001953125,6760.7900390625,22305000
2026-03-11 19:05:00+00:00,6760.669921875,6761.080078125,6757.31982421875,6760.259765625,23676000
2026-03-11 19:10:00+00:00,6760.0498046875,6760.64013671875,6755.52978515625,6756.7998046875,24704000
2026-03-11 19:15:00+00:00,6756.77001953125,6761.31982421875,6755.490234375,6761.10986328125,28170000
2026-03-11 19:20:00+00:00,6761.0400390625,6761.919921875,6757.240234375,6759.81005859375,29253000
2026-03-11 19:25:00+00:00,6760.14990234375,6763.43017578125,6759.52001953125,6761.35009765625,32448000
2026-03-11 19:30:00+00:00,6761.18994140625,6769.5400390625,6759.4599609375,6768.31005859375,33462000
2026-03-11 19:35:00+00:00,6768.509765625,6770.91015625,6766.6201171875,6770.0498046875,33975000
2026-03-11 19:40:00+00:00,6770.0,6773.3701171875,6768.68994140625,6772.06982421875,38345000
2026-03-11 19:45:00+00:00,6772.0400390625,6773.41015625,6766.5400390625,6767.77001953125,47513000
2026-03-11 19:50:00+00:00,6767.64990234375,6775.669921875,6765.669921875,6775.43994140625,78323000
2026-03-11 19:55:00+00:00,6775.43017578125,6777.58984375,6773.25,6774.759765625,191496000
2026-03-12 13:30:00+00:00,6740.8798828125,6740.8798828125,6713.0,6721.60986328125,0
2026-03-12 13:35:00+00:00,6720.9501953125,6727.16015625,6716.7998046875,6725.83984375,47511391
2026-03-12 13:40:00+00:00,6725.7001953125,6726.4501953125,6714.52001953125,6715.33984375,44862380
2026-03-12 13:45:00+00:00,6715.06982421875,6715.06982421875,6698.89990234375,6711.6201171875,47129270
2026-03-12 13:50:00+00:00,6711.68994140625,6718.64013671875,6701.64013671875,6702.009765625,42397946
2026-03-12 13:55:00+00:00,6701.7998046875,6702.47021484375,6692.7001953125,6699.0,42517077
2026-03-12 14:00:00+00:00,6699.169921875,6719.3798828125,6699.169921875,6713.91015625,43264011
2026-03-12 14:05:00+00:00,6714.0498046875,6717.080078125,6708.919921875,6714.02001953125,38490174
2026-03-12 14:10:00+00:00,6714.14013671875,6721.9501953125,6713.14013671875,6721.0,35519928
2026-03-12 14:15:00+00:00,6721.02001953125,6722.81982421875,6706.9599609375,6708.0,35128778
2026-03-12 14:20:00+00:00,6707.7900390625,6707.7900390625,6702.16015625,6704.66015625,34725667
2026-03-12 14:25:00+00:00,6704.8701171875,6709.77001953125,6692.490234375,6692.66015625,35907499
2026-03-12 14:30:00+00:00,6691.97998046875,6692.5,6687.18017578125,6690.06005859375,40059306
2026-03-12 14:35:00+00:00,6690.1298828125,6696.759765625,6684.77001953125,6690.5400390625,38212344
2026-03-12 14:40:00+00:00,6690.5,6701.0,6686.990234375,6699.89013671875,32491121
2026-03-12 14:45:00+00:00,6700.169921875,6715.2099609375,6693.4501953125,6695.4501953125,42877874
2026-03-12 14:50:00+00:00,6695.35009765625,6696.97021484375,6692.009765625,6695.35986328125,35997743
2026-03-12 14:55:00+00:00,6695.2998046875,6699.41015625,6694.47021484375,6695.64013671875,32308441
2026-03-12 15:00:00+00:00,6695.3701171875,6697.91015625,6688.22998046875,6692.97021484375,34239713
2026-03-12 15:05:00+00:00,6692.60009765625,6693.97021484375,6689.10986328125,6689.85009765625,29961632
2026-03-12 15:10:00+00:00,6689.7001953125,6689.7001953125,6680.10009765625,6684.58984375,32216610
2026-03-12 15:15:00+00:00,6684.3798828125,6686.740234375,6681.3798828125,6683.91015625,31130892
2026-03-12 15:20:00+00:00,6683.64013671875,6688.759765625,6680.9599609375,6688.4599609375,31108902
2026-03-12 15:25:00+00:00,6688.56982421875,6697.330078125,6688.1201171875,6691.990234375,35545385
2026-03-12 15:30:00+00:00,6692.10986328125,6695.419921875,6687.52001953125,6689.5,32744446
2026-03-12 15:35:00+00:00,6689.240234375,6708.7998046875,6683.1201171875,6708.35986328125,38012000
2026-03-12 15:40:00+00:00,6709.4599609375,6712.93994140625,6698.41015625,6709.68994140625,39673000
2026-03-12 15:45:00+00:00,6709.509765625,6709.75,6696.14990234375,6702.580078125,32315000
2026-03-12 15:50:00+00:00,6702.509765625,6707.0400390625,6698.5498046875,6706.08984375,26366000
2026-03-12 15:55:00+00:00,6706.16015625,6706.16015625,6699.72021484375,6703.7001953125,25209000
2026-03-12 16:00:00+00:00,6703.81005859375,6710.77001953125,6702.14013671875,6710.64990234375,28996000
2026-03-12 16:05:00+00:00,6710.7001953125,6713.31005859375,6688.0498046875,6689.4501953125,33634000
2026-03-12 16:10:00+00:00,6689.31005859375,6699.64013671875,6688.64013671875,6699.33984375,29563000
2026-03-12 16:15:00+00:00,6699.2998046875,6710.41015625,6699.2001953125,6705.97021484375,27780000
2026-03-12 16:20:00+00:00,6706.68994140625,6722.8798828125,6706.68994140625,6708.9501953125,33116000
2026-03-12 16:25:00+00:00,6708.8798828125,6708.8798828125,6697.89013671875,6698.22021484375,30890000
2026-03-12 16:30:00+00:00,6698.81982421875,6707.08984375,6695.16015625,6704.0400390625,32671000
2026-03-12 16:35:00+00:00,6703.81005859375,6712.3798828125,6702.490234375,6711.33984375,30504000
2026-03-12 16:40:00+00:00,6711.3798828125,6711.4501953125,6705.22021484375,6707.93994140625,27988000
2026-03-12 16:45:00+00:00,6707.89013671875,6708.009765625,6692.1201171875,6699.2900390625,29127000
2026-03-12 16:50:00+00:00,6699.2900390625,6702.89990234375,6692.009765625,6695.06982421875,27497000
2026-03-12 16:55:00+00:00,6695.0400390625,6699.81005859375,6693.4599609375,6698.97021484375,28418000
2026-03-12 17:00:00+00:00,6698.91015625,6707.66015625,6698.240234375,6707.64990234375,25296000
2026-03-12 17:05:00+00:00,6707.740234375,6713.02978515625,6699.31005859375,6699.89013671875,26672000
2026-03-12 17:10:00+00:00,6699.919921875,6705.02978515625,6697.56982421875,6697.9599609375,21086000
2026-03-12 17:15:00+00:00,6697.89013671875,6699.47021484375,6692.31982421875,6692.5,20923000
2026-03-12 17:20:00+00:00,6692.41015625,6703.8701171875,6691.52001953125,6700.58984375,24012000
2026-03-12 17:25:00+00:00,6700.830078125,6703.080078125,6694.740234375,6696.43017578125,24730000
2026-03-12 17:30:00+00:00,6696.52001953125,6702.259765625,6696.52001953125,6698.93994140625,23083000
2026-03-12 17:35:00+00:00,6699.06982421875,6705.66015625,6699.06982421875,6704.6298828125,25830000
2026-03-12 17:40:00+00:00,6704.8701171875,6707.72998046875,6695.93017578125,6696.1298828125,24715000
2026-03-12 17:45:00+00:00,6696.22021484375,6698.080078125,6690.39990234375,6693.2099609375,27239000
2026-03-12 17:50:00+00:00,6693.22021484375,6698.06982421875,6691.58984375,6691.58984375,26556000
2026-03-12 17:55:00+00:00,6691.490234375,6692.58984375,6683.89013671875,6692.2900390625,27709000
2026-03-12 18:00:00+00:00,6692.22021484375,6699.68017578125,6692.22021484375,6696.509765625,28204000
2026-03-12 18:05:00+00:00,6696.35009765625,6701.66015625,6693.169921875,6697.2998046875,25402000
2026-03-12 18:10:00+00:00,6697.31005859375,6700.0,6696.35009765625,6698.97998046875,23055000
2026-03-12 18:15:00+00:00,6699.259765625,6702.330078125,6692.89990234375,6693.60986328125,27028000
2026-03-12 18:20:00+00:00,6693.47021484375,6693.64013671875,6689.0498046875,6691.9599609375,26688000
2026-03-12 18:25:00+00:00,6691.8701171875,6693.18017578125,6688.330078125,6692.68994140625,24740000
2026-03-12 18:30:00+00:00,6692.68017578125,6695.06982421875,6688.93017578125,6689.39990234375,23041000
2026-03-12 18:35:00+00:00,6689.39013671875,6690.6298828125,6685.64990234375,6689.259765625,24363000
2026-03-12 18:40:00+00:00,6689.31005859375,6689.77001953125,6685.990234375,6687.419921875,25295000
2026-03-12 18:45:00+00:00,6687.56982421875,6689.31005859375,6684.83984375,6685.2099609375,25920000
2026-03-12 18:50:00+00:00,6685.18994140625,6692.06005859375,6685.1201171875,6688.52978515625,26721000
2026-03-12 18:55:00+00:00,6688.56005859375,6688.56005859375,6682.89013671875,6684.3798828125,27806000
2026-03-12 19:00:00+00:00,6684.31982421875,6690.080078125,6679.9501953125,6684.06005859375,31631000
2026-03-12 19:05:00+00:00,6684.0400390625,6689.47021484375,6683.0498046875,6686.43994140625,32776000
2026-03-12 19:10:00+00:00,6686.47021484375,6688.7998046875,6680.68017578125,6685.580078125,33219000
2026-03-12 19:15:00+00:00,6685.6298828125,6689.4501953125,6683.56005859375,6687.58984375,35088000
2026-03-12 19:20:00+00:00,6687.64990234375,6693.919921875,6686.2998046875,6688.490234375,35699000
2026-03-12 19:25:00+00:00,6688.5498046875,6691.77978515625,6687.31005859375,6689.93017578125,36536000
2026-03-12 19:30:00+00:00,6690.35986328125,6696.75,6690.35986328125,6693.52001953125,39334000
2026-03-12 19:35:00+00:00,6693.39013671875,6694.240234375,6687.66015625,6689.72021484375,40654000
2026-03-12 19:40:00+00:00,6689.85009765625,6689.85009765625,6681.509765625,6682.919921875,49397000
2026-03-12 19:45:00+00:00,6682.7998046875,6682.7998046875,6676.259765625,6678.240234375,58998000
2026-03-12 19:50:00+00:00,6678.08984375,6679.81005859375,6672.60009765625,6678.740234375,98450000
2026-03-12 19:55:00+00:00,6678.75,6681.330078125,6670.39990234375,6671.81005859375,238567000
2026-03-13 13:30:00+00:00,6673.490234375,6713.4599609375,6673.490234375,6707.43994140625,0
2026-03-13 13:35:00+00:00,6707.1298828125,6716.1201171875,6700.31005859375,6712.91015625,50119948
2026-03-13 13:40:00+00:00,6713.5400390625,6729.72021484375,6711.58984375,6729.60009765625,42582857
2026-03-13 13:45:00+00:00,6729.83984375,6733.2998046875,6722.77978515625,6722.77978515625,41534370
2026-03-13 13:50:00+00:00,6722.4501953125,6728.10986328125,6717.990234375,6726.5498046875,36611743
2026-03-13 13:55:00+00:00,6727.06982421875,6727.06982421875,6714.7099609375,6715.580078125,33865313
2026-03-13 14:00:00+00:00,6715.81005859375,6722.1298828125,6707.85009765625,6711.18017578125,38482332
2026-03-13 14:05:00+00:00,6711.240234375,6715.06005859375,6702.1298828125,6703.0498046875,34630230
2026-03-13 14:10:00+00:00,6703.169921875,6704.31982421875,6698.60986328125,6700.10986328125,35233937
2026-03-13 14:15:00+00:00,6699.7099609375,6700.2099609375,6687.7998046875,6691.41015625,33945558
2026-03-13 14:20:00+00:00,6691.52001953125,6699.8701171875,6691.419921875,6696.52978515625,31600790
2026-03-13 14:25:00+00:00,6696.43994140625,6701.72998046875,6693.0498046875,6699.02001953125,28968005
2026-03-13 14:30:00+00:00,6699.0,6711.72998046875,6697.740234375,6705.22998046875,32985124
2026-03-13 14:35:00+00:00,6705.1201171875,6705.1201171875,6695.0498046875,6699.58984375,28788419
2026-03-13 14:40:00+00:00,6699.5400390625,6699.5400390625,6683.10986328125,6683.2900390625,30213741
2026-03-13 14:45:00+00:00,6683.22998046875,6683.22998046875,6672.8798828125,6679.6298828125,34082310
2026-03-13 14:50:00+00:00,6679.81005859375,6684.56005859375,6674.669921875,6675.7998046875,27844134
2026-03-13 14:55:00+00:00,6675.740234375,6677.56982421875,6660.91015625,6661.8798828125,32689953
2026-03-13 15:00:00+00:00,6662.5400390625,6665.85986328125,6655.68017578125,6660.35009765625,33840773
2026-03-13 15:05:00+00:00,6660.39013671875,6670.9599609375,6659.60009765625,6670.75,29200695
2026-03-13 15:10:00+00:00,6670.97998046875,6678.47998046875,6667.6298828125,6677.81982421875,27178983
2026-03-13 15:15:00+00:00,6677.8701171875,6678.240234375,6668.5400390625,6668.5400390625,23942165
2026-03-13 15:20:00+00:00,6668.4501953125,6672.759765625,6658.56005859375,6658.7998046875,27963226
2026-03-13 15:25:00+00:00,6658.580078125,6658.580078125,6654.97021484375,6655.39013671875,25003268
2026-03-13 15:30:00+00:00,6655.4501953125,6662.25,6654.0498046875,6660.7998046875,24346974
2026-03-13 15:35:00+00:00,6660.85009765625,6662.35986328125,6650.080078125,6656.97998046875,24832881
2026-03-13 15:40:00+00:00,6656.64990234375,6657.27001953125,6643.18017578125,6646.35009765625,28359145
2026-03-13 15:45:00+00:00,6646.31005859375,6659.89013671875,6642.72021484375,6652.759765625,34318072
2026-03-13 15:50:00+00:00,6652.72998046875,6653.47998046875,6643.72021484375,6648.47021484375,25528839
2026-03-13 15:55:00+00:00,6648.22998046875,6648.77978515625,6641.52001953125,6644.2099609375,22789000
2026-03-13 16:00:00+00:00,6644.1201171875,6651.7099609375,6644.06005859375,6649.4501953125,22852000
2026-03-13 16:05:00+00:00,6649.2900390625,6655.68017578125,6646.7099609375,6654.10986328125,22577000
2026-03-13 16:10:00+00:00,6654.25,6658.75,6644.830078125,6649.7001953125,26144000
2026-03-13 16:15:00+00:00,6649.7001953125,6651.6201171875,6645.169921875,6647.64013671875,20597000
2026-03-13 16:20:00+00:00,6647.7998046875,6655.2900390625,6646.85009765625,6650.58984375,21221000
2026-03-13 16:25:00+00:00,6650.9501953125,6654.2998046875,6646.009765625,6653.10986328125,21831000
2026-03-13 16:30:00+00:00,6653.080078125,6657.580078125,6650.4501953125,6650.97998046875,23009000
2026-03-13 16:35:00+00:00,6650.8701171875,6661.4599609375,6650.8701171875,6654.3701171875,24574000
2026-03-13 16:40:00+00:00,6654.31005859375,6657.08984375,6647.52978515625,6647.6201171875,21760000
2026-03-13 16:45:00+00:00,6647.60009765625,6649.93017578125,6642.22021484375,6649.93017578125,23742000
2026-03-13 16:50:00+00:00,6649.8701171875,6658.58984375,6649.35986328125,6657.60009765625,21897000
2026-03-13 16:55:00+00:00,6657.72021484375,6658.7001953125,6641.66015625,6643.31005859375,26661000
2026-03-13 17:00:00+00:00,6643.1298828125,6646.35986328125,6643.1298828125,6644.52978515625,22704000
2026-03-13 17:05:00+00:00,6644.64013671875,6650.43017578125,6641.89013671875,6649.35009765625,21419000
2026-03-13 17:10:00+00:00,6649.3701171875,6656.2001953125,6644.1201171875,6656.2001953125,19665000
2026-03-13 17:15:00+00:00,6656.6201171875,6660.27001953125,6652.3701171875,6657.41015625,23368000
2026-03-13 17:20:00+00:00,6657.3701171875,6657.64013671875,6648.22021484375,6654.14013671875,23698000
2026-03-13 17:25:00+00:00,6654.2099609375,6655.60009765625,6649.169921875,6653.68017578125,26277000
2026-03-13 17:30:00+00:00,6653.7001953125,6654.740234375,6648.02978515625,6650.06005859375,19608000
2026-03-13 17:35:00+00:00,6650.02001953125,6652.02978515625,6647.89990234375,6651.35009765625,19849000
2026-03-13 17:40:00+00:00,6651.22998046875,6651.8701171875,6645.16015625,6649.47021484375,24438000
2026-03-13 17:45:00+00:00,6649.43994140625,6650.759765625,6634.85986328125,6635.240234375,25871000
2026-03-13 17:50:00+00:00,6635.22021484375,6637.7099609375,6631.35009765625,6636.25,23760000
2026-03-13 17:55:00+00:00,6636.16015625,6639.52001953125,6634.0,6636.10009765625,21549000
2026-03-13 18:00:00+00:00,6636.06982421875,6642.35009765625,6635.8798828125,6641.31982421875,26518000
2026-03-13 18:05:00+00:00,6641.3798828125,6642.33984375,6638.14013671875,6640.93017578125,22646000
2026-03-13 18:10:00+00:00,6640.8701171875,6644.47021484375,6640.7099609375,6643.14013671875,21574000
2026-03-13 18:15:00+00:00,6643.39990234375,6646.52001953125,6638.52001953125,6639.35986328125,20109000
2026-03-13 18:20:00+00:00,6639.43017578125,6640.35009765625,6635.35009765625,6636.64990234375,20723000
2026-03-13 18:25:00+00:00,6636.64013671875,6643.27001953125,6636.56982421875,6643.27001953125,20941000
2026-03-13 18:30:00+00:00,6643.14990234375,6651.56005859375,6641.2900390625,6649.8798828125,21317000
2026-03-13 18:35:00+00:00,6649.85009765625,6653.5400390625,6649.009765625,6651.22021484375,22692000
2026-03-13 18:40:00+00:00,6651.27001953125,6654.990234375,6650.08984375,6654.66015625,20608000
2026-03-13 18:45:00+00:00,6654.4599609375,6656.14013671875,6652.64013671875,6655.7998046875,26295000
2026-03-13 18:50:00+00:00,6655.740234375,6657.35986328125,6652.1298828125,6655.27001953125,25701000
2026-03-13 18:55:00+00:00,6655.18017578125,6655.18017578125,6650.10986328125,6652.1298828125,23605000
2026-03-13 19:00:00+00:00,6652.14013671875,6652.14013671875,6646.43994140625,6646.52001953125,25902000
2026-03-13 19:05:00+00:00,6646.27978515625,6647.93994140625,6642.66015625,6647.240234375,29207000
2026-03-13 19:10:00+00:00,6647.0400390625,6649.419921875,6644.60986328125,6645.22998046875,25771000
2026-03-13 19:15:00+00:00,6645.2998046875,6648.72021484375,6644.41015625,6646.10986328125,29888000
2026-03-13 19:20:00+00:00,6646.0498046875,6646.0498046875,6635.419921875,6637.580078125,29235000
2026-03-13 19:25:00+00:00,6637.43017578125,6637.47021484375,6631.7001953125,6633.58984375,33242000
2026-03-13 19:30:00+00:00,6633.669921875,6639.60986328125,6633.669921875,6634.97998046875,36689000
2026-03-13 19:35:00+00:00,6634.85986328125,6635.419921875,6627.72998046875,6627.97021484375,38307000
2026-03-13 19:40:00+00:00,6627.919921875,6628.8701171875,6623.919921875,6626.56982421875,41420000
2026-03-13 19:45:00+00:00,6626.7001953125,6629.08984375,6624.14990234375,6628.7998046875,50436000
2026-03-13 19:50:00+00:00,6628.68017578125,6631.72021484375,6625.5498046875,6630.14990234375,81883000
2026-03-13 19:55:00+00:00,6630.16015625,6634.31982421875,6628.509765625,6631.8798828125,202546000
2026-03-16 13:30:00+00:00,6674.3701171875,6696.47021484375,6674.3701171875,6694.85986328125,0
2026-03-16 13:35:00+00:00,6695.080078125,6699.68994140625,6694.27978515625,6698.18994140625,52290760
2026-03-16 13:40:00+00:00,6698.14990234375,6706.0,6696.080078125,6705.5400390625,44963668
2026-03-16 13:45:00+00:00,6705.52001953125,6716.18994140625,6704.89013671875,6709.3701171875,45671562
2026-03-16 13:50:00+00:00,6709.52978515625,6709.66015625,6705.1201171875,6707.8701171875,35430990
2026-03-16 13:55:00+00:00,6707.669921875,6718.009765625,6704.93994140625,6717.509765625,38207048
2026-03-16 14:00:00+00:00,6717.52001953125,6717.990234375,6710.06982421875,6711.60009765625,39504064
2026-03-16 14:05:00+00:00,6712.39990234375,6719.509765625,6710.31005859375,6717.169921875,33413387
2026-03-16 14:10:00+00:00,6717.5,6722.8701171875,6714.35986328125,6716.75,37633531
2026-03-16 14:15:00+00:00,6716.47021484375,6721.16015625,6714.080078125,6715.75,32598371
2026-03-16 14:20:00+00:00,6715.7001953125,6722.259765625,6715.35986328125,6719.3798828125,27294251
2026-03-16 14:25:00+00:00,6719.47021484375,6720.259765625,6713.14013671875,6713.14013671875,26723909
2026-03-16 14:30:00+00:00,6712.9599609375,6713.06005859375,6699.39990234375,6699.85009765625,34196946
2026-03-16 14:35:00+00:00,6700.080078125,6705.759765625,6693.7001953125,6694.68994140625,29689320
2026-03-16 14:40:00+00:00,6694.06982421875,6696.8798828125,6690.8798828125,6691.47021484375,28504292
2026-03-16 14:45:00+00:00,6691.41015625,6695.56005859375,6687.89990234375,6690.2900390625,27420291
2026-03-16 14:50:00+00:00,6690.25,6701.10986328125,6685.56005859375,6700.85986328125,29575182
2026-03-16 14:55:00+00:00,6700.81982421875,6707.47998046875,6698.85009765625,6707.47998046875,28863700
2026-03-16 15:00:00+00:00,6707.60986328125,6707.83984375,6699.330078125,6700.27978515625,27887369
2026-03-16 15:05:00+00:00,6700.27978515625,6702.0498046875,6696.009765625,6702.0498046875,26335520
2026-03-16 15:10:00+00:00,6702.2001953125,6704.5498046875,6696.58984375,6703.85986328125,29629243
2026-03-16 15:15:00+00:00,6703.81982421875,6705.7001953125,6698.77978515625,6705.4599609375,26614926
2026-03-16 15:20:00+00:00,6705.68017578125,6712.47021484375,6704.580078125,6711.419921875,25010150
2026-03-16 15:25:00+00:00,6711.4501953125,6712.25,6707.39990234375,6709.97998046875,22523160
2026-03-16 15:30:00+00:00,6710.02978515625,6715.31005859375,6710.02978515625,6713.66015625,25120664
2026-03-16 15:35:00+00:00,6713.66015625,6715.43017578125,6711.39990234375,6712.22998046875,21719135
2026-03-16 15:40:00+00:00,6711.8701171875,6711.8701171875,6707.85986328125,6708.919921875,21256027
2026-03-16 15:45:00+00:00,6708.7001953125,6712.0498046875,6708.009765625,6710.89013671875,22129965
2026-03-16 15:50:00+00:00,6710.85009765625,6710.85009765625,6700.89990234375,6703.740234375,23509567
2026-03-16 15:55:00+00:00,6703.77001953125,6705.2998046875,6694.7998046875,6694.7998046875,27406013
2026-03-16 16:00:00+00:00,6694.72998046875,6697.93994140625,6692.41015625,6692.41015625,22412000
2026-03-16 16:05:00+00:00,6692.3701171875,6700.240234375,6691.9599609375,6696.72998046875,21836000
2026-03-16 16:10:00+00:00,6696.77001953125,6700.68994140625,6695.25,6698.0400390625,22294000
2026-03-16 16:15:00+00:00,6697.9599609375,6699.64013671875,6694.27001953125,6696.6298828125,21186000
2026-03-16 16:20:00+00:00,6696.4501953125,6696.4501953125,6683.89013671875,6684.14013671875,25314000
2026-03-16 16:25:00+00:00,6684.02001953125,6686.68017578125,6681.5498046875,6683.93994140625,24217000
2026-03-16 16:30:00+00:00,6683.9599609375,6688.06982421875,6681.490234375,6684.8701171875,23615000
2026-03-16 16:35:00+00:00,6684.7998046875,6690.83984375,6684.75,6690.83984375,22200000
2026-03-16 16:40:00+00:00,6691.02978515625,6697.919921875,6689.06982421875,6695.89990234375,21306000
2026-03-16 16:45:00+00:00,6695.91015625,6696.58984375,6692.669921875,6695.06005859375,17212000
2026-03-16 16:50:00+00:00,6694.919921875,6699.3798828125,6693.72998046875,6695.2001953125,18908000
2026-03-16 16:55:00+00:00,6695.18017578125,6696.9501953125,6692.72021484375,6693.43017578125,23291000
2026-03-16 17:00:00+00:00,6693.52978515625,6703.7099609375,6693.52978515625,6696.47021484375,26517000
2026-03-16 17:05:00+00:00,6696.47021484375,6700.759765625,6695.6201171875,6698.669921875,18123000
2026-03-16 17:10:00+00:00,6698.68994140625,6705.27978515625,6698.68994140625,6703.47998046875,19792000
2026-03-16 17:15:00+00:00,6703.35986328125,6703.64990234375,6698.9599609375,6702.2099609375,17071000
2026-03-16 17:20:00+00:00,6702.1201171875,6706.22021484375,6702.0400390625,6704.3701171875,20865000
2026-03-16 17:25:00+00:00,6704.3701171875,6706.22998046875,6701.080078125,6701.7001953125,19630000
2026-03-16 17:30:00+00:00,6701.64013671875,6704.66015625,6698.85986328125,6700.2998046875,19358000
2026-03-16 17:35:00+00:00,6700.31005859375,6702.31982421875,6698.669921875,6699.16015625,23862000
2026-03-16 17:40:00+00:00,6699.08984375,6699.97998046875,6695.97998046875,6696.35986328125,21072000
2026-03-16 17:45:00+00:00,6696.330078125,6701.330078125,6692.06982421875,6693.490234375,18977000
2026-03-16 17:50:00+00:00,6693.47021484375,6697.35986328125,6689.5400390625,6695.580078125,20588000
2026-03-16 17:55:00+00:00,6695.64013671875,6698.81982421875,6694.43994140625,6696.9599609375,18527000
2026-03-16 18:00:00+00:00,6696.919921875,6700.740234375,6696.2998046875,6700.740234375,22255000
2026-03-16 18:05:00+00:00,6700.77001953125,6706.52978515625,6699.8798828125,6704.5498046875,25733000
2026-03-16 18:10:00+00:00,6704.6201171875,6706.25,6702.14990234375,6704.080078125,19463000
2026-03-16 18:15:00+00:00,6704.259765625,6709.43017578125,6704.169921875,6707.58984375,23265000
2026-03-16 18:20:00+00:00,6707.66015625,6709.85986328125,6706.22998046875,6708.77001953125,27392000
2026-03-16 18:25:00+00:00,6708.85009765625,6709.64990234375,6705.56982421875,6707.27001953125,26203000
2026-03-16 18:30:00+00:00,6707.58984375,6709.08984375,6706.25,6708.2900390625,25290000
2026-03-16 18:35:00+00:00,6708.39013671875,6710.6201171875,6706.759765625,6709.64990234375,23109000
2026-03-16 18:40:00+00:00,6709.91015625,6711.66015625,6708.75,6711.58984375,22421000
2026-03-16 18:45:00+00:00,6711.5400390625,6712.47998046875,6710.169921875,6710.81982421875,21056000
2026-03-16 18:50:00+00:00,6710.759765625,6710.759765625,6707.0,6707.0,21469000
2026-03-16 18:55:00+00:00,6707.06982421875,6707.06982421875,6704.81982421875,6705.66015625,22162000
2026-03-16 19:00:00+00:00,6705.669921875,6709.10009765625,6703.52001953125,6704.77001953125,23851000
2026-03-16 19:05:00+00:00,6704.75,6722.81005859375,6702.22021484375,6722.81005859375,38314000
2026-03-16 19:10:00+00:00,6722.2998046875,6729.7900390625,6705.990234375,6708.240234375,52089000
2026-03-16 19:15:00+00:00,6707.85986328125,6712.39990234375,6703.93017578125,6703.97021484375,35164000
2026-03-16 19:20:00+00:00,6703.93017578125,6706.2099609375,6699.1201171875,6701.14990234375,36005000
2026-03-16 19:25:00+00:00,6701.31982421875,6703.7001953125,6696.27978515625,6700.97021484375,45635000
2026-03-16 19:30:00+00:00,6701.35986328125,6702.77978515625,6698.47998046875,6699.93017578125,38907000
2026-03-16 19:35:00+00:00,6699.72021484375,6702.72998046875,6697.64990234375,6699.169921875,38154000
2026-03-16 19:40:00+00:00,6699.2099609375,6700.22998046875,6693.75,6695.25,41396000
2026-03-16 19:45:00+00:00,6695.2998046875,6697.52978515625,6693.580078125,6696.64990234375,49477000
2026-03-16 19:50:00+00:00,6696.58984375,6699.16015625,6693.8701171875,6695.41015625,80599000
2026-03-16 19:55:00+00:00,6695.08984375,6701.10986328125,6695.08984375,6699.85009765625,185268000
2026-03-17 13:30:00+00:00,6722.35009765625,6747.4501953125,6722.35009765625,6743.740234375,0
2026-03-17 13:35:00+00:00,6743.77001953125,6747.3798828125,6741.7900390625,6747.259765625,50043535
2026-03-17 13:40:00+00:00,6747.919921875,6749.0,6744.7001953125,6745.259765625,43285383
2026-03-17 13:45:00+00:00,6745.169921875,6754.2998046875,6744.0,6752.91015625,47780968
2026-03-17 13:50:00+00:00,6752.830078125,6752.830078125,6746.56982421875,6750.56982421875,38878355
2026-03-17 13:55:00+00:00,6750.580078125,6751.06005859375,6746.740234375,6748.6201171875,33898424
2026-03-17 14:00:00+00:00,6748.93994140625,6748.93994140625,6740.06982421875,6741.7900390625,40994267
2026-03-17 14:05:00+00:00,6741.830078125,6744.1201171875,6741.14990234375,6742.47021484375,35375510
2026-03-17 14:10:00+00:00,6742.2998046875,6742.740234375,6734.10986328125,6734.240234375,36109763
2026-03-17 14:15:00+00:00,6733.5400390625,6734.4599609375,6725.52978515625,6734.35986328125,30996263
2026-03-17 14:20:00+00:00,6734.7099609375,6737.93017578125,6732.9599609375,6734.83984375,30722669
2026-03-17 14:25:00+00:00,6734.740234375,6736.27978515625,6730.6201171875,6734.97998046875,29870485
2026-03-17 14:30:00+00:00,6734.83984375,6739.77001953125,6731.60986328125,6738.83984375,27956864
2026-03-17 14:35:00+00:00,6739.02978515625,6741.47021484375,6733.2900390625,6734.52978515625,28077189
2026-03-17 14:40:00+00:00,6734.509765625,6742.97021484375,6732.56982421875,6742.47021484375,24421117
2026-03-17 14:45:00+00:00,6742.259765625,6744.0400390625,6740.66015625,6742.7001953125,24115313
2026-03-17 14:50:00+00:00,6742.8798828125,6743.22021484375,6739.81005859375,6740.97021484375,26285422
2026-03-17 14:55:00+00:00,6740.93017578125,6742.8701171875,6739.009765625,6739.75,23510852
2026-03-17 15:00:00+00:00,6739.7998046875,6741.7900390625,6734.22998046875,6734.490234375,25308754
2026-03-17 15:05:00+00:00,6734.60009765625,6734.93994140625,6727.7900390625,6727.81005859375,25471740
2026-03-17 15:10:00+00:00,6727.740234375,6730.990234375,6726.490234375,6728.6201171875,24109608
2026-03-17 15:15:00+00:00,6728.580078125,6735.27001953125,6728.490234375,6733.3798828125,24546761
2026-03-17 15:20:00+00:00,6733.490234375,6735.14990234375,6726.1298828125,6730.18994140625,28399153
2026-03-17 15:25:00+00:00,6730.25,6734.41015625,6726.5498046875,6726.72998046875,21333739
2026-03-17 15:30:00+00:00,6726.60986328125,6730.740234375,6721.81982421875,6721.8701171875,22926569
2026-03-17 15:35:00+00:00,6722.0498046875,6723.89990234375,6713.18994140625,6717.85986328125,26894334
2026-03-17 15:40:00+00:00,6717.68994140625,6721.5,6715.7099609375,6721.490234375,22149965
2026-03-17 15:45:00+00:00,6721.4501953125,6725.2998046875,6719.3798828125,6719.3798828125,22797475
2026-03-17 15:50:00+00:00,6719.27978515625,6724.759765625,6719.27978515625,6723.22021484375,20409017
2026-03-17 15:55:00+00:00,6723.1298828125,6723.93017578125,6718.31982421875,6720.39013671875,23254398
2026-03-17 16:00:00+00:00,6720.169921875,6720.169921875,6713.02978515625,6715.89013671875,22260452
2026-03-17 16:05:00+00:00,6715.919921875,6718.43017578125,6710.7998046875,6715.830078125,23813000
2026-03-17 16:10:00+00:00,6715.77978515625,6721.52001953125,6715.60986328125,6716.72021484375,20410000
2026-03-17 16:15:00+00:00,6716.77001953125,6723.7099609375,6715.5400390625,6723.64990234375,25196000
2026-03-17 16:20:00+00:00,6724.4599609375,6724.66015625,6719.64990234375,6724.080078125,21834000
2026-03-17 16:25:00+00:00,6724.0,6724.0,6719.4501953125,6721.759765625,19670000
2026-03-17 16:30:00+00:00,6721.81982421875,6723.31005859375,6717.60009765625,6720.4501953125,23848000
2026-03-17 16:35:00+00:00,6720.5,6723.7099609375,6716.8701171875,6718.009765625,19419000
2026-03-17 16:40:00+00:00,6718.02978515625,6723.97998046875,6717.72021484375,6723.830078125,18082000
2026-03-17 16:45:00+00:00,6724.1298828125,6725.27978515625,6721.75,6722.68017578125,22600000
2026-03-17 16:50:00+00:00,6722.5400390625,6723.56005859375,6720.759765625,6721.81982421875,18778000
2026-03-17 16:55:00+00:00,6722.0400390625,6723.25,6718.6201171875,6719.06982421875,21861000
2026-03-17 17:00:00+00:00,6719.1201171875,6728.419921875,6718.9501953125,6727.8798828125,22856000
2026-03-17 17:05:00+00:00,6727.8798828125,6728.4599609375,6725.85009765625,6727.85009765625,19824000
2026-03-17 17:10:00+00:00,6727.830078125,6728.5,6722.47021484375,6725.22998046875,20543000
2026-03-17 17:15:00+00:00,6725.22998046875,6725.22998046875,6722.66015625,6723.85986328125,19525000
2026-03-17 17:20:00+00:00,6723.919921875,6725.43994140625,6721.33984375,6724.2099609375,18336000
2026-03-17 17:25:00+00:00,6724.2001953125,6725.8798828125,6722.25,6724.6298828125,18339000
2026-03-17 17:30:00+00:00,6724.64013671875,6726.419921875,6723.18994140625,6723.990234375,18138000
2026-03-17 17:35:00+00:00,6723.9501953125,6728.97998046875,6723.8798828125,6728.56005859375,19124000
2026-03-17 17:40:00+00:00,6728.580078125,6728.8701171875,6722.0,6722.0,18206000
2026-03-17 17:45:00+00:00,6722.41015625,6724.1201171875,6720.35986328125,6722.85009765625,17698000
2026-03-17 17:50:00+00:00,6722.85986328125,6728.1201171875,6721.2998046875,6727.5498046875,20107000
2026-03-17 17:55:00+00:00,6727.64013671875,6727.93994140625,6725.990234375,6726.35986328125,18307000
2026-03-17 18:00:00+00:00,6726.39013671875,6729.10986328125,6723.759765625,6728.68017578125,22564000
2026-03-17 18:05:00+00:00,6728.740234375,6731.43017578125,6726.5,6731.43017578125,20562000
2026-03-17 18:10:00+00:00,6731.419921875,6731.77978515625,6728.35009765625,6728.41015625,20027000
2026-03-17 18:15:00+00:00,6728.259765625,6728.9501953125,6726.7001953125,6727.35986328125,19868000
2026-03-17 18:20:00+00:00,6727.31982421875,6727.31982421875,6719.39013671875,6719.39013671875,23099000
2026-03-17 18:25:00+00:00,6719.3798828125,6721.47998046875,6718.52001953125,6718.919921875,21098000
2026-03-17 18:30:00+00:00,6718.89990234375,6720.85986328125,6717.2099609375,6720.47998046875,22733000
2026-03-17 18:35:00+00:00,6720.43017578125,6721.580078125,6718.75,6720.3798828125,23441000
2026-03-17 18:40:00+00:00,6720.27978515625,6721.56982421875,6717.6201171875,6717.9501953125,23311000
2026-03-17 18:45:00+00:00,6717.89990234375,6721.10009765625,6717.759765625,6720.72021484375,27098000
2026-03-17 18:50:00+00:00,6720.66015625,6723.93017578125,6718.52978515625,6723.68994140625,24051000
2026-03-17 18:55:00+00:00,6723.740234375,6723.740234375,6717.990234375,6720.2099609375,23784000
2026-03-17 19:00:00+00:00,6720.35986328125,6722.33984375,6718.830078125,6719.509765625,27119000
2026-03-17 19:05:00+00:00,6719.4501953125,6719.4501953125,6715.5498046875,6719.02001953125,26881000
2026-03-17 19:10:00+00:00,6719.080078125,6721.06982421875,6719.06982421875,6721.0,25686000
2026-03-17 19:15:00+00:00,6721.06005859375,6724.740234375,6720.7099609375,6723.43994140625,28271000
2026-03-17 19:20:00+00:00,6723.52978515625,6723.58984375,6720.31005859375,6720.919921875,26558000
2026-03-17 19:25:00+00:00,6720.9599609375,6721.18994140625,6719.06005859375,6719.93017578125,32817000
2026-03-17 19:30:00+00:00,6719.97021484375,6721.89013671875,6718.33984375,6718.93017578125,35940000
2026-03-17 19:35:00+00:00,6718.97998046875,6720.3701171875,6718.6298828125,6719.009765625,34734000
2026-03-17 19:40:00+00:00,6719.0,6720.25,6716.91015625,6717.6298828125,39485000
2026-03-17 19:45:00+00:00,6717.64013671875,6720.93994140625,6717.64013671875,6720.89990234375,47628000
2026-03-17 19:50:00+00:00,6720.77978515625,6721.419921875,6715.47998046875,6721.419921875,81261000
2026-03-17 19:55:00+00:00,6721.43017578125,6721.43017578125,6713.77978515625,6717.18994140625,192742000
2026-03-18 13:30:00+00:00,6697.16015625,6699.1298828125,6688.97021484375,6696.89013671875,0
2026-03-18 13:35:00+00:00,6697.47998046875,6701.830078125,6696.4599609375,6700.02978515625,41776139
2026-03-18 13:40:00+00:00,6700.490234375,6704.990234375,6693.1298828125,6696.169921875,42844260
2026-03-18 13:45:00+00:00,6696.68994140625,6705.18017578125,6695.5400390625,6700.5498046875,39675297
2026-03-18 13:50:00+00:00,6700.5498046875,6701.93994140625,6695.60009765625,6696.89013671875,36297386
2026-03-18 13:55:00+00:00,6696.7001953125,6701.75,6693.5,6701.75,32872080
2026-03-18 14:00:00+00:00,6702.27001953125,6703.14013671875,6689.60986328125,6694.27978515625,36432112
2026-03-18 14:05:00+00:00,6694.25,6702.77978515625,6691.83984375,6699.0498046875,33961093
2026-03-18 14:10:00+00:00,6698.64013671875,6698.64013671875,6681.43017578125,6681.43017578125,37644400
2026-03-18 14:15:00+00:00,6681.31005859375,6686.669921875,6680.97021484375,6684.81005859375,31029462
2026-03-18 14:20:00+00:00,6684.85986328125,6685.97998046875,6681.91015625,6682.1298828125,24731133
2026-03-18 14:25:00+00:00,6682.16015625,6682.60009765625,6667.31982421875,6669.25,32948007
2026-03-18 14:30:00+00:00,6669.3701171875,6677.990234375,6668.89013671875,6671.31982421875,28764609
2026-03-18 14:35:00+00:00,6671.4501953125,6674.5,6669.1201171875,6670.7998046875,25726984
2026-03-18 14:40:00+00:00,6670.68994140625,6671.06982421875,6666.830078125,6668.4599609375,25993846
2026-03-18 14:45:00+00:00,6668.31982421875,6673.1201171875,6666.52001953125,6667.759765625,24829579
2026-03-18 14:50:00+00:00,6667.93994140625,6672.93017578125,6667.93994140625,6671.740234375,24405679
2026-03-18 14:55:00+00:00,6671.7099609375,6680.0498046875,6671.22998046875,6680.02001953125,25953204
2026-03-18 15:00:00+00:00,6679.81982421875,6685.77978515625,6677.06005859375,6680.5,30868068
2026-03-18 15:05:00+00:00,6680.60986328125,6689.02978515625,6680.5400390625,6689.02978515625,28172116
2026-03-18 15:10:00+00:00,6689.08984375,6689.22021484375,6683.47021484375,6684.52001953125,25839057
2026-03-18 15:15:00+00:00,6684.490234375,6686.1201171875,6677.83984375,6678.31982421875,23249409
2026-03-18 15:20:00+00:00,6678.35009765625,6680.5,6673.830078125,6680.5,24197954
2026-03-18 15:25:00+00:00,6680.580078125,6681.72998046875,6678.7998046875,6678.81005859375,22375665
2026-03-18 15:30:00+00:00,6678.81005859375,6685.22998046875,6678.0498046875,6683.02978515625,22394647
2026-03-18 15:35:00+00:00,6683.08984375,6684.60986328125,6680.6298828125,6683.259765625,23165386
2026-03-18 15:40:00+00:00,6683.240234375,6683.43994140625,6677.43994140625,6680.7900390625,22207003
2026-03-18 15:45:00+00:00,6680.81982421875,6682.39013671875,6676.9599609375,6677.8701171875,20764858
2026-03-18 15:50:00+00:00,6677.77001953125,6681.4599609375,6676.10986328125,6681.4599609375,20070467
2026-03-18 15:55:00+00:00,6681.77978515625,6683.2099609375,6678.39013671875,6679.7900390625,20668038
2026-03-18 16:00:00+00:00,6679.72998046875,6679.72998046875,6674.6201171875,6677.56982421875,20951343
2026-03-18 16:05:00+00:00,6677.81982421875,6679.0400390625,6675.68017578125,6676.509765625,18348310
2026-03-18 16:10:00+00:00,6676.47021484375,6682.93017578125,6674.64990234375,6682.08984375,17559166
2026-03-18 16:15:00+00:00,6682.2099609375,6682.56005859375,6678.1298828125,6681.8798828125,18146000
2026-03-18 16:20:00+00:00,6682.330078125,6684.14990234375,6681.7001953125,6682.72998046875,18085000
2026-03-18 16:25:00+00:00,6682.81005859375,6683.02001953125,6679.7998046875,6680.580078125,22207000
2026-03-18 16:30:00+00:00,6680.31005859375,6681.52001953125,6672.259765625,6672.6201171875,24452000
2026-03-18 16:35:00+00:00,6672.52978515625,6676.35986328125,6667.75,6675.66015625,23922000
2026-03-18 16:40:00+00:00,6675.85986328125,6677.1201171875,6673.08984375,6674.39990234375,18477000
2026-03-18 16:45:00+00:00,6674.5400390625,6675.7900390625,6672.1298828125,6675.33984375,16726000
2026-03-18 16:50:00+00:00,6675.35009765625,6679.85009765625,6673.56005859375,6679.2099609375,17853000
2026-03-18 16:55:00+00:00,6679.16015625,6680.509765625,6674.1201171875,6675.25,18601000
2026-03-18 17:00:00+00:00,6675.14013671875,6675.509765625,6667.60009765625,6671.85009765625,21470000
2026-03-18 17:05:00+00:00,6671.85009765625,6672.919921875,6668.2998046875,6668.7099609375,17832000
2026-03-18 17:10:00+00:00,6668.6201171875,6669.7001953125,6663.85986328125,6665.39990234375,17432000
2026-03-18 17:15:00+00:00,6665.47021484375,6668.93017578125,6664.08984375,6668.64990234375,19110000
2026-03-18 17:20:00+00:00,6668.68017578125,6669.83984375,6667.7001953125,6669.58984375,17775000
2026-03-18 17:25:00+00:00,6669.68017578125,6669.75,6666.5,6667.47021484375,15980000
2026-03-18 17:30:00+00:00,6667.52978515625,6668.990234375,6662.85986328125,6668.990234375,18858000
2026-03-18 17:35:00+00:00,6669.02001953125,6673.72021484375,6669.02001953125,6672.8701171875,18924000
2026-03-18 17:40:00+00:00,6672.83984375,6672.83984375,6667.4599609375,6668.60986328125,19250000
2026-03-18 17:45:00+00:00,6668.60009765625,6674.85986328125,6668.27978515625,6670.58984375,23139000
2026-03-18 17:50:00+00:00,6670.6298828125,6674.0,6668.5,6674.0,19342000
2026-03-18 17:55:00+00:00,6674.02001953125,6677.27001953125,6672.33984375,6675.81005859375,17460000
2026-03-18 18:00:00+00:00,6676.0498046875,6682.740234375,6674.669921875,6680.27001953125,34725000
2026-03-18 18:05:00+00:00,6680.14013671875,6680.14013671875,6673.9599609375,6674.4599609375,24538000
2026-03-18 18:10:00+00:00,6674.509765625,6676.25,6671.60009765625,6674.60009765625,22188000
2026-03-18 18:15:00+00:00,6674.580078125,6674.6298828125,6663.66015625,6666.10986328125,28856000
2026-03-18 18:20:00+00:00,6666.06005859375,6668.4501953125,6663.490234375,6666.68994140625,20528000
2026-03-18 18:25:00+00:00,6666.72021484375,6670.580078125,6665.47021484375,6670.18994140625,19561000
2026-03-18 18:30:00+00:00,6670.3798828125,6671.64013671875,6656.2998046875,6656.2998046875,29527000
2026-03-18 18:35:00+00:00,6656.2900390625,6669.169921875,6655.08984375,6657.41015625,33964000
2026-03-18 18:40:00+00:00,6657.2998046875,6663.33984375,6654.2099609375,6659.330078125,38209000
2026-03-18 18:45:00+00:00,6659.2900390625,6659.2900390625,6655.47998046875,6655.85009765625,25194000
2026-03-18 18:50:00+00:00,6655.9599609375,6655.9599609375,6644.08984375,6644.9501953125,31864000
2026-03-18 18:55:00+00:00,6644.9501953125,6648.18994140625,6643.009765625,6643.35009765625,30265000
2026-03-18 19:00:00+00:00,6643.240234375,6652.77978515625,6642.33984375,6652.77978515625,31611000
2026-03-18 19:05:00+00:00,6652.91015625,6655.77001953125,6650.41015625,6653.41015625,32693000
2026-03-18 19:10:00+00:00,6653.490234375,6653.490234375,6646.009765625,6648.4501953125,30137000
2026-03-18 19:15:00+00:00,6648.43994140625,6649.10986328125,6643.02001953125,6643.02001953125,32157000
2026-03-18 19:20:00+00:00,6642.919921875,6643.419921875,6636.5498046875,6636.8701171875,33315000
2026-03-18 19:25:00+00:00,6636.81005859375,6640.4501953125,6636.16015625,6638.06982421875,31500000
2026-03-18 19:30:00+00:00,6638.10009765625,6640.68994140625,6635.490234375,6639.85009765625,39201000
2026-03-18 19:35:00+00:00,6639.64013671875,6639.759765625,6633.2001953125,6634.240234375,39175000
2026-03-18 19:40:00+00:00,6634.16015625,6635.02001953125,6626.89990234375,6628.8798828125,46637000
2026-03-18 19:45:00+00:00,6628.97998046875,6630.009765625,6625.1201171875,6627.33984375,54017000
2026-03-18 19:50:00+00:00,6627.330078125,6631.83984375,6627.330078125,6629.33984375,87510000
2026-03-18 19:55:00+00:00,6629.35986328125,6629.72998046875,6621.66015625,6624.3798828125,197988000
2026-03-19 13:30:00+00:00,6583.1201171875,6583.1201171875,6557.81982421875,6567.97998046875,0
2026-03-19 13:35:00+00:00,6568.240234375,6573.35009765625,6561.240234375,6569.47998046875,57306106
2026-03-19 13:40:00+00:00,6569.669921875,6583.1201171875,6568.740234375,6581.0498046875,56757291
2026-03-19 13:45:00+00:00,6580.990234375,6586.06982421875,6574.5498046875,6586.06982421875,48529481
2026-03-19 13:50:00+00:00,6586.27978515625,6596.669921875,6584.85986328125,6596.009765625,43827509
2026-03-19 13:55:00+00:00,6595.97998046875,6595.97998046875,6586.580078125,6593.6201171875,39271869
2026-03-19 14:00:00+00:00,6594.14013671875,6598.93994140625,6590.740234375,6590.81982421875,45384628
2026-03-19 14:05:00+00:00,6591.419921875,6596.81005859375,6589.25,6589.8701171875,40054139
2026-03-19 14:10:00+00:00,6590.52001953125,6602.72021484375,6588.60009765625,6589.97021484375,42588943
2026-03-19 14:15:00+00:00,6589.89013671875,6591.43017578125,6581.2099609375,6584.4501953125,38075250
2026-03-19 14:20:00+00:00,6584.56005859375,6588.83984375,6576.1201171875,6576.93017578125,34192560
2026-03-19 14:25:00+00:00,6576.93994140625,6579.4599609375,6569.33984375,6571.64013671875,31273204
2026-03-19 14:30:00+00:00,6571.6298828125,6592.919921875,6571.10986328125,6592.77978515625,37605175
2026-03-19 14:35:00+00:00,6592.669921875,6598.0,6579.93017578125,6582.47998046875,32877357
2026-03-19 14:40:00+00:00,6582.27978515625,6590.7001953125,6581.56982421875,6583.27001953125,27162230
2026-03-19 14:45:00+00:00,6583.080078125,6587.10009765625,6579.9599609375,6587.10009765625,27044889
2026-03-19 14:50:00+00:00,6587.77001953125,6591.830078125,6584.22998046875,6585.5498046875,31700780
2026-03-19 14:55:00+00:00,6586.14013671875,6591.47998046875,6582.009765625,6587.14990234375,26583766
2026-03-19 15:00:00+00:00,6586.490234375,6593.16015625,6583.9599609375,6593.16015625,31800415
2026-03-19 15:05:00+00:00,6593.3798828125,6604.93017578125,6592.43017578125,6596.77978515625,34524537
2026-03-19 15:10:00+00:00,6596.64013671875,6601.77978515625,6595.419921875,6601.47998046875,28099729
2026-03-19 15:15:00+00:00,6601.7998046875,6604.39990234375,6589.25,6589.509765625,28974462
2026-03-19 15:20:00+00:00,6589.68994140625,6591.47998046875,6583.3701171875,6583.56982421875,26836964
2026-03-19 15:25:00+00:00,6583.5498046875,6587.31005859375,6580.7998046875,6585.89013671875,25338393
2026-03-19 15:30:00+00:00,6585.75,6585.75,6576.27978515625,6576.27978515625,27865942
2026-03-19 15:35:00+00:00,6576.2099609375,6579.06005859375,6572.16015625,6575.68994140625,25811000
2026-03-19 15:40:00+00:00,6576.3701171875,6580.009765625,6573.7900390625,6573.89990234375,24802000
2026-03-19 15:45:00+00:00,6573.81982421875,6579.93994140625,6570.72998046875,6578.56005859375,23860000
2026-03-19 15:50:00+00:00,6578.43994140625,6579.7099609375,6574.89013671875,6575.240234375,23595000
2026-03-19 15:55:00+00:00,6575.14013671875,6586.85009765625,6575.14013671875,6586.7001953125,29487000
2026-03-19 16:00:00+00:00,6586.81005859375,6596.990234375,6583.25,6591.669921875,28153000
2026-03-19 16:05:00+00:00,6591.759765625,6598.169921875,6590.81982421875,6593.2001953125,26632000
2026-03-19 16:10:00+00:00,6593.240234375,6593.35986328125,6585.10986328125,6585.89013671875,24535000
2026-03-19 16:15:00+00:00,6586.06005859375,6588.2998046875,6582.43017578125,6584.27001953125,23131000
2026-03-19 16:20:00+00:00,6584.22021484375,6586.66015625,6580.2001953125,6583.35009765625,24717000
2026-03-19 16:25:00+00:00,6583.5498046875,6588.9501953125,6582.93017578125,6588.43017578125,26302000
2026-03-19 16:30:00+00:00,6588.02001953125,6589.25,6583.6298828125,6587.08984375,26691000
2026-03-19 16:35:00+00:00,6587.18017578125,6588.64013671875,6581.64990234375,6588.330078125,24127000
2026-03-19 16:40:00+00:00,6588.41015625,6594.919921875,6587.47021484375,6590.39013671875,22357000
2026-03-19 16:45:00+00:00,6590.2998046875,6590.89013671875,6583.68994140625,6584.5400390625,23282000
2026-03-19 16:50:00+00:00,6584.47998046875,6584.5400390625,6574.85009765625,6578.9501953125,25096000
2026-03-19 16:55:00+00:00,6578.8798828125,6580.8701171875,6576.41015625,6580.240234375,20890000
2026-03-19 17:00:00+00:00,6580.169921875,6581.1298828125,6574.009765625,6574.009765625,23191000
2026-03-19 17:05:00+00:00,6573.89990234375,6575.22021484375,6565.52978515625,6566.39990234375,24121000
2026-03-19 17:10:00+00:00,6566.39013671875,6570.14013671875,6564.68017578125,6566.490234375,21227000
2026-03-19 17:15:00+00:00,6566.47998046875,6577.0498046875,6565.3798828125,6576.8701171875,20514000
2026-03-19 17:20:00+00:00,6576.93017578125,6583.02001953125,6574.31982421875,6580.18994140625,21565000
2026-03-19 17:25:00+00:00,6580.2001953125,6582.97998046875,6578.47021484375,6579.66015625,21668000
2026-03-19 17:30:00+00:00,6579.56982421875,6582.81005859375,6575.22998046875,6576.52001953125,24859000
2026-03-19 17:35:00+00:00,6576.2998046875,6576.6298828125,6571.89013671875,6571.89013671875,19320000
2026-03-19 17:40:00+00:00,6571.830078125,6575.22021484375,6570.169921875,6573.5400390625,22294000
2026-03-19 17:45:00+00:00,6573.5498046875,6576.41015625,6571.89990234375,6575.2900390625,18977000
2026-03-19 17:50:00+00:00,6575.35986328125,6586.6298828125,6575.240234375,6585.830078125,22837000
2026-03-19 17:55:00+00:00,6585.7099609375,6585.7099609375,6580.2900390625,6580.89013671875,20525000
2026-03-19 18:00:00+00:00,6580.75,6580.89013671875,6575.1201171875,6575.759765625,22184000
2026-03-19 18:05:00+00:00,6575.7001953125,6582.3701171875,6575.35986328125,6580.6201171875,21723000
2026-03-19 18:10:00+00:00,6580.72021484375,6593.64013671875,6580.72021484375,6591.7099609375,26684000
2026-03-19 18:15:00+00:00,6591.7099609375,6592.7998046875,6585.7900390625,6589.4599609375,25023000
2026-03-19 18:20:00+00:00,6589.52978515625,6590.77001953125,6585.3798828125,6586.58984375,24293000
2026-03-19 18:25:00+00:00,6586.52978515625,6587.22021484375,6580.35009765625,6580.35009765625,22062000
2026-03-19 18:30:00+00:00,6580.1201171875,6580.89990234375,6577.02001953125,6579.25,22638000
2026-03-19 18:35:00+00:00,6579.56982421875,6581.2900390625,6574.22021484375,6576.1201171875,21567000
2026-03-19 18:40:00+00:00,6576.08984375,6576.81982421875,6572.18994140625,6573.31005859375,23034000
2026-03-19 18:45:00+00:00,6573.2099609375,6576.1201171875,6572.3701171875,6574.72021484375,25411000
2026-03-19 18:50:00+00:00,6574.81005859375,6578.27001953125,6571.85009765625,6578.08984375,22128000
2026-03-19 18:55:00+00:00,6578.1201171875,6595.47021484375,6577.18017578125,6592.5498046875,32370000
2026-03-19 19:00:00+00:00,6592.81005859375,6614.4599609375,6592.64013671875,6611.93994140625,43786000
2026-03-19 19:05:00+00:00,6612.169921875,6636.740234375,6612.169921875,6626.81005859375,56933000
2026-03-19 19:10:00+00:00,6626.27978515625,6634.33984375,6616.1201171875,6626.89990234375,48373000
2026-03-19 19:15:00+00:00,6626.83984375,6630.02978515625,6620.85986328125,6627.72998046875,40067000
2026-03-19 19:20:00+00:00,6627.08984375,6627.240234375,6613.89013671875,6615.8798828125,34330000
2026-03-19 19:25:00+00:00,6615.47998046875,6615.47998046875,6605.830078125,6610.4501953125,37093000
2026-03-19 19:30:00+00:00,6610.60009765625,6615.0400390625,6606.93017578125,6608.47998046875,39124000
2026-03-19 19:35:00+00:00,6608.1298828125,6611.580078125,6599.31982421875,6611.580078125,41786000
2026-03-19 19:40:00+00:00,6611.60009765625,6614.14990234375,6608.16015625,6611.06982421875,41200000
2026-03-19 19:45:00+00:00,6611.080078125,6612.7099609375,6606.85009765625,6608.1298828125,51482000
2026-03-19 19:50:00+00:00,6608.06982421875,6609.68017578125,6603.8798828125,6605.60986328125,86728000
2026-03-19 19:55:00+00:00,6605.490234375,6610.4599609375,6604.759765625,6606.2001953125,198268000
2026-03-20 13:30:00+00:00,6594.66015625,6594.66015625,6576.97021484375,6578.35986328125,0
2026-03-20 13:35:00+00:00,6578.60986328125,6581.91015625,6574.18994140625,6575.56982421875,54250649
2026-03-20 13:40:00+00:00,6575.60986328125,6589.43994140625,6574.56005859375,6589.2998046875,50264378
2026-03-20 13:45:00+00:00,6589.31982421875,6593.2001953125,6581.60986328125,6582.6201171875,48838243
2026-03-20 13:50:00+00:00,6582.77001953125,6582.77001953125,6566.72021484375,6572.22021484375,42408169
2026-03-20 13:55:00+00:00,6572.06005859375,6572.93017578125,6556.77978515625,6558.759765625,42076876
2026-03-20 14:00:00+00:00,6558.4599609375,6561.5498046875,6552.0400390625,6557.56005859375,44954403
2026-03-20 14:05:00+00:00,6557.2099609375,6563.52978515625,6552.2001953125,6555.35986328125,39275436
2026-03-20 14:10:00+00:00,6555.10009765625,6558.58984375,6540.81982421875,6542.919921875,43393367
2026-03-20 14:15:00+00:00,6543.0498046875,6551.02001953125,6542.1201171875,6547.89990234375,38100988
2026-03-20 14:20:00+00:00,6547.93017578125,6549.259765625,6541.72998046875,6547.43017578125,34715156
2026-03-20 14:25:00+00:00,6547.18994140625,6548.27978515625,6542.75,6545.5,34811676
2026-03-20 14:30:00+00:00,6545.240234375,6558.16015625,6545.240234375,6558.16015625,36214596
2026-03-20 14:35:00+00:00,6558.240234375,6560.72021484375,6546.740234375,6552.419921875,41855034
2026-03-20 14:40:00+00:00,6552.169921875,6553.97021484375,6549.330078125,6550.759765625,29954000
2026-03-20 14:45:00+00:00,6550.60986328125,6554.35009765625,6549.0400390625,6553.89990234375,30756000
2026-03-20 14:50:00+00:00,6554.009765625,6554.60009765625,6538.4501953125,6539.0,33948000
2026-03-20 14:55:00+00:00,6539.10009765625,6552.33984375,6539.10009765625,6547.81005859375,32175000
2026-03-20 15:00:00+00:00,6547.509765625,6556.2900390625,6543.580078125,6546.2998046875,34489000
2026-03-20 15:05:00+00:00,6546.60986328125,6550.85009765625,6543.66015625,6548.77001953125,27165000
2026-03-20 15:10:00+00:00,6548.7099609375,6557.93994140625,6548.27978515625,6557.18017578125,34511000
2026-03-20 15:15:00+00:00,6557.39990234375,6557.72021484375,6547.56005859375,6547.93017578125,31593000
2026-03-20 15:20:00+00:00,6547.75,6566.31005859375,6545.580078125,6551.509765625,38645000
2026-03-20 15:25:00+00:00,6551.22021484375,6552.33984375,6541.93994140625,6545.81982421875,28394000
2026-03-20 15:30:00+00:00,6545.830078125,6553.18994140625,6544.35009765625,6551.6201171875,25333000
2026-03-20 15:35:00+00:00,6551.91015625,6553.990234375,6547.10009765625,6550.16015625,25767000
2026-03-20 15:40:00+00:00,6549.75,6553.9501953125,6547.22998046875,6552.10009765625,24504000
2026-03-20 15:45:00+00:00,6552.2998046875,6552.52978515625,6547.1298828125,6551.56005859375,24065000
2026-03-20 15:50:00+00:00,6551.39990234375,6555.10986328125,6547.330078125,6555.080078125,22647000
2026-03-20 15:55:00+00:00,6555.169921875,6557.81005859375,6552.169921875,6555.89013671875,27168000
2026-03-20 16:00:00+00:00,6555.93017578125,6564.25,6554.56005859375,6562.7001953125,23666000
2026-03-20 16:05:00+00:00,6562.66015625,6562.66015625,6555.25,6558.1201171875,26109000
2026-03-20 16:10:00+00:00,6558.02978515625,6562.25,6557.580078125,6559.91015625,21417000
2026-03-20 16:15:00+00:00,6559.990234375,6564.02978515625,6555.66015625,6564.02978515625,23744000
2026-03-20 16:20:00+00:00,6564.0,6565.60009765625,6561.58984375,6562.5,23545000
2026-03-20 16:25:00+00:00,6562.4501953125,6562.6201171875,6556.330078125,6557.27978515625,26718000
2026-03-20 16:30:00+00:00,6557.27978515625,6557.27978515625,6546.31005859375,6552.2001953125,25997000
2026-03-20 16:35:00+00:00,6552.1298828125,6554.0498046875,6548.1298828125,6550.669921875,22306000
2026-03-20 16:40:00+00:00,6550.509765625,6553.47021484375,6549.68994140625,6551.39990234375,20709000
2026-03-20 16:45:00+00:00,6551.419921875,6551.93017578125,6546.93017578125,6550.18017578125,23432000
2026-03-20 16:50:00+00:00,6550.10986328125,6552.58984375,6545.9599609375,6551.60986328125,23440000
2026-03-20 16:55:00+00:00,6551.6201171875,6559.1298828125,6551.330078125,6553.56982421875,20695000
2026-03-20 17:00:00+00:00,6553.43017578125,6557.68017578125,6553.43017578125,6557.509765625,19484000
2026-03-20 17:05:00+00:00,6557.35009765625,6557.9501953125,6544.740234375,6554.419921875,28728000
2026-03-20 17:10:00+00:00,6554.41015625,6556.27978515625,6549.18017578125,6549.64990234375,18570000
2026-03-20 17:15:00+00:00,6549.60986328125,6551.4599609375,6546.9501953125,6548.06005859375,23758000
2026-03-20 17:20:00+00:00,6548.0498046875,6552.83984375,6547.22998046875,6549.9501953125,19016000
2026-03-20 17:25:00+00:00,6549.8798828125,6550.25,6546.2998046875,6547.6201171875,23270000
2026-03-20 17:30:00+00:00,6547.6201171875,6548.8798828125,6539.68994140625,6540.58984375,26273000
2026-03-20 17:35:00+00:00,6540.6201171875,6543.3798828125,6533.06005859375,6540.490234375,26591000
2026-03-20 17:40:00+00:00,6540.4599609375,6542.7998046875,6535.97021484375,6536.85009765625,21380000
2026-03-20 17:45:00+00:00,6537.0,6537.8701171875,6532.25,6534.08984375,22165000
2026-03-20 17:50:00+00:00,6533.9501953125,6540.39990234375,6532.97998046875,6539.22021484375,21583000
2026-03-20 17:55:00+00:00,6539.25,6542.25,6538.60009765625,6540.33984375,23055000
2026-03-20 18:00:00+00:00,6540.259765625,6542.41015625,6534.31982421875,6534.31982421875,24433000
2026-03-20 18:05:00+00:00,6534.35009765625,6537.4599609375,6532.14013671875,6534.830078125,26313000
2026-03-20 18:10:00+00:00,6534.66015625,6534.66015625,6529.93017578125,6531.9599609375,23757000
2026-03-20 18:15:00+00:00,6531.93994140625,6532.9501953125,6527.77978515625,6529.97021484375,24965000
2026-03-20 18:20:00+00:00,6530.3798828125,6532.10009765625,6513.47021484375,6515.0400390625,40721000
2026-03-20 18:25:00+00:00,6515.35009765625,6523.240234375,6515.35009765625,6519.8798828125,29002000
2026-03-20 18:30:00+00:00,6520.02978515625,6521.52978515625,6515.2998046875,6515.759765625,30873000
2026-03-20 18:35:00+00:00,6515.7001953125,6516.2099609375,6507.93017578125,6509.330078125,29509000
2026-03-20 18:40:00+00:00,6509.419921875,6512.009765625,6506.509765625,6507.27978515625,29873000
2026-03-20 18:45:00+00:00,6507.43017578125,6509.27978515625,6503.72998046875,6505.1298828125,30722000
2026-03-20 18:50:00+00:00,6505.14990234375,6507.60986328125,6502.9501953125,6505.43994140625,27276000
2026-03-20 18:55:00+00:00,6505.47998046875,6507.169921875,6502.18017578125,6506.06982421875,31613000
2026-03-20 19:00:00+00:00,6506.18994140625,6511.759765625,6506.18994140625,6506.97998046875,35128000
2026-03-20 19:05:00+00:00,6507.240234375,6507.75,6502.080078125,6505.27001953125,35134000
2026-03-20 19:10:00+00:00,6505.2099609375,6505.3798828125,6499.31982421875,6503.6201171875,36285000
2026-03-20 19:15:00+00:00,6503.43017578125,6505.68994140625,6501.830078125,6505.68994140625,32781000
2026-03-20 19:20:00+00:00,6505.72021484375,6505.72021484375,6494.22998046875,6494.58984375,36396000
2026-03-20 19:25:00+00:00,6494.759765625,6498.33984375,6494.02978515625,6496.68017578125,44626000
2026-03-20 19:30:00+00:00,6496.7099609375,6499.14990234375,6487.10986328125,6487.4599609375,51431000
2026-03-20 19:35:00+00:00,6487.5498046875,6488.56005859375,6473.52001953125,6480.7099609375,58996000
2026-03-20 19:40:00+00:00,6481.06982421875,6495.25,6480.14013671875,6494.68017578125,59179000
2026-03-20 19:45:00+00:00,6494.580078125,6494.580078125,6484.490234375,6485.580078125,75565000
2026-03-20 19:50:00+00:00,6485.72998046875,6504.7099609375,6484.990234375,6504.52001953125,137644000
2026-03-20 19:55:00+00:00,6504.35986328125,6509.0,6504.35986328125,6508.31982421875,304716000
2026-03-23 13:30:00+00:00,6574.9599609375,6603.580078125,6574.9599609375,6592.169921875,0
2026-03-23 13:35:00+00:00,6592.58984375,6606.47021484375,6587.93017578125,6606.47021484375,62598926
2026-03-23 13:40:00+00:00,6607.330078125,6619.52001953125,6596.2001953125,6606.5498046875,60804026
2026-03-23 13:45:00+00:00,6606.31005859375,6614.68994140625,6600.58984375,6614.47998046875,58281135
2026-03-23 13:50:00+00:00,6614.7998046875,6626.25,6613.06005859375,6622.7001953125,46992194
2026-03-23 13:55:00+00:00,6622.02001953125,6627.580078125,6614.919921875,6627.580078125,45350246
2026-03-23 14:00:00+00:00,6627.8701171875,6632.759765625,6617.81005859375,6618.60986328125,52312515
2026-03-23 14:05:00+00:00,6618.47021484375,6624.31005859375,6613.0498046875,6622.259765625,44556854
2026-03-23 14:10:00+00:00,6622.25,6630.18017578125,6619.22998046875,6627.14990234375,41712123
2026-03-23 14:15:00+00:00,6627.009765625,6637.2099609375,6627.009765625,6637.2001953125,38106790
2026-03-23 14:20:00+00:00,6637.41015625,6648.27978515625,6634.3798828125,6645.0,40306157
2026-03-23 14:25:00+00:00,6644.8798828125,6644.97021484375,6632.27001953125,6636.06982421875,35770056
2026-03-23 14:30:00+00:00,6636.14013671875,6637.89990234375,6629.990234375,6634.18994140625,32651258
2026-03-23 14:35:00+00:00,6635.009765625,6639.41015625,6628.22021484375,6630.740234375,31626412
2026-03-23 14:40:00+00:00,6630.77001953125,6633.240234375,6627.490234375,6629.77001953125,29434237
2026-03-23 14:45:00+00:00,6629.7099609375,6643.080078125,6626.06005859375,6638.72021484375,33661427
2026-03-23 14:50:00+00:00,6638.919921875,6638.919921875,6630.97998046875,6634.06005859375,29956385
2026-03-23 14:55:00+00:00,6634.72021484375,6638.72998046875,6632.330078125,6636.419921875,27816195
2026-03-23 15:00:00+00:00,6636.52001953125,6651.6201171875,6634.60009765625,6650.0,38825217
2026-03-23 15:05:00+00:00,6649.919921875,6650.68017578125,6645.72021484375,6648.72021484375,33199293
2026-03-23 15:10:00+00:00,6648.81982421875,6651.27001953125,6644.27978515625,6646.08984375,29763007
2026-03-23 15:15:00+00:00,6646.080078125,6647.06982421875,6640.22021484375,6640.47021484375,29492000
2026-03-23 15:20:00+00:00,6640.6201171875,6646.52001953125,6634.68994140625,6646.18994140625,30532000
2026-03-23 15:25:00+00:00,6645.5400390625,6645.5400390625,6633.7998046875,6635.16015625,29622000
2026-03-23 15:30:00+00:00,6635.259765625,6638.580078125,6631.33984375,6632.35009765625,27836000
2026-03-23 15:35:00+00:00,6632.27978515625,6632.31005859375,6618.81982421875,6619.31005859375,32306000
2026-03-23 15:40:00+00:00,6619.06005859375,6623.25,6614.33984375,6618.89013671875,32290000
2026-03-23 15:45:00+00:00,6618.27978515625,6618.27978515625,6607.33984375,6612.72998046875,32223000
2026-03-23 15:50:00+00:00,6612.81005859375,6614.91015625,6597.89013671875,6599.41015625,36428000
2026-03-23 15:55:00+00:00,6599.02978515625,6599.02978515625,6584.3701171875,6585.68994140625,37284000
2026-03-23 16:00:00+00:00,6585.56982421875,6596.47998046875,6585.240234375,6590.52001953125,32054000
2026-03-23 16:05:00+00:00,6590.5400390625,6599.31005859375,6588.0498046875,6596.0498046875,28601000
2026-03-23 16:10:00+00:00,6595.740234375,6601.08984375,6592.4501953125,6596.740234375,24140000
2026-03-23 16:15:00+00:00,6596.740234375,6597.330078125,6585.22021484375,6586.330078125,27342000
2026-03-23 16:20:00+00:00,6586.27978515625,6587.9599609375,6580.6201171875,6582.740234375,27205000
2026-03-23 16:25:00+00:00,6582.68017578125,6582.68017578125,6565.5498046875,6566.52001953125,31741000
2026-03-23 16:30:00+00:00,6566.60009765625,6580.52001953125,6566.35009765625,6580.52001953125,24330000
2026-03-23 16:35:00+00:00,6580.97021484375,6587.10009765625,6579.60986328125,6580.60986328125,22759000
2026-03-23 16:40:00+00:00,6580.75,6586.7099609375,6580.66015625,6586.31005859375,25021000
2026-03-23 16:45:00+00:00,6586.39990234375,6591.830078125,6584.08984375,6588.9599609375,21557000
2026-03-23 16:50:00+00:00,6588.919921875,6592.22021484375,6582.009765625,6583.81005859375,22103000
2026-03-23 16:55:00+00:00,6584.35986328125,6586.669921875,6577.52978515625,6581.509765625,20206000
2026-03-23 17:00:00+00:00,6581.56982421875,6585.8798828125,6576.68994140625,6576.68994140625,21982000
2026-03-23 17:05:00+00:00,6576.81982421875,6587.5498046875,6575.47021484375,6586.81005859375,19760000
2026-03-23 17:10:00+00:00,6586.68994140625,6587.33984375,6579.7998046875,6579.7998046875,18525000
2026-03-23 17:15:00+00:00,6579.77001953125,6580.759765625,6573.2998046875,6578.1298828125,18658000
2026-03-23 17:20:00+00:00,6578.080078125,6578.080078125,6569.759765625,6573.669921875,18837000
2026-03-23 17:25:00+00:00,6573.7099609375,6581.080078125,6573.1298828125,6579.39990234375,17746000
2026-03-23 17:30:00+00:00,6579.18994140625,6596.9501953125,6578.759765625,6596.8798828125,29932000
2026-03-23 17:35:00+00:00,6596.93994140625,6607.4599609375,6596.93994140625,6603.81982421875,33015000
2026-03-23 17:40:00+00:00,6603.93017578125,6603.93017578125,6591.5498046875,6594.330078125,23297000
2026-03-23 17:45:00+00:00,6594.259765625,6595.0400390625,6589.85986328125,6593.41015625,17770000
2026-03-23 17:50:00+00:00,6593.509765625,6600.240234375,6592.5498046875,6600.240234375,21057000
2026-03-23 17:55:00+00:00,6600.259765625,6607.3701171875,6598.259765625,6606.97021484375,19349000
2026-03-23 18:00:00+00:00,6606.75,6608.22998046875,6603.97021484375,6607.1298828125,23832000
2026-03-23 18:05:00+00:00,6607.2001953125,6607.5498046875,6592.22998046875,6599.97021484375,29850000
2026-03-23 18:10:00+00:00,6600.2099609375,6605.990234375,6600.2099609375,6603.31005859375,23368000
2026-03-23 18:15:00+00:00,6602.56005859375,6603.68017578125,6597.7001953125,6600.509765625,19453000
2026-03-23 18:20:00+00:00,6600.60009765625,6601.35986328125,6598.33984375,6601.35009765625,18311000
2026-03-23 18:25:00+00:00,6601.419921875,6604.22021484375,6599.3798828125,6600.02978515625,20070000
2026-03-23 18:30:00+00:00,6600.16015625,6614.68994140625,6600.16015625,6614.3701171875,26294000
2026-03-23 18:35:00+00:00,6614.4599609375,6621.89990234375,6611.64013671875,6615.5,28576000
2026-03-23 18:40:00+00:00,6615.66015625,6617.02001953125,6611.72021484375,6613.60009765625,21264000
2026-03-23 18:45:00+00:00,6613.75,6618.25,6612.27978515625,6617.47998046875,19996000
2026-03-23 18:50:00+00:00,6617.39990234375,6617.77001953125,6612.52978515625,6614.419921875,22111000
2026-03-23 18:55:00+00:00,6614.3701171875,6616.81982421875,6612.52978515625,6615.60009765625,22475000
2026-03-23 19:00:00+00:00,6615.6298828125,6615.919921875,6610.22021484375,6611.85009765625,25643000
2026-03-23 19:05:00+00:00,6611.81005859375,6613.509765625,6610.2900390625,6613.39013671875,25466000
2026-03-23 19:10:00+00:00,6613.0498046875,6613.22998046875,6607.0498046875,6607.43017578125,26309000
2026-03-23 19:15:00+00:00,6607.39013671875,6608.6201171875,6601.85009765625,6604.419921875,27383000
2026-03-23 19:20:00+00:00,6604.47021484375,6604.9599609375,6599.9599609375,6601.509765625,28191000
2026-03-23 19:25:00+00:00,6601.4501953125,6602.7001953125,6596.89990234375,6599.43994140625,30864000
2026-03-23 19:30:00+00:00,6599.419921875,6601.52001953125,6598.25,6599.1298828125,33461000
2026-03-23 19:35:00+00:00,6599.14013671875,6602.919921875,6597.6298828125,6601.7998046875,34400000
2026-03-23 19:40:00+00:00,6601.64990234375,6604.580078125,6599.68994140625,6604.580078125,38229000
2026-03-23 19:45:00+00:00,6604.60986328125,6608.6298828125,6600.9599609375,6603.66015625,49229000
2026-03-23 19:50:00+00:00,6603.72021484375,6603.72021484375,6592.56005859375,6592.77978515625,90318000
2026-03-23 19:55:00+00:00,6592.58984375,6593.22998046875,6580.31005859375,6581.759765625,209113000
2026-03-24 13:30:00+00:00,6552.08984375,6553.39013671875,6534.259765625,6553.240234375,0
2026-03-24 13:35:00+00:00,6553.31982421875,6555.06005859375,6537.759765625,6538.64013671875,46381012
2026-03-24 13:40:00+00:00,6538.56005859375,6538.8798828125,6525.52001953125,6533.39013671875,41229952
2026-03-24 13:45:00+00:00,6533.22021484375,6541.43994140625,6527.27001953125,6527.4501953125,39495462
2026-03-24 13:50:00+00:00,6527.47021484375,6534.68994140625,6525.10986328125,6529.330078125,34439625
2026-03-24 13:55:00+00:00,6529.330078125,6540.72021484375,6528.7998046875,6540.39013671875,33552722
2026-03-24 14:00:00+00:00,6540.5,6548.56982421875,6538.56005859375,6548.5,39551331
2026-03-24 14:05:00+00:00,6548.64013671875,6559.990234375,6542.18017578125,6559.169921875,37035543
2026-03-24 14:10:00+00:00,6559.22998046875,6560.9501953125,6541.4501953125,6551.419921875,42082776
2026-03-24 14:15:00+00:00,6551.259765625,6552.27001953125,6543.080078125,6551.080078125,31910384
2026-03-24 14:20:00+00:00,6551.1298828125,6554.31982421875,6544.18017578125,6549.16015625,31723049
2026-03-24 14:25:00+00:00,6548.919921875,6559.43994140625,6544.669921875,6551.240234375,31588775
2026-03-24 14:30:00+00:00,6551.1298828125,6559.68017578125,6549.990234375,6558.7900390625,33192485
2026-03-24 14:35:00+00:00,6558.85009765625,6560.27001953125,6548.580078125,6553.56982421875,30434513
2026-03-24 14:40:00+00:00,6553.27978515625,6562.43017578125,6551.509765625,6562.39013671875,29578297
2026-03-24 14:45:00+00:00,6562.72021484375,6565.85986328125,6553.1298828125,6554.47021484375,33664601
2026-03-24 14:50:00+00:00,6554.02978515625,6582.60986328125,6548.64990234375,6571.81005859375,52938676
2026-03-24 14:55:00+00:00,6571.2998046875,6580.830078125,6552.7099609375,6564.6201171875,47804113
2026-03-24 15:00:00+00:00,6565.06982421875,6578.60986328125,6565.06982421875,6575.52001953125,34893916
2026-03-24 15:05:00+00:00,6575.43994140625,6578.16015625,6573.18017578125,6574.97021484375,26276840
2026-03-24 15:10:00+00:00,6575.259765625,6579.85986328125,6571.22998046875,6578.490234375,28265864
2026-03-24 15:15:00+00:00,6578.31005859375,6584.490234375,6578.16015625,6583.06982421875,28276410
2026-03-24 15:20:00+00:00,6583.080078125,6590.509765625,6580.2001953125,6590.39990234375,32538492
2026-03-24 15:25:00+00:00,6590.18994140625,6594.169921875,6584.2998046875,6586.22998046875,31622897
2026-03-24 15:30:00+00:00,6586.22021484375,6589.4599609375,6579.47021484375,6583.6298828125,30482112
2026-03-24 15:35:00+00:00,6583.3701171875,6591.080078125,6583.009765625,6588.9501953125,26333374
2026-03-24 15:40:00+00:00,6588.919921875,6590.85009765625,6586.830078125,6588.7998046875,24097514
2026-03-24 15:45:00+00:00,6588.66015625,6592.10986328125,6587.18017578125,6591.669921875,23241000
2026-03-24 15:50:00+00:00,6591.72021484375,6595.75,6590.33984375,6590.83984375,24208000
2026-03-24 15:55:00+00:00,6590.85986328125,6590.85986328125,6575.85009765625,6577.77001953125,27880000
2026-03-24 16:00:00+00:00,6576.8798828125,6577.97021484375,6572.2900390625,6572.52978515625,23773000
2026-03-24 16:05:00+00:00,6572.6298828125,6576.3798828125,6569.3798828125,6576.3798828125,21117000
2026-03-24 16:10:00+00:00,6576.490234375,6577.39990234375,6572.0400390625,6575.60986328125,20103000
2026-03-24 16:15:00+00:00,6575.60986328125,6586.47021484375,6575.43994140625,6584.77001953125,21317000
2026-03-24 16:20:00+00:00,6584.830078125,6587.81982421875,6581.77978515625,6586.14013671875,21318000
2026-03-24 16:25:00+00:00,6586.10009765625,6586.5,6582.1201171875,6585.02001953125,20614000
2026-03-24 16:30:00+00:00,6585.2998046875,6586.7001953125,6580.9501953125,6581.080078125,18773000
2026-03-24 16:35:00+00:00,6580.759765625,6580.7998046875,6567.66015625,6568.330078125,24210000
2026-03-24 16:40:00+00:00,6568.10009765625,6577.43994140625,6567.2900390625,6577.43994140625,18813000
2026-03-24 16:45:00+00:00,6577.56005859375,6582.60986328125,6576.39990234375,6577.02001953125,18556000
2026-03-24 16:50:00+00:00,6576.990234375,6581.7900390625,6576.3798828125,6577.3798828125,17939000
2026-03-24 16:55:00+00:00,6577.35986328125,6579.009765625,6571.10986328125,6576.990234375,20402000
2026-03-24 17:00:00+00:00,6577.02978515625,6579.419921875,6562.22021484375,6562.22021484375,24318000
2026-03-24 17:05:00+00:00,6562.169921875,6562.169921875,6553.830078125,6555.97998046875,27783000
2026-03-24 17:10:00+00:00,6555.9599609375,6558.52978515625,6552.10986328125,6555.759765625,20026000
2026-03-24 17:15:00+00:00,6555.64013671875,6557.43017578125,6552.60009765625,6553.68994140625,19133000
2026-03-24 17:20:00+00:00,6553.81005859375,6558.759765625,6553.10009765625,6557.06005859375,18347000
2026-03-24 17:25:00+00:00,6556.89990234375,6559.85009765625,6555.14013671875,6559.64013671875,18959000
2026-03-24 17:30:00+00:00,6559.58984375,6565.52001953125,6555.14990234375,6555.18994140625,21542000
2026-03-24 17:35:00+00:00,6555.2001953125,6560.39990234375,6553.22021484375,6559.419921875,18192000
2026-03-24 17:40:00+00:00,6559.52978515625,6562.830078125,6550.93994140625,6551.81005859375,19808000
2026-03-24 17:45:00+00:00,6551.77978515625,6556.14013671875,6550.3798828125,6554.72021484375,15305000
2026-03-24 17:50:00+00:00,6554.68017578125,6562.52978515625,6553.31982421875,6557.080078125,21158000
2026-03-24 17:55:00+00:00,6557.0498046875,6567.7900390625,6555.56982421875,6567.18994140625,29327000
2026-03-24 18:00:00+00:00,6567.64013671875,6574.3798828125,6566.10986328125,6568.52001953125,23395000
2026-03-24 18:05:00+00:00,6568.5,6568.77978515625,6563.83984375,6564.02001953125,20350000
2026-03-24 18:10:00+00:00,6564.08984375,6565.66015625,6562.2900390625,6564.2099609375,20370000
2026-03-24 18:15:00+00:00,6564.31005859375,6566.52001953125,6558.009765625,6566.240234375,24629000
2026-03-24 18:20:00+00:00,6565.77001953125,6568.2099609375,6563.52978515625,6566.43017578125,20208000
2026-03-24 18:25:00+00:00,6566.47021484375,6573.60986328125,6566.02978515625,6570.89013671875,22313000
2026-03-24 18:30:00+00:00,6570.919921875,6580.759765625,6569.27001953125,6575.58984375,24187000
2026-03-24 18:35:00+00:00,6575.64990234375,6590.669921875,6575.39990234375,6590.669921875,26048000
2026-03-24 18:40:00+00:00,6590.64013671875,6590.64013671875,6574.66015625,6579.16015625,29606000
2026-03-24 18:45:00+00:00,6579.10986328125,6579.5400390625,6574.1298828125,6575.60986328125,22819000
2026-03-24 18:50:00+00:00,6575.68994140625,6582.330078125,6575.68994140625,6578.08984375,23766000
2026-03-24 18:55:00+00:00,6578.14013671875,6578.14013671875,6570.77001953125,6574.669921875,21741000
2026-03-24 19:00:00+00:00,6574.419921875,6581.33984375,6574.31005859375,6577.4599609375,24884000
2026-03-24 19:05:00+00:00,6577.47021484375,6579.080078125,6574.52001953125,6578.85009765625,25258000
2026-03-24 19:10:00+00:00,6578.81982421875,6582.06005859375,6578.08984375,6582.06005859375,24695000
2026-03-24 19:15:00+00:00,6582.08984375,6582.08984375,6576.10986328125,6578.10009765625,29176000
2026-03-24 19:20:00+00:00,6578.0498046875,6578.669921875,6573.509765625,6576.58984375,27395000
2026-03-24 19:25:00+00:00,6576.5400390625,6577.2001953125,6569.52001953125,6569.97021484375,27879000
2026-03-24 19:30:00+00:00,6570.0,6573.06005859375,6565.72998046875,6566.830078125,35004000
2026-03-24 19:35:00+00:00,6566.68994140625,6566.75,6562.2001953125,6565.27001953125,33699000
2026-03-24 19:40:00+00:00,6565.35009765625,6568.47021484375,6563.64013671875,6563.759765625,38512000
2026-03-24 19:45:00+00:00,6563.77978515625,6563.77978515625,6557.3701171875,6560.97998046875,48707000
2026-03-24 19:50:00+00:00,6561.009765625,6561.10009765625,6553.93017578125,6554.64013671875,82447000
2026-03-24 19:55:00+00:00,6554.4501953125,6557.3798828125,6551.4599609375,6557.3798828125,193314000
2026-03-25 13:30:00+00:00,6598.35009765625,6628.02001953125,6598.35009765625,6623.43017578125,50757302
2026-03-25 13:35:00+00:00,6623.39013671875,6633.93994140625,6622.75,6625.7001953125,58943150
2026-03-25 13:40:00+00:00,6625.66015625,6630.97021484375,6614.10986328125,6614.81982421875,52233618
2026-03-25 13:45:00+00:00,6615.14013671875,6617.58984375,6604.10009765625,6604.10009765625,44095506
2026-03-25 13:50:00+00:00,6604.35009765625,6604.56005859375,6593.0498046875,6593.35986328125,45779599
2026-03-25 13:55:00+00:00,6593.490234375,6600.759765625,6590.8701171875,6591.2001953125,38397945
2026-03-25 14:00:00+00:00,6591.1201171875,6599.58984375,6583.080078125,6596.27978515625,46232887
2026-03-25 14:05:00+00:00,6596.330078125,6600.2900390625,6590.7001953125,6596.72998046875,39955410
2026-03-25 14:10:00+00:00,6596.68017578125,6606.0400390625,6592.490234375,6606.0400390625,35797658
2026-03-25 14:15:00+00:00,6605.9501953125,6608.2900390625,6601.080078125,6601.52978515625,38631101
2026-03-25 14:20:00+00:00,6601.68017578125,6610.72998046875,6598.60009765625,6598.64013671875,40456915
2026-03-25 14:25:00+00:00,6599.6201171875,6611.0,6599.1298828125,6606.8701171875,37471156
2026-03-25 14:30:00+00:00,6607.14990234375,6612.72998046875,6603.240234375,6612.60986328125,31933317
2026-03-25 14:35:00+00:00,6612.58984375,6615.0,6605.580078125,6607.25,29681368
2026-03-25 14:40:00+00:00,6607.85986328125,6614.97021484375,6605.58984375,6611.39990234375,30262765
2026-03-25 14:45:00+00:00,6611.02978515625,6616.43017578125,6610.2998046875,6615.31982421875,30174277
2026-03-25 14:50:00+00:00,6615.2001953125,6617.83984375,6613.14990234375,6613.31005859375,29909682
2026-03-25 14:55:00+00:00,6613.47998046875,6616.41015625,6611.10986328125,6612.740234375,28713533
2026-03-25 15:00:00+00:00,6612.68994140625,6615.31005859375,6610.39013671875,6613.490234375,26880267
2026-03-25 15:05:00+00:00,6613.60009765625,6614.25,6597.919921875,6598.02001953125,33468936
2026-03-25 15:10:00+00:00,6598.169921875,6600.60009765625,6590.64013671875,6591.10009765625,37443096
2026-03-25 15:15:00+00:00,6591.169921875,6593.10009765625,6568.41015625,6575.9599609375,49002852
2026-03-25 15:20:00+00:00,6575.7001953125,6598.009765625,6575.5,6595.22998046875,35419034
2026-03-25 15:25:00+00:00,6595.14990234375,6603.7998046875,6593.4599609375,6603.7998046875,28418843
2026-03-25 15:30:00+00:00,6603.81982421875,6607.60009765625,6602.18017578125,6605.169921875,25501000
2026-03-25 15:35:00+00:00,6605.2099609375,6605.3798828125,6592.72998046875,6593.56005859375,25617000
2026-03-25 15:40:00+00:00,6593.5498046875,6595.580078125,6587.3701171875,6592.52001953125,24380000
2026-03-25 15:45:00+00:00,6592.580078125,6593.3798828125,6588.97021484375,6592.39013671875,21458000
2026-03-25 15:50:00+00:00,6592.419921875,6595.7001953125,6590.27978515625,6592.990234375,23857000
2026-03-25 15:55:00+00:00,6592.97021484375,6598.97021484375,6590.64990234375,6596.4599609375,25101000
2026-03-25 16:00:00+00:00,6596.39013671875,6596.8701171875,6590.43994140625,6590.72998046875,22957000
2026-03-25 16:05:00+00:00,6590.7099609375,6593.41015625,6586.509765625,6592.56982421875,22084000
2026-03-25 16:10:00+00:00,6592.259765625,6592.31982421875,6587.77001953125,6591.509765625,20112000
2026-03-25 16:15:00+00:00,6591.60009765625,6592.7099609375,6587.5,6589.52978515625,20708000
2026-03-25 16:20:00+00:00,6589.56005859375,6596.75,6587.97998046875,6595.080078125,23651000
2026-03-25 16:25:00+00:00,6599.490234375,6605.39013671875,6598.669921875,6599.5,26885000
2026-03-25 16:30:00+00:00,6599.8701171875,6608.47998046875,6596.97998046875,6606.56982421875,24241000
2026-03-25 16:35:00+00:00,6606.56005859375,6608.259765625,6604.02978515625,6606.52001953125,18303000
2026-03-25 16:40:00+00:00,6606.56982421875,6607.41015625,6603.25,6606.08984375,17724000
2026-03-25 16:45:00+00:00,6605.85009765625,6606.31005859375,6600.97021484375,6601.97021484375,18360000
2026-03-25 16:50:00+00:00,6602.06005859375,6606.52978515625,6597.669921875,6606.169921875,17560000
2026-03-25 16:55:00+00:00,6606.22998046875,6606.81982421875,6601.5400390625,6603.009765625,15521000
2026-03-25 17:00:00+00:00,6603.02001953125,6607.5498046875,6599.8701171875,6601.68017578125,25643000
2026-03-25 17:05:00+00:00,6601.43017578125,6601.56982421875,6596.14990234375,6596.39013671875,18252000
2026-03-25 17:10:00+00:00,6596.1298828125,6602.93994140625,6595.4599609375,6602.169921875,18903000
2026-03-25 17:15:00+00:00,6602.02978515625,6602.02978515625,6595.77001953125,6598.66015625,21025000
2026-03-25 17:20:00+00:00,6598.77001953125,6605.31005859375,6598.169921875,6602.009765625,17037000
2026-03-25 17:25:00+00:00,6602.08984375,6608.39990234375,6602.06005859375,6606.4599609375,17841000
2026-03-25 17:30:00+00:00,6606.41015625,6607.81005859375,6601.97998046875,6607.5400390625,20070000
2026-03-25 17:35:00+00:00,6607.5498046875,6612.5400390625,6607.5498046875,6612.22998046875,20209000
2026-03-25 17:40:00+00:00,6612.330078125,6618.5400390625,6610.08984375,6613.93017578125,23687000
2026-03-25 17:45:00+00:00,6613.93994140625,6614.10009765625,6606.91015625,6607.06982421875,21032000
2026-03-25 17:50:00+00:00,6606.990234375,6611.259765625,6599.8701171875,6600.580078125,21313000
2026-03-25 17:55:00+00:00,6600.41015625,6612.18017578125,6599.64990234375,6604.9501953125,21759000
2026-03-25 18:00:00+00:00,6604.81005859375,6605.740234375,6602.0498046875,6604.16015625,19539000
2026-03-25 18:05:00+00:00,6604.14013671875,6607.7099609375,6601.47021484375,6603.97021484375,18190000
2026-03-25 18:10:00+00:00,6603.9599609375,6606.509765625,6603.43994140625,6605.22998046875,17483000
2026-03-25 18:15:00+00:00,6605.330078125,6610.18017578125,6604.77978515625,6605.08984375,19758000
2026-03-25 18:20:00+00:00,6605.0498046875,6607.669921875,6604.43017578125,6605.6201171875,19267000
2026-03-25 18:25:00+00:00,6605.68017578125,6606.18994140625,6600.43017578125,6600.68017578125,21211000
2026-03-25 18:30:00+00:00,6600.75,6603.6298828125,6600.52001953125,6602.490234375,22043000
2026-03-25 18:35:00+00:00,6602.490234375,6602.52978515625,6600.31005859375,6601.830078125,20238000
2026-03-25 18:40:00+00:00,6601.85009765625,6602.35009765625,6597.169921875,6599.60986328125,20334000
2026-03-25 18:45:00+00:00,6599.58984375,6599.58984375,6596.64013671875,6596.7001953125,18824000
2026-03-25 18:50:00+00:00,6596.85986328125,6598.02978515625,6595.81005859375,6597.419921875,21392000
2026-03-25 18:55:00+00:00,6597.39013671875,6597.39013671875,6583.47998046875,6590.83984375,32355000
2026-03-25 19:00:00+00:00,6590.75,6590.75,6581.85986328125,6586.2900390625,27684000
2026-03-25 19:05:00+00:00,6586.259765625,6588.1201171875,6585.02001953125,6586.330078125,22072000
2026-03-25 19:10:00+00:00,6586.4599609375,6590.10009765625,6584.5400390625,6590.009765625,22869000
2026-03-25 19:15:00+00:00,6590.0,6594.759765625,6589.85009765625,6594.25,24579000
2026-03-25 19:20:00+00:00,6594.169921875,6598.7099609375,6593.669921875,6595.83984375,27740000
2026-03-25 19:25:00+00:00,6595.89990234375,6596.2900390625,6591.1298828125,6591.330078125,28141000
2026-03-25 19:30:00+00:00,6591.0498046875,6591.27001953125,6588.93994140625,6590.14013671875,8301000
