Date,Open,High,Low,Close,Volume
2025-12-29 14:30:00+00:00,469.0,469.3999938964844,463.69000244140625,463.8487854003906,3561915
2025-12-29 14:35:00+00:00,464.0,467.6300048828125,463.1300048828125,464.8900146484375,1905453
2025-12-29 14:40:00+00:00,464.8900146484375,466.9599914550781,464.1400146484375,465.7384948730469,1114001
2025-12-29 14:45:00+00:00,465.7099914550781,468.3399963378906,464.6000061035156,465.60260009765625,1226603
2025-12-29 14:50:00+00:00,465.510009765625,466.19000244140625,463.54998779296875,464.55999755859375,1143209
2025-12-29 14:55:00+00:00,464.55999755859375,464.9200134277344,462.3699951171875,462.7300109863281,1231884
2025-12-29 15:00:00+00:00,462.75,464.1000061035156,462.07000732421875,462.1875915527344,1108739
2025-12-29 15:05:00+00:00,462.19000244140625,462.55999755859375,461.32000732421875,461.8800048828125,1149316
2025-12-29 15:10:00+00:00,461.88299560546875,463.7384033203125,461.7200012207031,463.7300109863281,5308183
2025-12-29 15:15:00+00:00,463.7149963378906,464.75,463.2532958984375,464.0849914550781,0
2025-12-29 15:20:00+00:00,464.04998779296875,465.6400146484375,463.6300048828125,465.3349914550781,858504
2025-12-29 15:25:00+00:00,465.36199951171875,466.8800048828125,464.9200134277344,466.2500915527344,1051117
2025-12-29 15:30:00+00:00,466.2300109863281,467.32989501953125,465.42999267578125,467.3088073730469,827037
2025-12-29 15:35:00+00:00,467.30999755859375,467.80999755859375,466.5703125,467.2749938964844,956144
2025-12-29 15:40:00+00:00,467.2900085449219,467.75,466.0899963378906,466.7200012207031,709422
2025-12-29 15:45:00+00:00,466.80999755859375,467.25,465.8800048828125,465.9700012207031,634251
2025-12-29 15:50:00+00:00,465.95001220703125,466.29998779296875,465.2300109863281,466.0400085449219,657420
2025-12-29 15:55:00+00:00,465.9700012207031,467.1499938964844,465.8200988769531,466.69000244140625,556079
2025-12-29 16:00:00+00:00,466.7192077636719,467.3299865722656,466.29998779296875,466.489990234375,454293
2025-12-29 16:05:00+00:00,466.5450134277344,467.0,466.06500244140625,466.3599853515625,382164
2025-12-29 16:10:00+00:00,466.3800048828125,467.75,466.1700134277344,467.3500061035156,518246
2025-12-29 16:15:00+00:00,467.3200988769531,467.5,466.55999755859375,467.30499267578125,406303
2025-12-29 16:20:00+00:00,467.2799987792969,467.57000732421875,466.9800109863281,467.42498779296875,355210
2025-12-29 16:25:00+00:00,467.4215087890625,467.7200012207031,466.7099914550781,467.6300048828125,419513
2025-12-29 16:30:00+00:00,467.6199951171875,468.3550109863281,467.1499938964844,468.0400085449219,619059
2025-12-29 16:35:00+00:00,468.05230712890625,469.20001220703125,467.94000244140625,468.5799865722656,655546
2025-12-29 16:40:00+00:00,468.6199951171875,468.8399963378906,467.75,468.0548095703125,503016
2025-12-29 16:45:00+00:00,468.0450134277344,468.8500061035156,468.010009765625,468.610107421875,383356
2025-12-29 16:50:00+00:00,468.610107421875,468.6600036621094,468.0268859863281,468.3420104980469,328369
2025-12-29 16:55:00+00:00,468.3699951171875,468.69000244140625,467.82000732421875,467.8399963378906,328038
2025-12-29 17:00:00+00:00,467.864990234375,468.22119140625,467.6000061035156,467.8092956542969,383363
2025-12-29 17:05:00+00:00,467.8233947753906,467.8999938964844,466.6499938964844,466.67999267578125,455927
2025-12-29 17:10:00+00:00,466.7099914550781,467.239990234375,466.3689880371094,467.0350036621094,481765
2025-12-29 17:15:00+00:00,467.010009765625,467.2200012207031,466.5,467.1600036621094,331280
2025-12-29 17:20:00+00:00,467.17999267578125,467.25,466.3599853515625,466.4649963378906,299235
2025-12-29 17:25:00+00:00,466.4695129394531,466.54998779296875,465.8699951171875,466.1181945800781,407499
2025-12-29 17:30:00+00:00,466.0950012207031,466.7900085449219,466.0763854980469,466.4200134277344,356299
2025-12-29 17:35:00+00:00,466.3949890136719,466.71990966796875,465.9010925292969,466.0249938964844,317742
2025-12-29 17:40:00+00:00,466.0249938964844,466.1400146484375,465.4100036621094,466.0098876953125,439757
2025-12-29 17:45:00+00:00,465.99609375,466.1600036621094,465.6600036621094,466.0299987792969,289730
2025-12-29 17:50:00+00:00,466.0299987792969,466.3599853515625,465.79998779296875,465.8999938964844,305633
2025-12-29 17:55:00+00:00,465.92999267578125,466.3599853515625,465.70001220703125,465.92999267578125,302402
2025-12-29 18:00:00+00:00,465.95001220703125,465.9700012207031,464.44000244140625,464.8999938964844,618222
2025-12-29 18:05:00+00:00,464.8699951171875,465.19000244140625,464.3900146484375,465.0769958496094,365816
2025-12-29 18:10:00+00:00,465.0523986816406,465.1000061035156,463.9800109863281,464.1300048828125,427941
2025-12-29 18:15:00+00:00,464.1268005371094,464.57000732421875,463.8999938964844,464.0249938964844,383907
2025-12-29 18:20:00+00:00,464.0400085449219,464.2799987792969,463.739990234375,464.22320556640625,349340
2025-12-29 18:25:00+00:00,464.2250061035156,464.2799987792969,463.8999938964844,464.0899963378906,227232
2025-12-29 18:30:00+00:00,464.0600891113281,464.3800048828125,463.5,463.75,389571
2025-12-29 18:35:00+00:00,463.7619934082031,464.2900085449219,463.6700134277344,464.010009765625,319358
2025-12-29 18:40:00+00:00,464.0199890136719,464.052001953125,462.7349853515625,463.1199951171875,539874
2025-12-29 18:45:00+00:00,463.1300048828125,463.1400146484375,462.6872863769531,462.91009521484375,342172
2025-12-29 18:50:00+00:00,462.9096984863281,463.3500061035156,462.75,463.0,348589
2025-12-29 18:55:00+00:00,462.97760009765625,463.19000244140625,462.5400085449219,462.875,363309
2025-12-29 19:00:00+00:00,462.8735046386719,463.42498779296875,462.79010009765625,462.8949890136719,345416
2025-12-29 19:05:00+00:00,462.8949890136719,463.25,462.53680419921875,462.6600036621094,335570
2025-12-29 19:10:00+00:00,462.6700134277344,462.92999267578125,462.2200012207031,462.4800109863281,441650
2025-12-29 19:15:00+00:00,462.5,462.7190856933594,461.9501037597656,462.0150146484375,454532
2025-12-29 19:20:00+00:00,462.0199890136719,463.2998962402344,462.0174865722656,463.10260009765625,494705
2025-12-29 19:25:00+00:00,463.114990234375,463.20001220703125,462.72918701171875,463.010009765625,342596
2025-12-29 19:30:00+00:00,463.0299987792969,463.64990234375,462.95001220703125,463.2247009277344,407227
2025-12-29 19:35:00+00:00,463.2300109863281,463.30999755859375,462.0920104980469,462.5799865722656,474074
2025-12-29 19:40:00+00:00,462.57000732421875,462.8999938964844,462.30999755859375,462.65008544921875,338789
2025-12-29 19:45:00+00:00,462.69000244140625,463.3299865722656,462.69000244140625,463.19500732421875,338949
2025-12-29 19:50:00+00:00,463.17999267578125,463.6400146484375,462.9700012207031,463.55999755859375,311046
2025-12-29 19:55:00+00:00,463.5299987792969,464.3450012207031,463.5299987792969,464.05499267578125,491906
2025-12-29 20:00:00+00:00,464.05499267578125,464.1499938964844,463.0,464.0895080566406,505008
2025-12-29 20:05:00+00:00,464.1000061035156,464.1000061035156,463.340087890625,463.44000244140625,344714
2025-12-29 20:10:00+00:00,463.4100036621094,463.81988525390625,462.79998779296875,463.1099853515625,436261
2025-12-29 20:15:00+00:00,463.0899963378906,463.3500061035156,462.54998779296875,462.625,423203
2025-12-29 20:20:00+00:00,462.61968994140625,463.44000244140625,462.42041015625,463.3900146484375,481078
2025-12-29 20:25:00+00:00,463.4100036621094,463.6600036621094,462.5,462.6700134277344,438983
2025-12-29 20:30:00+00:00,462.69500732421875,462.7499084472656,462.1099853515625,462.2676086425781,420519
2025-12-29 20:35:00+00:00,462.23748779296875,462.3599853515625,461.3399963378906,461.4750061035156,571055
2025-12-29 20:40:00+00:00,461.4540100097656,461.989990234375,460.94000244140625,461.989990234375,786735
2025-12-29 20:45:00+00:00,461.989990234375,462.18499755859375,460.9700012207031,461.19000244140625,656551
2025-12-29 20:50:00+00:00,461.2200012207031,461.6271057128906,459.29998779296875,460.10101318359375,1470915
2025-12-29 20:55:00+00:00,460.1600036621094,461.29998779296875,459.3999938964844,459.6199951171875,1543651
2025-12-30 14:30:00+00:00,460.0,460.7099914550781,456.010009765625,456.3900146484375,2770168
2025-12-30 14:35:00+00:00,456.44500732421875,457.3099060058594,454.7200012207031,455.7593078613281,1423953
2025-12-30 14:40:00+00:00,455.7099914550781,455.98590087890625,453.8299865722656,455.4827880859375,1396000
2025-12-30 14:45:00+00:00,455.4971923828125,457.5000915527344,454.2300109863281,457.5000915527344,1310317
2025-12-30 14:50:00+00:00,457.5,458.5899963378906,457.1000061035156,458.30999755859375,1237595
2025-12-30 14:55:00+00:00,458.3299865722656,459.67999267578125,458.04998779296875,458.89990234375,1157000
2025-12-30 15:00:00+00:00,458.8399963378906,459.6600036621094,458.2799987792969,459.0899963378906,1020881
2025-12-30 15:05:00+00:00,459.1299133300781,460.80999755859375,458.79998779296875,459.8299865722656,1118613
2025-12-30 15:10:00+00:00,459.8100891113281,460.0412902832031,457.9100036621094,459.2524108886719,1040087
2025-12-30 15:15:00+00:00,459.31500244140625,459.6400146484375,457.6600036621094,458.8900146484375,831737
2025-12-30 15:20:00+00:00,458.9169921875,461.0299987792969,458.6400146484375,460.385986328125,1030136
2025-12-30 15:25:00+00:00,460.45001220703125,460.8500061035156,459.8800048828125,460.67999267578125,657004
2025-12-30 15:30:00+00:00,460.6300048828125,461.05999755859375,459.0199890136719,459.3450012207031,683302
2025-12-30 15:35:00+00:00,459.3623962402344,460.7200012207031,459.15008544921875,460.2998962402344,587558
2025-12-30 15:40:00+00:00,460.2998962402344,460.8800048828125,459.9200134277344,460.5480041503906,535896
2025-12-30 15:45:00+00:00,460.5299987792969,460.6300048828125,459.69000244140625,460.1549987792969,424978
2025-12-30 15:50:00+00:00,460.1507873535156,461.19000244140625,460.1000061035156,461.1600036621094,434012
2025-12-30 15:55:00+00:00,461.1600036621094,461.69000244140625,461.0199890136719,461.63470458984375,638861
2025-12-30 16:00:00+00:00,461.6499938964844,462.2099914550781,461.1000061035156,461.67919921875,714056
2025-12-30 16:05:00+00:00,461.7099914550781,461.75,460.8599853515625,461.2799987792969,569015
2025-12-30 16:10:00+00:00,461.2925109863281,461.79998779296875,461.14520263671875,461.4424133300781,355045
2025-12-30 16:15:00+00:00,461.3817138671875,461.6400146484375,460.3699951171875,460.4562072753906,436359
2025-12-30 16:20:00+00:00,460.4836120605469,461.25,460.30999755859375,461.19000244140625,476340
2025-12-30 16:25:00+00:00,461.16259765625,461.2799072265625,460.6400146484375,461.1300048828125,295904
2025-12-30 16:30:00+00:00,461.1099853515625,462.70001220703125,461.0899963378906,462.3500061035156,732992
2025-12-30 16:35:00+00:00,462.37078857421875,462.6000061035156,461.67999267578125,461.9700012207031,499288
2025-12-30 16:40:00+00:00,461.9649963378906,462.6000061035156,461.6600036621094,461.8399963378906,444815
2025-12-30 16:45:00+00:00,461.86248779296875,462.0299987792969,461.35009765625,461.4231872558594,311967
2025-12-30 16:50:00+00:00,461.3800048828125,461.55999755859375,460.7099914550781,461.5299987792969,469710
2025-12-30 16:55:00+00:00,461.4999084472656,462.1700134277344,461.45001220703125,461.6449890136719,524113
2025-12-30 17:00:00+00:00,461.67999267578125,461.94000244140625,460.69000244140625,461.6050109863281,486045
2025-12-30 17:05:00+00:00,461.625,462.3500061035156,461.5306091308594,462.21990966796875,355722
2025-12-30 17:10:00+00:00,462.1590881347656,463.1199951171875,461.8900146484375,462.7300109863281,610436
2025-12-30 17:15:00+00:00,462.760009765625,462.8900146484375,462.2101135253906,462.3800048828125,402303
2025-12-30 17:20:00+00:00,462.3599853515625,462.42498779296875,461.7099914550781,461.7099914550781,333206
2025-12-30 17:25:00+00:00,461.7300109863281,462.3599853515625,461.67999267578125,462.1700134277344,298044
2025-12-30 17:30:00+00:00,462.1300048828125,462.2799987792969,461.79888916015625,461.9700012207031,208234
2025-12-30 17:35:00+00:00,461.9700012207031,462.1499938964844,461.4200134277344,461.6300048828125,261376
2025-12-30 17:40:00+00:00,461.6099853515625,461.7698974609375,460.69000244140625,460.7850036621094,338519
2025-12-30 17:45:00+00:00,460.802490234375,460.92999267578125,459.6942138671875,459.8103942871094,640549
2025-12-30 17:50:00+00:00,459.8294982910156,460.3800048828125,459.70001220703125,460.2300109863281,482656
2025-12-30 17:55:00+00:00,460.2799987792969,460.7864074707031,459.8500061035156,459.9700012207031,473274
2025-12-30 18:00:00+00:00,459.92999267578125,460.0198974609375,458.5799865722656,458.93499755859375,708846
2025-12-30 18:05:00+00:00,458.95001220703125,460.1899108886719,458.8999938964844,460.0899963378906,462257
2025-12-30 18:10:00+00:00,460.1099853515625,460.19989013671875,459.4700012207031,459.6199951171875,369886
2025-12-30 18:15:00+00:00,459.6250915527344,460.4399108886719,459.6000061035156,460.12530517578125,368488
2025-12-30 18:20:00+00:00,460.1099853515625,460.5899963378906,459.8200988769531,459.8992919921875,343839
2025-12-30 18:25:00+00:00,459.8900146484375,460.5299987792969,459.75,460.4960021972656,296403
2025-12-30 18:30:00+00:00,460.4700012207031,460.739990234375,459.9200134277344,459.9949951171875,322063
2025-12-30 18:35:00+00:00,460.010009765625,460.1000061035156,459.42010498046875,459.58349609375,337929
2025-12-30 18:40:00+00:00,459.5400085449219,459.6199951171875,458.3999938964844,459.0150146484375,537686
2025-12-30 18:45:00+00:00,459.0050048828125,459.4700012207031,458.8500061035156,459.44000244140625,297683
2025-12-30 18:50:00+00:00,459.41009521484375,459.489990234375,458.25,458.6799011230469,406032
2025-12-30 18:55:00+00:00,458.6650085449219,459.2699890136719,458.6099853515625,459.0398864746094,307031
2025-12-30 19:00:00+00:00,459.0,459.2300109863281,458.04998779296875,458.1300048828125,380599
2025-12-30 19:05:00+00:00,458.1000061035156,458.6199951171875,457.8800048828125,458.4100036621094,390534
2025-12-30 19:10:00+00:00,458.4100036621094,458.8999938964844,458.29998779296875,458.489990234375,281463
2025-12-30 19:15:00+00:00,458.4989929199219,458.69000244140625,458.0899963378906,458.3599853515625,244631
2025-12-30 19:20:00+00:00,458.3652038574219,459.6700134277344,458.3399963378906,459.4374084472656,442111
2025-12-30 19:25:00+00:00,459.40008544921875,459.45989990234375,458.5700988769531,458.614990234375,261248
2025-12-30 19:30:00+00:00,458.6000061035156,458.7099914550781,457.7101135253906,457.92999267578125,377170
2025-12-30 19:35:00+00:00,457.93701171875,457.93701171875,457.2799987792969,457.5299987792969,466696
2025-12-30 19:40:00+00:00,457.5480041503906,458.0190124511719,457.28009033203125,457.7820129394531,338573
2025-12-30 19:45:00+00:00,457.7752990722656,457.9700012207031,457.25,457.2799987792969,336561
2025-12-30 19:50:00+00:00,457.2900085449219,458.07000732421875,457.07000732421875,458.0589904785156,403058
2025-12-30 19:55:00+00:00,458.05999755859375,458.5899963378906,457.75,457.9039001464844,483820
2025-12-30 20:00:00+00:00,457.8599853515625,458.29998779296875,457.75,457.94500732421875,307013
2025-12-30 20:05:00+00:00,457.9599914550781,458.04998779296875,456.94000244140625,457.3302001953125,507918
2025-12-30 20:10:00+00:00,457.3132019042969,457.4200134277344,456.2001037597656,456.3800048828125,636967
2025-12-30 20:15:00+00:00,456.375,457.20001220703125,456.1000061035156,456.981689453125,463075
2025-12-30 20:20:00+00:00,457.02679443359375,457.45001220703125,456.5799865722656,457.19000244140625,422035
2025-12-30 20:25:00+00:00,457.19000244140625,457.239990234375,456.1000061035156,456.1199951171875,390138
2025-12-30 20:30:00+00:00,456.1400146484375,456.4299011230469,455.8299865722656,456.2699890136719,560959
2025-12-30 20:35:00+00:00,456.29998779296875,456.4599914550781,455.7001037597656,455.80999755859375,439562
2025-12-30 20:40:00+00:00,455.81439208984375,456.239990234375,455.5199890136719,455.70001220703125,522473
2025-12-30 20:45:00+00:00,455.6700134277344,455.9574890136719,455.45001220703125,455.7799987792969,374548
2025-12-30 20:50:00+00:00,455.8599853515625,456.1600036621094,454.3999938964844,454.9800109863281,938473
2025-12-30 20:55:00+00:00,454.95001220703125,455.2300109863281,454.0400085449219,454.42999267578125,1114464
2025-12-31 14:30:00+00:00,456.0,456.5480041503906,452.6199951171875,455.0704040527344,2290006
2025-12-31 14:35:00+00:00,455.0299987792969,456.5,453.7305908203125,454.24749755859375,1135347
2025-12-31 14:40:00+00:00,454.239990234375,455.6700134277344,453.7799987792969,454.55999755859375,883912
2025-12-31 14:45:00+00:00,454.55999755859375,454.989990234375,453.3699951171875,454.8949890136719,801200
2025-12-31 14:50:00+00:00,454.9198913574219,455.3799133300781,454.1099853515625,454.8949890136719,652285
2025-12-31 14:55:00+00:00,454.88470458984375,455.30938720703125,453.8500061035156,454.46759033203125,622792
2025-12-31 15:00:00+00:00,454.3800048828125,455.2300109863281,454.29998779296875,454.7300109863281,478678
2025-12-31 15:05:00+00:00,454.69000244140625,455.0,453.3500061035156,453.5899963378906,569321
2025-12-31 15:10:00+00:00,453.6050109863281,454.0199890136719,452.29998779296875,453.4100036621094,831877
2025-12-31 15:15:00+00:00,453.4798889160156,454.6300048828125,453.1300048828125,453.4700012207031,3183353
2025-12-31 15:20:00+00:00,453.4700012207031,454.1199951171875,453.20001220703125,453.82000732421875,0
2025-12-31 15:25:00+00:00,453.7500915527344,454.94000244140625,453.7200012207031,454.5899963378906,575458
2025-12-31 15:30:00+00:00,454.55999755859375,455.09991455078125,454.2001037597656,454.9187927246094,486461
2025-12-31 15:35:00+00:00,454.9200134277344,455.239990234375,454.2699890136719,454.29998779296875,422837
2025-12-31 15:40:00+00:00,454.3599853515625,454.8999938964844,453.6099853515625,454.760009765625,443201
2025-12-31 15:45:00+00:00,454.7699890136719,455.1400146484375,454.3599853515625,455.0199890136719,422714
2025-12-31 15:50:00+00:00,454.94000244140625,455.1600036621094,454.2900085449219,454.43499755859375,361695
2025-12-31 15:55:00+00:00,454.3999938964844,454.4399108886719,453.67999267578125,454.0,377289
2025-12-31 16:00:00+00:00,453.95001220703125,454.1698913574219,453.55999755859375,453.9700012207031,331477
2025-12-31 16:05:00+00:00,453.9100036621094,454.04998779296875,453.29010009765625,453.4299011230469,319219
2025-12-31 16:10:00+00:00,453.3999938964844,454.45001220703125,453.3500061035156,454.2275085449219,484109
2025-12-31 16:15:00+00:00,454.239990234375,454.2699890136719,453.4800109863281,454.0,303339
2025-12-31 16:20:00+00:00,454.0150146484375,454.17999267578125,453.55999755859375,453.67999267578125,230191
2025-12-31 16:25:00+00:00,453.6650085449219,453.9049987792969,453.2601013183594,453.81500244140625,290235
2025-12-31 16:30:00+00:00,453.8500061035156,453.8500061035156,452.5799865722656,452.92999267578125,417275
2025-12-31 16:35:00+00:00,452.9150085449219,453.6199951171875,452.7200012207031,453.4700927734375,395817
2025-12-31 16:40:00+00:00,453.50531005859375,453.5668029785156,453.05999755859375,453.25,236084
2025-12-31 16:45:00+00:00,453.25,453.2799987792969,452.6600036621094,453.0986022949219,275864
2025-12-31 16:50:00+00:00,453.0899963378906,453.8800048828125,452.9088134765625,453.66839599609375,382281
2025-12-31 16:55:00+00:00,453.6528015136719,454.2499084472656,453.6000061035156,454.05999755859375,349614
2025-12-31 17:00:00+00:00,454.04998779296875,454.1025085449219,453.6000061035156,453.79998779296875,285014
2025-12-31 17:05:00+00:00,453.7799987792969,454.0,453.3699951171875,453.510009765625,285658
2025-12-31 17:10:00+00:00,453.5199890136719,453.5799865722656,453.1549987792969,453.5,240145
2025-12-31 17:15:00+00:00,453.5150146484375,454.1499938964844,453.3699951171875,454.1099853515625,301093
2025-12-31 17:20:00+00:00,454.1099853515625,454.20001220703125,453.68011474609375,453.92498779296875,247668
2025-12-31 17:25:00+00:00,453.93701171875,454.6199951171875,453.75,454.6000061035156,361569
2025-12-31 17:30:00+00:00,454.6400146484375,455.8399963378906,454.60009765625,455.6300048828125,734553
2025-12-31 17:35:00+00:00,455.6412048339844,455.8240051269531,454.6199951171875,454.7950134277344,607388
2025-12-31 17:40:00+00:00,454.79150390625,455.1300048828125,454.6400146484375,454.7449951171875,333265
2025-12-31 17:45:00+00:00,454.7449951171875,454.875,454.2099914550781,454.4150085449219,362474
2025-12-31 17:50:00+00:00,454.3949890136719,454.44000244140625,453.260009765625,453.3456115722656,518717
2025-12-31 17:55:00+00:00,453.3800048828125,453.75,453.29998779296875,453.55999755859375,285525
2025-12-31 18:00:00+00:00,453.6099853515625,454.0,453.5,453.8399963378906,241228
2025-12-31 18:05:00+00:00,453.8399963378906,454.4200134277344,453.42999267578125,454.2650146484375,341087
2025-12-31 18:10:00+00:00,454.27069091796875,455.3500061035156,454.2300109863281,454.75,533415
2025-12-31 18:15:00+00:00,454.75,454.8706970214844,454.4100036621094,454.5450134277344,274743
2025-12-31 18:20:00+00:00,454.5321044921875,454.9999084472656,454.510009765625,454.7550048828125,235324
2025-12-31 18:25:00+00:00,454.7304992675781,455.0899963378906,454.29998779296875,454.8550109863281,290335
2025-12-31 18:30:00+00:00,454.8399963378906,455.0799865722656,454.4700012207031,454.99798583984375,222393
2025-12-31 18:35:00+00:00,454.9800109863281,455.0530090332031,454.1600036621094,454.45001220703125,281469
2025-12-31 18:40:00+00:00,454.47808837890625,454.9049987792969,454.3699951171875,454.6488952636719,200935
2025-12-31 18:45:00+00:00,454.6199951171875,454.8900146484375,454.53009033203125,454.54998779296875,148284
2025-12-31 18:50:00+00:00,454.56500244140625,454.864990234375,454.260009765625,454.625,184307
2025-12-31 18:55:00+00:00,454.6300048828125,454.6700134277344,453.7200012207031,453.8200988769531,266509
2025-12-31 19:00:00+00:00,453.8299865722656,453.9800109863281,453.5,453.80999755859375,309430
2025-12-31 19:05:00+00:00,453.80999755859375,453.8800048828125,453.44000244140625,453.8341979980469,196475
2025-12-31 19:10:00+00:00,453.80999755859375,453.9599914550781,453.6575012207031,453.885009765625,167125
2025-12-31 19:15:00+00:00,453.8999938964844,453.8999938964844,453.38360595703125,453.8039855957031,214637
2025-12-31 19:20:00+00:00,453.80999755859375,453.80999755859375,452.8999938964844,453.20001220703125,317827
2025-12-31 19:25:00+00:00,453.2200012207031,453.3500061035156,452.6499938964844,453.2650146484375,335883
2025-12-31 19:30:00+00:00,453.2799987792969,453.3800048828125,451.8500061035156,452.0199890136719,448533
2025-12-31 19:35:00+00:00,452.05999755859375,452.6839904785156,451.75,451.7992858886719,387146
2025-12-31 19:40:00+00:00,451.80999755859375,452.6099853515625,451.760009765625,452.4667053222656,326837
2025-12-31 19:45:00+00:00,452.49420166015625,452.5198974609375,451.67999267578125,451.8500061035156,352181
2025-12-31 19:50:00+00:00,451.8349914550781,452.3800048828125,451.5862121582031,451.7449951171875,401181
2025-12-31 19:55:00+00:00,451.7698974609375,451.8800048828125,451.2401123046875,451.7799987792969,408345
2025-12-31 20:00:00+00:00,451.7900085449219,451.8500061035156,450.6199951171875,450.7099914550781,546696
2025-12-31 20:05:00+00:00,450.6659851074219,451.0338134765625,449.70001220703125,449.9849853515625,950672
2025-12-31 20:10:00+00:00,449.95001220703125,450.47491455078125,449.65020751953125,450.3999938964844,516546
2025-12-31 20:15:00+00:00,450.3399963378906,451.0574035644531,450.260009765625,450.3800048828125,439688
2025-12-31 20:20:00+00:00,450.3500061035156,450.3699951171875,449.5,450.1875,541222
2025-12-31 20:25:00+00:00,450.20001220703125,450.25,449.44000244140625,449.5,484824
2025-12-31 20:30:00+00:00,449.5398864746094,450.1700134277344,449.29998779296875,449.6300048828125,486205
2025-12-31 20:35:00+00:00,449.6499938964844,450.409912109375,449.5899963378906,450.2200012207031,497614
2025-12-31 20:40:00+00:00,450.2200927734375,450.6499938964844,449.82000732421875,450.6000061035156,420262
2025-12-31 20:45:00+00:00,450.5899963378906,450.9299011230469,450.3399963378906,450.3399963378906,471885
2025-12-31 20:50:00+00:00,450.3500061035156,450.42999267578125,449.6499938964844,450.0799865722656,690456
2025-12-31 20:55:00+00:00,450.1099853515625,450.8984069824219,449.44000244140625,449.54998779296875,1483404
2026-01-02 14:30:00+00:00,457.7511901855469,458.3299865722656,453.32000732421875,453.8949890136719,5371060
2026-01-02 14:35:00+00:00,453.94000244140625,454.09149169921875,451.3900146484375,451.864990234375,1213248
2026-01-02 14:40:00+00:00,451.8949890136719,452.4507141113281,450.44000244140625,450.489990234375,963581
2026-01-02 14:45:00+00:00,450.55999755859375,452.67999267578125,449.5,452.4700012207031,1592594
2026-01-02 14:50:00+00:00,452.4800109863281,454.4599914550781,452.4800109863281,453.2099914550781,1223947
2026-01-02 14:55:00+00:00,453.19989013671875,453.8599853515625,452.3299865722656,452.5299987792969,706939
2026-01-02 15:00:00+00:00,452.5740966796875,454.3599853515625,452.510009765625,453.4800109863281,767691
2026-01-02 15:05:00+00:00,453.3800048828125,454.1199951171875,452.70001220703125,453.2250061035156,710470
2026-01-02 15:10:00+00:00,453.19000244140625,453.4068908691406,448.75,449.0,1243866
2026-01-02 15:15:00+00:00,449.010009765625,449.5400085449219,446.7300109863281,447.4100036621094,1334406
2026-01-02 15:20:00+00:00,447.4100036621094,447.45001220703125,444.92999267578125,445.6700134277344,1362809
2026-01-02 15:25:00+00:00,445.6300048828125,446.19000244140625,444.3699951171875,445.1000061035156,976385
2026-01-02 15:30:00+00:00,445.0799865722656,447.1000061035156,444.2099914550781,446.989990234375,1052016
2026-01-02 15:35:00+00:00,446.9800109863281,447.69000244140625,445.8800048828125,446.510009765625,982662
2026-01-02 15:40:00+00:00,446.5400085449219,448.25,446.2650146484375,447.8399963378906,811606
2026-01-02 15:45:00+00:00,447.82000732421875,448.2300109863281,446.32000732421875,446.42999267578125,756946
2026-01-02 15:50:00+00:00,446.4700012207031,446.75,444.5,444.9649963378906,954873
2026-01-02 15:55:00+00:00,444.9849853515625,446.0799865722656,442.42010498046875,443.0794982910156,1183539
2026-01-02 16:00:00+00:00,443.0799865722656,443.20001220703125,441.1000061035156,441.6000061035156,975522
2026-01-02 16:05:00+00:00,441.5849914550781,442.7799987792969,440.8999938964844,442.7300109863281,858378
2026-01-02 16:10:00+00:00,442.69000244140625,443.54998779296875,440.9501953125,443.5260009765625,863243
2026-01-02 16:15:00+00:00,443.5299987792969,444.1000061035156,442.1199951171875,442.3599853515625,787322
2026-01-02 16:20:00+00:00,442.3800048828125,443.7828063964844,441.760009765625,443.59600830078125,663030
2026-01-02 16:25:00+00:00,443.6199951171875,444.82000732421875,443.32000732421875,444.0799865722656,691445
2026-01-02 16:30:00+00:00,444.05999755859375,445.1535949707031,443.3500061035156,445.1400146484375,611906
2026-01-02 16:35:00+00:00,445.1499938964844,445.3299865722656,444.1099853515625,444.3900146484375,596358
2026-01-02 16:40:00+00:00,444.42498779296875,444.75,443.29998779296875,443.3599853515625,430529
2026-01-02 16:45:00+00:00,443.3399963378906,444.1099853515625,442.8301086425781,443.3900146484375,505298
2026-01-02 16:50:00+00:00,443.30999755859375,443.4700012207031,441.5799865722656,441.81500244140625,549667
2026-01-02 16:55:00+00:00,441.7900085449219,442.489990234375,441.6679992675781,442.37200927734375,422670
2026-01-02 17:00:00+00:00,442.385009765625,442.57000732421875,441.760009765625,442.0700988769531,687814
2026-01-02 17:05:00+00:00,442.160888671875,442.8999938964844,441.510009765625,441.8399963378906,496532
2026-01-02 17:10:00+00:00,441.8599853515625,442.95001220703125,441.2900085449219,442.8500061035156,589324
2026-01-02 17:15:00+00:00,442.8111877441406,443.07000732421875,442.3500061035156,442.3900146484375,376339
2026-01-02 17:20:00+00:00,442.3900146484375,442.4800109863281,441.6000061035156,441.739990234375,377075
2026-01-02 17:25:00+00:00,441.70001220703125,441.8500061035156,441.04998779296875,441.760009765625,495661
2026-01-02 17:30:00+00:00,441.79998779296875,442.5899963378906,440.95001220703125,441.135009765625,529428
2026-01-02 17:35:00+00:00,441.110107421875,441.3786926269531,440.3900146484375,440.8999938964844,471749
2026-01-02 17:40:00+00:00,440.8800048828125,441.5,440.7799987792969,441.135009765625,428158
2026-01-02 17:45:00+00:00,441.1199951171875,441.4100036621094,439.80999755859375,440.4996032714844,762304
2026-01-02 17:50:00+00:00,440.4750061035156,440.7699890136719,439.989990234375,440.57000732421875,585214
2026-01-02 17:55:00+00:00,440.54998779296875,440.7799987792969,439.6600036621094,439.9299011230469,520381
2026-01-02 18:00:00+00:00,439.9100036621094,440.75,439.6200866699219,440.44989013671875,485025
2026-01-02 18:05:00+00:00,440.3999938964844,440.6099853515625,439.82000732421875,440.1099853515625,398593
2026-01-02 18:10:00+00:00,440.1099853515625,440.42999267578125,439.75,439.989990234375,343526
2026-01-02 18:15:00+00:00,439.9599914550781,439.9800109863281,439.0400085449219,439.1199951171875,573607
2026-01-02 18:20:00+00:00,439.1300048828125,439.2799987792969,438.0899963378906,438.54998779296875,814945
2026-01-02 18:25:00+00:00,438.57000732421875,438.6799011230469,437.9200134277344,438.39990234375,463922
2026-01-02 18:30:00+00:00,438.3800048828125,438.5592956542969,437.2300109863281,437.4599914550781,621417
2026-01-02 18:35:00+00:00,437.4700012207031,437.5,436.6099853515625,436.8599853515625,690224
2026-01-02 18:40:00+00:00,436.8399963378906,437.2063903808594,436.6199951171875,436.67999267578125,513954
2026-01-02 18:45:00+00:00,436.6600036621094,437.2876892089844,435.489990234375,435.8299865722656,757610
2026-01-02 18:50:00+00:00,435.8799133300781,436.29998779296875,435.4200134277344,436.17498779296875,685942
2026-01-02 18:55:00+00:00,436.19000244140625,436.19000244140625,435.29998779296875,435.860107421875,488340
2026-01-02 19:00:00+00:00,435.8599853515625,436.8800048828125,435.6200866699219,436.8399963378906,570591
2026-01-02 19:05:00+00:00,436.8800048828125,438.0,436.8399963378906,437.8584899902344,749937
2026-01-02 19:10:00+00:00,437.7799987792969,438.6300048828125,437.7300109863281,438.4100036621094,592148
2026-01-02 19:15:00+00:00,438.44000244140625,438.5199890136719,437.25,437.4100036621094,617479
2026-01-02 19:20:00+00:00,437.3999938964844,438.5799865722656,437.1000061035156,438.2900085449219,549096
2026-01-02 19:25:00+00:00,438.2601013183594,438.5799865722656,437.7200012207031,438.4100036621094,496419
2026-01-02 19:30:00+00:00,438.3800048828125,439.7799987792969,438.3800048828125,439.7300109863281,769755
2026-01-02 19:35:00+00:00,439.7099914550781,440.2900085449219,439.4200134277344,440.0,653169
2026-01-02 19:40:00+00:00,440.0,440.67999267578125,439.8599853515625,440.54998779296875,727939
2026-01-02 19:45:00+00:00,440.5400085449219,441.3399963378906,440.510009765625,441.3399963378906,689376
2026-01-02 19:50:00+00:00,441.3500061035156,441.6199951171875,440.6600036621094,441.1400146484375,572399
2026-01-02 19:55:00+00:00,441.1600036621094,441.489990234375,439.92999267578125,440.30999755859375,620672
2026-01-02 20:00:00+00:00,440.32000732421875,441.3999938964844,440.1300048828125,441.114990234375,549789
2026-01-02 20:05:00+00:00,441.1199951171875,441.2348937988281,440.54998779296875,440.8399963378906,412150
2026-01-02 20:10:00+00:00,440.8399963378906,441.32000732421875,440.6000061035156,440.8869934082031,429747
2026-01-02 20:15:00+00:00,440.8828125,441.3299865722656,440.7300109863281,441.0400085449219,412648
2026-01-02 20:20:00+00:00,441.0150146484375,441.2699890136719,440.239990234375,440.2699890136719,462535
2026-01-02 20:25:00+00:00,440.239990234375,440.7200012207031,439.8500061035156,440.3500061035156,486057
2026-01-02 20:30:00+00:00,440.3299865722656,440.5159912109375,439.0899963378906,439.2749938964844,589402
2026-01-02 20:35:00+00:00,439.2799987792969,439.7493896484375,439.0,439.1319885253906,483253
2026-01-02 20:40:00+00:00,439.13800048828125,439.37811279296875,438.4830017089844,438.5350036621094,581886
2026-01-02 20:45:00+00:00,438.54998779296875,438.989990234375,438.3500061035156,438.92999267578125,520927
2026-01-02 20:50:00+00:00,438.9200134277344,439.3299865722656,438.1199951171875,438.5899963378906,788947
2026-01-02 20:55:00+00:00,438.67498779296875,438.9200134277344,437.6000061035156,438.1000061035156,1366225
2026-01-05 14:30:00+00:00,447.25,451.1000061035156,444.57000732421875,450.7695007324219,3599298
2026-01-05 14:35:00+00:00,450.739990234375,451.8900146484375,449.29998779296875,451.4649963378906,1576638
2026-01-05 14:40:00+00:00,451.4700012207031,453.3299865722656,450.3500061035156,452.44000244140625,1451553
2026-01-05 14:45:00+00:00,452.43499755859375,454.5,451.8500061035156,453.55999755859375,1477697
2026-01-05 14:50:00+00:00,453.5299987792969,453.83880615234375,451.4200134277344,452.17999267578125,982319
2026-01-05 14:55:00+00:00,452.1099853515625,452.6499938964844,450.82000732421875,452.54998779296875,975775
2026-01-05 15:00:00+00:00,452.5249938964844,453.8699951171875,451.30999755859375,453.5199890136719,1089306
2026-01-05 15:05:00+00:00,453.5199890136719,453.6899108886719,452.6000061035156,453.43701171875,786254
2026-01-05 15:10:00+00:00,453.44500732421875,455.2799987792969,453.1708068847656,454.6199951171875,1284681
2026-01-05 15:15:00+00:00,454.6000061035156,455.8900146484375,454.5899963378906,455.4324035644531,963852
2026-01-05 15:20:00+00:00,455.42999267578125,455.5599060058594,453.80999755859375,453.9200134277344,852472
2026-01-05 15:25:00+00:00,453.8500061035156,455.54998779296875,452.7699890136719,455.32000732421875,1049220
2026-01-05 15:30:00+00:00,455.2900085449219,456.6499938964844,455.0700988769531,456.26251220703125,906356
2026-01-05 15:35:00+00:00,456.2699890136719,456.4100036621094,455.0,455.55999755859375,651045
2026-01-05 15:40:00+00:00,455.55999755859375,456.25,454.80999755859375,454.9700012207031,701768
2026-01-05 15:45:00+00:00,454.9849853515625,455.92999267578125,454.9849853515625,455.44000244140625,629749
2026-01-05 15:50:00+00:00,455.4200134277344,456.0,454.79998779296875,455.9100036621094,524992
2026-01-05 15:55:00+00:00,455.8699951171875,455.95001220703125,454.6199951171875,454.9800109863281,483370
2026-01-05 16:00:00+00:00,455.0150146484375,455.7699890136719,454.45001220703125,455.19500732421875,551989
2026-01-05 16:05:00+00:00,455.2330017089844,455.7799987792969,454.9800109863281,455.54998779296875,471845
2026-01-05 16:10:00+00:00,455.5400085449219,455.81988525390625,454.44000244140625,454.7749938964844,511309
2026-01-05 16:15:00+00:00,454.7749938964844,455.0899963378906,453.8599853515625,453.92999267578125,483665
2026-01-05 16:20:00+00:00,453.95709228515625,454.1199951171875,453.2699890136719,453.718505859375,447786
2026-01-05 16:25:00+00:00,453.7284851074219,454.2300109863281,453.56500244140625,454.0299987792969,451545
2026-01-05 16:30:00+00:00,454.04998779296875,455.1000061035156,453.9599914550781,454.42498779296875,526385
2026-01-05 16:35:00+00:00,454.42498779296875,455.0799865722656,454.1300048828125,455.010009765625,347317
2026-01-05 16:40:00+00:00,455.010009765625,455.1000061035156,454.3900146484375,454.46990966796875,323936
2026-01-05 16:45:00+00:00,454.42999267578125,455.3299865722656,454.42010498046875,454.6300048828125,399360
2026-01-05 16:50:00+00:00,454.70001220703125,455.7799987792969,454.6000061035156,455.3699951171875,472109
2026-01-05 16:55:00+00:00,455.3550109863281,456.54998779296875,455.260009765625,455.79010009765625,699519
2026-01-05 17:00:00+00:00,455.8399963378906,456.2698974609375,455.3500061035156,456.2099914550781,459698
2026-01-05 17:05:00+00:00,456.19000244140625,456.67999267578125,455.80999755859375,456.42999267578125,618536
2026-01-05 17:10:00+00:00,456.42498779296875,457.5498962402344,456.3900146484375,457.2601013183594,654963
2026-01-05 17:15:00+00:00,457.2650146484375,457.32000732421875,456.5799865722656,456.6050109863281,433166
2026-01-05 17:20:00+00:00,456.5950012207031,456.8500061035156,456.010009765625,456.0574951171875,390885
2026-01-05 17:25:00+00:00,456.0400085449219,456.2900085449219,455.25,456.0299987792969,519713
2026-01-05 17:30:00+00:00,456.0299987792969,456.1499938964844,455.45001220703125,455.86151123046875,335966
2026-01-05 17:35:00+00:00,455.8599853515625,456.32000732421875,455.55999755859375,455.8399963378906,342636
2026-01-05 17:40:00+00:00,455.8399963378906,456.1099853515625,455.0899963378906,455.1700134277344,270356
2026-01-05 17:45:00+00:00,455.1700134277344,455.8999938964844,455.05999755859375,455.6499938964844,354922
2026-01-05 17:50:00+00:00,455.67999267578125,455.8900146484375,455.29998779296875,455.7972106933594,235124
2026-01-05 17:55:00+00:00,455.82000732421875,456.3399963378906,455.2200012207031,455.3349914550781,376941
2026-01-05 18:00:00+00:00,455.3500061035156,455.3599853515625,454.510009765625,454.614990234375,422118
2026-01-05 18:05:00+00:00,454.6400146484375,455.1099853515625,454.5,455.0400085449219,291168
2026-01-05 18:10:00+00:00,455.0400085449219,455.4784851074219,454.6000061035156,454.7919921875,324060
2026-01-05 18:15:00+00:00,454.7799987792969,454.8135986328125,453.80999755859375,454.30999755859375,444082
2026-01-05 18:20:00+00:00,454.2900085449219,454.7200012207031,453.7900085449219,454.5498962402344,363279
2026-01-05 18:25:00+00:00,454.5299987792969,455.1499938964844,454.44000244140625,454.7099914550781,298325
2026-01-05 18:30:00+00:00,454.67999267578125,455.25,454.4800109863281,454.8900146484375,277996
2026-01-05 18:35:00+00:00,454.8699951171875,455.20001220703125,454.3301086425781,454.9849853515625,338623
2026-01-05 18:40:00+00:00,454.9902038574219,456.3299865722656,454.8599853515625,456.25,448187
2026-01-05 18:45:00+00:00,456.2854919433594,456.57000732421875,455.80999755859375,456.20001220703125,474490
2026-01-05 18:50:00+00:00,456.19000244140625,456.45001220703125,455.92999267578125,456.32000732421875,282013
2026-01-05 18:55:00+00:00,456.2900085449219,457.0400085449219,456.1400146484375,456.9649963378906,369025
2026-01-05 19:00:00+00:00,456.95001220703125,457.1000061035156,456.5899963378906,456.6400146484375,331761
2026-01-05 19:05:00+00:00,456.6000061035156,456.64990234375,455.8699951171875,456.0498962402344,387435
2026-01-05 19:10:00+00:00,456.0159912109375,456.3800048828125,455.7650146484375,455.9599914550781,325494
2026-01-05 19:15:00+00:00,455.9549865722656,456.5199890136719,455.8299865722656,456.2699890136719,251346
2026-01-05 19:20:00+00:00,456.25,456.4700012207031,456.0,456.0899963378906,212772
2026-01-05 19:25:00+00:00,456.1300048828125,456.25,455.6499938964844,455.7550048828125,245273
2026-01-05 19:30:00+00:00,455.7355041503906,455.7799987792969,455.29998779296875,455.5,267494
2026-01-05 19:35:00+00:00,455.4971923828125,455.67999267578125,454.70001220703125,454.7139892578125,359294
2026-01-05 19:40:00+00:00,454.6814880371094,455.0,453.8500061035156,454.45001220703125,536848
2026-01-05 19:45:00+00:00,454.44500732421875,455.7799987792969,454.3800048828125,455.5899963378906,628405
2026-01-05 19:50:00+00:00,455.57000732421875,455.57000732421875,454.3301086425781,454.67999267578125,475158
2026-01-05 19:55:00+00:00,454.67279052734375,455.45001220703125,454.6700134277344,455.2300109863281,392304
2026-01-05 20:00:00+00:00,455.2200012207031,455.29998779296875,454.30999755859375,454.3399963378906,365615
2026-01-05 20:05:00+00:00,454.3800048828125,455.29998779296875,454.2099914550781,455.17999267578125,414907
2026-01-05 20:10:00+00:00,455.17999267578125,455.6885986328125,455.17498779296875,455.3380126953125,356841
2026-01-05 20:15:00+00:00,455.3299865722656,455.70001220703125,455.1700134277344,455.260009765625,278679
2026-01-05 20:20:00+00:00,455.2632141113281,456.17999267578125,455.1000061035156,455.8800048828125,443578
2026-01-05 20:25:00+00:00,455.8699951171875,456.2300109863281,455.6600036621094,456.2099914550781,334529
2026-01-05 20:30:00+00:00,456.2250061035156,456.239990234375,454.80999755859375,454.8900146484375,500677
2026-01-05 20:35:00+00:00,454.8999938964844,455.1899108886719,454.6499938964844,454.6600036621094,453765
2026-01-05 20:40:00+00:00,454.6499938964844,454.95001220703125,454.3399963378906,454.77410888671875,449825
2026-01-05 20:45:00+00:00,454.7699890136719,455.3500061035156,454.45001220703125,454.6600036621094,476512
2026-01-05 20:50:00+00:00,454.67999267578125,454.7699890136719,452.20001220703125,452.909912109375,1063130
2026-01-05 20:55:00+00:00,452.8599853515625,452.8599853515625,450.8599853515625,451.69000244140625,2099789
2026-01-06 14:30:00+00:00,444.1499938964844,444.2698974609375,439.4599914550781,439.92999267578125,3862974
2026-01-06 14:35:00+00:00,439.9508056640625,440.70001220703125,438.4100036621094,439.39080810546875,1631720
2026-01-06 14:40:00+00:00,439.3699951171875,439.7200012207031,437.6400146484375,438.1415100097656,1038209
2026-01-06 14:45:00+00:00,438.5299987792969,438.989990234375,437.54998779296875,437.9247131347656,1677201
2026-01-06 14:50:00+00:00,437.92999267578125,439.67999267578125,437.70001220703125,437.8475036621094,1385181
2026-01-06 14:55:00+00:00,437.8399963378906,437.8900146484375,436.17999267578125,436.80999755859375,1578505
2026-01-06 15:00:00+00:00,436.760009765625,437.3900146484375,435.3900146484375,437.1341857910156,1608203
2026-01-06 15:05:00+00:00,437.1217956542969,438.6099853515625,437.0,437.79998779296875,1268868
2026-01-06 15:10:00+00:00,437.80999755859375,439.1180114746094,437.20001220703125,438.6575012207031,1140987
2026-01-06 15:15:00+00:00,438.6600036621094,439.1499938964844,437.7699890136719,438.260009765625,892267
2026-01-06 15:20:00+00:00,438.239990234375,439.3297119140625,437.6600036621094,438.8500061035156,903521
2026-01-06 15:25:00+00:00,438.82708740234375,439.44000244140625,438.3599853515625,439.0591125488281,741558
2026-01-06 15:30:00+00:00,439.04998779296875,439.3500061035156,438.1700134277344,438.4599914550781,626517
2026-01-06 15:35:00+00:00,438.489990234375,438.6700134277344,437.2300109863281,437.3450012207031,670009
2026-01-06 15:40:00+00:00,436.19000244140625,436.94000244140625,436.0799865722656,436.7799987792969,1069434
2026-01-06 15:45:00+00:00,436.07501220703125,437.1099853515625,435.9949951171875,437.0299987792969,902746
2026-01-06 15:50:00+00:00,436.989990234375,437.04998779296875,434.739990234375,434.8900146484375,1008318
2026-01-06 15:55:00+00:00,434.93499755859375,435.2137145996094,434.4200134277344,434.70001220703125,1025829
2026-01-06 16:00:00+00:00,434.6499938964844,434.6499938964844,433.7200012207031,433.80999755859375,813288
2026-01-06 16:05:00+00:00,433.6007080078125,434.07000732421875,432.75,433.3399963378906,1335933
2026-01-06 16:10:00+00:00,433.3800048828125,434.010009765625,433.1400146484375,433.8363952636719,776125
2026-01-06 16:15:00+00:00,433.409912109375,433.5,433.0,433.19000244140625,604699
2026-01-06 16:20:00+00:00,432.29998779296875,433.04998779296875,432.2799987792969,432.9949951171875,761640
2026-01-06 16:25:00+00:00,432.0299987792969,432.17999267578125,431.80999755859375,431.8550109863281,907810
2026-01-06 16:30:00+00:00,431.8599853515625,432.2200012207031,431.75,431.8399963378906,685970
2026-01-06 16:35:00+00:00,431.8500061035156,432.6499938964844,431.7464904785156,432.5,693306
2026-01-06 16:40:00+00:00,432.510009765625,433.3299865722656,431.80999755859375,432.1400146484375,746347
2026-01-06 16:45:00+00:00,432.1600036621094,432.4700012207031,432.06201171875,432.1700134277344,152033
2026-01-06 16:50:00+00:00,431.7650146484375,431.8299865722656,430.8999938964844,430.95001220703125,1244332
2026-01-06 16:55:00+00:00,430.94000244140625,431.04998779296875,430.3200988769531,430.9501037597656,708293
2026-01-06 17:00:00+00:00,431.2749938964844,431.5899963378906,430.3999938964844,430.56500244140625,827446
2026-01-06 17:05:00+00:00,431.1708984375,431.2300109863281,430.5,430.9100036621094,675817
2026-01-06 17:10:00+00:00,430.9200134277344,430.9599914550781,430.760009765625,430.7749938964844,411628
2026-01-06 17:15:00+00:00,430.7601013183594,431.7099914550781,430.75,431.6571960449219,348850
2026-01-06 17:20:00+00:00,431.84100341796875,432.510009765625,431.7699890136719,432.2257995605469,537634
2026-01-06 17:25:00+00:00,431.93499755859375,432.4800109863281,431.8500061035156,432.0350036621094,755027
2026-01-06 17:30:00+00:00,432.05999755859375,432.5400085449219,431.80999755859375,432.2598876953125,303647
2026-01-06 17:35:00+00:00,430.94000244140625,431.20458984375,430.760009765625,430.9197082519531,758375
2026-01-06 17:40:00+00:00,430.94000244140625,430.95001220703125,429.7900085449219,430.3999938964844,981686
2026-01-06 17:45:00+00:00,430.82000732421875,431.2300109863281,430.25,430.3500061035156,535346
2026-01-06 17:50:00+00:00,430.5199890136719,430.7300109863281,430.1600036621094,430.489990234375,502154
2026-01-06 17:55:00+00:00,429.8970031738281,430.2200012207031,429.75,430.1556091308594,752290
2026-01-06 18:00:00+00:00,430.1300048828125,430.239990234375,429.6000061035156,429.8500061035156,328448
2026-01-06 18:05:00+00:00,428.99749755859375,429.30999755859375,428.7799987792969,429.2699890136719,897032
2026-01-06 18:10:00+00:00,429.260009765625,429.7149963378906,428.9599914550781,429.6694030761719,492187
2026-01-06 18:15:00+00:00,429.6400146484375,429.8699951171875,429.3999938964844,429.5199890136719,388067
2026-01-06 18:20:00+00:00,428.9258117675781,429.6099853515625,428.9258117675781,429.5350036621094,412802
2026-01-06 18:25:00+00:00,429.57501220703125,430.05999755859375,429.4599914550781,429.7699890136719,418473
2026-01-06 18:30:00+00:00,429.7049865722656,429.889892578125,429.2799987792969,429.6099853515625,487645
2026-01-06 18:35:00+00:00,429.6199951171875,430.07000732421875,429.1400146484375,429.2699890136719,502113
2026-01-06 18:40:00+00:00,429.2900085449219,431.1600036621094,429.1400146484375,431.09991455078125,740092
2026-01-06 18:45:00+00:00,431.1000061035156,432.260009765625,430.93011474609375,431.88470458984375,728289
2026-01-06 18:50:00+00:00,431.89300537109375,432.1700134277344,431.70001220703125,431.79998779296875,476820
2026-01-06 18:55:00+00:00,431.1449890136719,431.20001220703125,430.7099914550781,431.1099853515625,741493
2026-01-06 19:00:00+00:00,431.0899963378906,431.53759765625,430.95001220703125,431.2900085449219,391880
2026-01-06 19:05:00+00:00,431.2900085449219,432.2799987792969,431.27801513671875,431.9599914550781,404005
2026-01-06 19:10:00+00:00,432.30999755859375,433.1600036621094,432.1700134277344,433.010986328125,426459
2026-01-06 19:15:00+00:00,432.7300109863281,433.0,432.590087890625,432.7550048828125,574045
2026-01-06 19:20:00+00:00,432.7641906738281,433.69000244140625,432.5899963378906,433.5060119628906,527810
2026-01-06 19:25:00+00:00,433.5000915527344,433.5448913574219,433.1400146484375,433.26239013671875,342587
2026-01-06 19:30:00+00:00,433.9849853515625,434.2799987792969,433.7300109863281,434.2099914550781,541847
2026-01-06 19:35:00+00:00,434.3100891113281,434.4200134277344,433.7799987792969,433.8599853515625,852429
2026-01-06 19:40:00+00:00,433.87799072265625,434.3299865722656,433.6700134277344,433.9150085449219,505302
2026-01-06 19:45:00+00:00,433.909912109375,434.1000061035156,432.6549987792969,432.6802978515625,493806
2026-01-06 19:50:00+00:00,431.8699951171875,431.8800048828125,431.2900085449219,431.3200988769531,694951
2026-01-06 19:55:00+00:00,431.5849914550781,431.6499938964844,430.8599853515625,431.02398681640625,907425
2026-01-06 20:00:00+00:00,431.010009765625,431.489990234375,430.7900085449219,430.9360046386719,638832
2026-01-06 20:05:00+00:00,430.9100036621094,431.4656066894531,430.8699951171875,431.0315856933594,580500
2026-01-06 20:10:00+00:00,431.039794921875,431.3800048828125,430.2699890136719,430.85198974609375,472909
2026-01-06 20:15:00+00:00,431.0799865722656,431.44000244140625,430.2200012207031,430.4518127441406,839224
2026-01-06 20:20:00+00:00,430.45001220703125,430.5,430.0400085449219,430.4200134277344,371091
2026-01-06 20:25:00+00:00,430.45001220703125,431.7900085449219,430.4100036621094,431.7449951171875,865727
2026-01-06 20:30:00+00:00,431.7200012207031,432.07000732421875,431.30999755859375,431.5570068359375,544396
2026-01-06 20:35:00+00:00,431.57000732421875,432.05499267578125,431.5400085449219,431.75,176151
2026-01-06 20:40:00+00:00,432.0669860839844,432.3500061035156,432.010009765625,432.2200012207031,848940
2026-01-06 20:45:00+00:00,431.8800964355469,432.42999267578125,431.79998779296875,432.2799987792969,391727
2026-01-06 20:50:00+00:00,432.39990234375,432.4100036621094,431.7101135253906,432.4100036621094,1116795
2026-01-06 20:55:00+00:00,432.260009765625,433.440185546875,432.260009765625,432.4898986816406,315399
2026-01-07 14:30:00+00:00,435.885009765625,435.9200134277344,431.6000061035156,432.877685546875,2922686
2026-01-07 14:35:00+00:00,432.8363952636719,434.8800048828125,432.80999755859375,434.44000244140625,989235
2026-01-07 14:40:00+00:00,434.41009521484375,438.1300048828125,434.010009765625,437.364990234375,1774840
2026-01-07 14:45:00+00:00,437.3900146484375,437.489990234375,435.0201110839844,435.397705078125,999587
2026-01-07 14:50:00+00:00,435.3599853515625,436.409912109375,433.4599914550781,434.010009765625,1206306
2026-01-07 14:55:00+00:00,434.04998779296875,434.5,433.15008544921875,433.760009765625,773892
2026-01-07 15:00:00+00:00,433.760009765625,434.2998962402344,432.3399963378906,433.3999938964844,965432
2026-01-07 15:05:00+00:00,433.4280090332031,434.75,433.0,433.79669189453125,846970
2026-01-07 15:10:00+00:00,433.8999938964844,434.67999267578125,433.6000061035156,434.0705871582031,495989
2026-01-07 15:15:00+00:00,434.0849914550781,434.20001220703125,432.79998779296875,433.8299865722656,650231
2026-01-07 15:20:00+00:00,433.8399963378906,434.5198974609375,433.0199890136719,434.5,547069
2026-01-07 15:25:00+00:00,434.4801025390625,434.510009765625,433.05999755859375,434.0350036621094,419568
2026-01-07 15:30:00+00:00,434.0400085449219,435.4898986816406,433.85009765625,435.260009765625,773558
2026-01-07 15:35:00+00:00,435.260009765625,437.17999267578125,435.2405090332031,435.8800048828125,1084546
2026-01-07 15:40:00+00:00,435.8799133300781,436.6300048828125,434.8900146484375,435.8139953613281,647260
2026-01-07 15:45:00+00:00,435.8299865722656,436.6300048828125,435.1700134277344,436.1400146484375,555936
2026-01-07 15:50:00+00:00,436.1449890136719,436.7900085449219,435.8299865722656,436.5299987792969,424705
2026-01-07 15:55:00+00:00,436.5400085449219,436.57000732421875,435.04998779296875,435.85198974609375,560916
2026-01-07 16:00:00+00:00,435.8599853515625,437.1700134277344,435.1000061035156,437.0299987792969,685151
2026-01-07 16:05:00+00:00,437.0299987792969,437.260009765625,436.9200134277344,437.0,84640
2026-01-07 16:10:00+00:00,436.4800109863281,436.57000732421875,436.4800109863281,436.5199890136719,909886
2026-01-07 16:15:00+00:00,436.5350036621094,436.6300048828125,436.0799865722656,436.3800048828125,315451
2026-01-07 16:20:00+00:00,436.3949890136719,436.4147033691406,435.3999938964844,435.6050109863281,426272
2026-01-07 16:25:00+00:00,435.5899963378906,436.0,435.1600036621094,435.989990234375,326793
2026-01-07 16:30:00+00:00,436.0,436.82000732421875,435.7099914550781,436.7300109863281,405894
2026-01-07 16:35:00+00:00,436.7300109863281,437.6400146484375,436.70001220703125,436.7699890136719,544677
2026-01-07 16:40:00+00:00,436.79998779296875,437.54998779296875,436.55999755859375,437.32501220703125,463469
2026-01-07 16:45:00+00:00,437.30010986328125,438.3699951171875,437.29998779296875,438.0299987792969,775980
2026-01-07 16:50:00+00:00,438.0350036621094,438.09149169921875,437.260009765625,437.3384094238281,381339
2026-01-07 16:55:00+00:00,437.34600830078125,437.6099853515625,437.010009765625,437.2300109863281,348349
2026-01-07 17:00:00+00:00,437.2250061035156,437.3999938964844,436.510009765625,436.7099914550781,515314
2026-01-07 17:05:00+00:00,436.75250244140625,437.6300048828125,436.6199951171875,437.31500244140625,355449
2026-01-07 17:10:00+00:00,437.31500244140625,437.38970947265625,436.45001220703125,436.6600036621094,365821
2026-01-07 17:15:00+00:00,436.6499938964844,437.0899963378906,436.57000732421875,437.0299987792969,280237
2026-01-07 17:20:00+00:00,437.05999755859375,437.25,435.8900146484375,436.25,503393
2026-01-07 17:25:00+00:00,436.2250061035156,436.5,435.8800048828125,436.2200012207031,269812
2026-01-07 17:30:00+00:00,436.2349853515625,436.739990234375,436.0799865722656,436.239990234375,310519
2026-01-07 17:35:00+00:00,436.2300109863281,436.4800109863281,435.989990234375,436.4200134277344,218590
2026-01-07 17:40:00+00:00,436.4150085449219,436.9490051269531,436.3299865722656,436.8518981933594,285440
2026-01-07 17:45:00+00:00,436.88690185546875,437.5,436.66009521484375,437.125,462111
2026-01-07 17:50:00+00:00,437.125,437.6199951171875,436.6099853515625,437.3900146484375,427091
2026-01-07 17:55:00+00:00,437.4100036621094,437.75,437.1300048828125,437.3999938964844,269657
2026-01-07 18:00:00+00:00,437.3699951171875,437.6499938964844,437.1199951171875,437.1759948730469,262651
2026-01-07 18:05:00+00:00,437.17718505859375,437.5199890136719,436.7699890136719,436.8800048828125,304210
2026-01-07 18:10:00+00:00,436.9020080566406,437.19000244140625,436.5799865722656,437.0539855957031,258358
2026-01-07 18:15:00+00:00,437.03839111328125,437.1000061035156,436.32000732421875,436.9200134277344,300599
2026-01-07 18:20:00+00:00,436.94000244140625,437.0899963378906,436.6499938964844,436.8949890136719,239719
2026-01-07 18:25:00+00:00,436.9049987792969,436.9049987792969,436.2300109863281,436.34710693359375,238140
2026-01-07 18:30:00+00:00,436.3599853515625,436.8800048828125,436.1600036621094,436.59539794921875,275143
2026-01-07 18:35:00+00:00,436.6499938964844,437.1300048828125,436.1575012207031,437.1000061035156,300089
2026-01-07 18:40:00+00:00,437.1199951171875,437.510009765625,437.0299987792969,437.0849914550781,310166
2026-01-07 18:45:00+00:00,437.1000061035156,437.2499084472656,435.95001220703125,436.1000061035156,419058
2026-01-07 18:50:00+00:00,436.07501220703125,436.2080078125,435.3699951171875,435.5,361098
2026-01-07 18:55:00+00:00,435.5,435.70001220703125,434.69720458984375,434.7850036621094,437329
2026-01-07 19:00:00+00:00,434.7900085449219,435.2200012207031,434.5101013183594,434.7200012207031,424709
2026-01-07 19:05:00+00:00,434.7414855957031,434.889892578125,434.3500061035156,434.7720031738281,384511
2026-01-07 19:10:00+00:00,434.7550964355469,435.1199951171875,434.2699890136719,435.1000061035156,408016
2026-01-07 19:15:00+00:00,435.05999755859375,435.58990478515625,434.8500061035156,435.5400085449219,382798
2026-01-07 19:20:00+00:00,435.5400085449219,435.83990478515625,435.0400085449219,435.4750061035156,359130
2026-01-07 19:25:00+00:00,435.4700927734375,435.92999267578125,435.2101135253906,435.8599853515625,324686
2026-01-07 19:30:00+00:00,435.8900146484375,436.8999938964844,435.8299865722656,436.4901123046875,438470
2026-01-07 19:35:00+00:00,436.4960021972656,436.69000244140625,436.1000061035156,436.3949890136719,335610
2026-01-07 19:40:00+00:00,436.3800048828125,437.0199890136719,436.1000061035156,436.9800109863281,335691
2026-01-07 19:45:00+00:00,436.9700012207031,437.19000244140625,436.7200012207031,436.9700012207031,289988
2026-01-07 19:50:00+00:00,436.9700012207031,437.4100036621094,436.7828063964844,436.9574890136719,357672
2026-01-07 19:55:00+00:00,436.9649963378906,437.2799987792969,436.6401062011719,436.8349914550781,298449
2026-01-07 20:00:00+00:00,436.85198974609375,437.1700134277344,436.5,437.125,343141
2026-01-07 20:05:00+00:00,437.1300048828125,437.5199890136719,436.79998779296875,436.8999938964844,395382
2026-01-07 20:10:00+00:00,436.8699951171875,437.06988525390625,436.0400085449219,436.0400085449219,376271
2026-01-07 20:15:00+00:00,436.0299987792969,437.2099914550781,435.8599853515625,437.0564880371094,456677
2026-01-07 20:20:00+00:00,437.0400085449219,437.4700012207031,436.4599914550781,436.55999755859375,415528
2026-01-07 20:25:00+00:00,436.5400085449219,436.7200012207031,435.9599914550781,436.1400146484375,363057
2026-01-07 20:30:00+00:00,436.1600036621094,436.7900085449219,435.8599853515625,435.95001220703125,444888
2026-01-07 20:35:00+00:00,435.92999267578125,435.95001220703125,434.8500061035156,434.9104919433594,521356
2026-01-07 20:40:00+00:00,434.9171142578125,435.5400085449219,434.4645080566406,435.4100036621094,574282
2026-01-07 20:45:00+00:00,435.393798828125,435.4649963378906,434.0,434.4849853515625,572983
2026-01-07 20:50:00+00:00,434.489990234375,434.5799865722656,433.0,433.2900085449219,771939
2026-01-07 20:55:00+00:00,433.2900085449219,433.2900085449219,431.30999755859375,431.4200134277344,1617584
2026-01-08 14:30:00+00:00,425.5,430.69000244140625,424.364990234375,429.3800048828125,3652506
2026-01-08 14:35:00+00:00,429.2799987792969,430.1099853515625,427.8299865722656,428.7300109863281,1126676
2026-01-08 14:40:00+00:00,428.739990234375,429.1799011230469,426.2300109863281,426.2300109863281,1138787
2026-01-08 14:45:00+00:00,427.3529968261719,431.3399963378906,426.95001220703125,431.30999755859375,1307221
2026-01-08 14:50:00+00:00,431.2900085449219,431.95001220703125,430.0,431.1695861816406,1176063
2026-01-08 14:55:00+00:00,431.1759948730469,431.2699890136719,429.1300048828125,429.7340087890625,860254
2026-01-08 15:00:00+00:00,429.7799987792969,430.8900146484375,428.8299865722656,429.80999755859375,895954
2026-01-08 15:05:00+00:00,429.7749938964844,433.19000244140625,429.5199890136719,433.1099853515625,1025720
2026-01-08 15:10:00+00:00,433.0899963378906,434.010009765625,432.4100036621094,433.17999267578125,969171
2026-01-08 15:15:00+00:00,433.25,433.3800048828125,432.1600036621094,432.54998779296875,579312
2026-01-08 15:20:00+00:00,432.5450134277344,434.30999755859375,432.03009033203125,434.16119384765625,641289
2026-01-08 15:25:00+00:00,434.1650085449219,435.04998779296875,433.739990234375,434.8900146484375,924705
2026-01-08 15:30:00+00:00,434.8500061035156,435.0,433.6600036621094,433.7099914550781,556938
2026-01-08 15:35:00+00:00,433.7922058105469,434.0393981933594,432.05999755859375,433.125,728731
2026-01-08 15:40:00+00:00,433.159912109375,434.54998779296875,432.739990234375,433.8399963378906,560163
2026-01-08 15:45:00+00:00,433.8599853515625,433.989990234375,432.8200988769531,433.4649963378906,398350
2026-01-08 15:50:00+00:00,433.44000244140625,433.7799987792969,432.4800109863281,432.70001220703125,399010
2026-01-08 15:55:00+00:00,432.69000244140625,435.17999267578125,432.6499938964844,434.4049987792969,702916
2026-01-08 16:00:00+00:00,434.404296875,434.4700012207031,433.2900085449219,434.25,455213
2026-01-08 16:05:00+00:00,434.2330017089844,434.260009765625,433.3699951171875,433.79998779296875,358006
2026-01-08 16:10:00+00:00,433.7749938964844,434.5199890136719,433.42999267578125,433.9200134277344,388031
2026-01-08 16:15:00+00:00,433.8699951171875,434.3598937988281,433.4100036621094,433.8160095214844,323361
2026-01-08 16:20:00+00:00,433.82000732421875,434.7380065917969,433.1000061035156,433.44390869140625,519386
2026-01-08 16:25:00+00:00,433.4599914550781,434.69989013671875,433.0400085449219,434.26458740234375,477196
2026-01-08 16:30:00+00:00,434.25,435.0400085449219,433.8999938964844,434.79998779296875,481255
2026-01-08 16:35:00+00:00,434.7799987792969,434.8399963378906,433.30999755859375,434.03399658203125,647269
2026-01-08 16:40:00+00:00,434.0470886230469,435.5700988769531,433.8800048828125,435.5199890136719,460184
2026-01-08 16:45:00+00:00,435.5799865722656,436.1400146484375,435.25,435.4800109863281,626285
2026-01-08 16:50:00+00:00,435.50799560546875,435.739990234375,434.6000061035156,434.86248779296875,466072
2026-01-08 16:55:00+00:00,434.8901062011719,435.4200134277344,434.4552917480469,435.29998779296875,380353
2026-01-08 17:00:00+00:00,435.28460693359375,435.6300048828125,434.8821105957031,435.1400146484375,391481
2026-01-08 17:05:00+00:00,435.1199951171875,435.19000244140625,434.1600036621094,434.4501037597656,331225
2026-01-08 17:10:00+00:00,434.45001220703125,434.6400146484375,433.9100036621094,434.1400146484375,315143
2026-01-08 17:15:00+00:00,434.1199951171875,434.79998779296875,433.80999755859375,434.75,361295
2026-01-08 17:20:00+00:00,434.760009765625,435.1300048828125,434.3900146484375,434.8399963378906,316091
2026-01-08 17:25:00+00:00,434.82000732421875,435.25,434.20001220703125,435.1944885253906,287095
2026-01-08 17:30:00+00:00,435.17999267578125,436.2898864746094,435.1400146484375,435.7200012207031,601753
2026-01-08 17:35:00+00:00,435.760009765625,436.1400146484375,435.510009765625,436.1000061035156,267100
2026-01-08 17:40:00+00:00,436.0950012207031,436.239990234375,435.6600036621094,436.17999267578125,223214
2026-01-08 17:45:00+00:00,436.20001220703125,436.81988525390625,436.00201416015625,436.75,390917
2026-01-08 17:50:00+00:00,436.7900085449219,436.8900146484375,436.1700134277344,436.2300109863281,341266
2026-01-08 17:55:00+00:00,436.239990234375,436.3599853515625,435.6199951171875,436.0299987792969,316321
2026-01-08 18:00:00+00:00,436.0050048828125,436.45001220703125,435.4700012207031,435.6400146484375,340543
2026-01-08 18:05:00+00:00,435.6199951171875,435.7300109863281,435.20001220703125,435.5,253045
2026-01-08 18:10:00+00:00,435.4800109863281,435.6400146484375,434.5400085449219,434.7099914550781,341025
2026-01-08 18:15:00+00:00,434.7200012207031,435.2799987792969,434.1000061035156,435.2650146484375,447392
2026-01-08 18:20:00+00:00,435.239990234375,435.4200134277344,434.19000244140625,434.2799987792969,357791
2026-01-08 18:25:00+00:00,434.2799987792969,434.5199890136719,433.739990234375,434.1300048828125,329595
2026-01-08 18:30:00+00:00,434.1600036621094,434.6600036621094,433.8999938964844,434.45001220703125,278928
2026-01-08 18:35:00+00:00,434.44000244140625,434.94989013671875,434.3399963378906,434.36151123046875,269915
2026-01-08 18:40:00+00:00,434.30999755859375,434.6000061035156,434.010009765625,434.4100036621094,246184
2026-01-08 18:45:00+00:00,434.3999938964844,434.6000061035156,434.1000061035156,434.1957092285156,213869
2026-01-08 18:50:00+00:00,434.1900939941406,434.2799987792969,433.0799865722656,433.114990234375,392074
2026-01-08 18:55:00+00:00,433.0899963378906,433.20001220703125,432.6099853515625,432.9949951171875,333926
2026-01-08 19:00:00+00:00,432.9700012207031,433.7799987792969,432.6300964355469,433.4801025390625,307837
2026-01-08 19:05:00+00:00,433.5274963378906,433.7699890136719,432.8699951171875,433.42999267578125,246041
2026-01-08 19:10:00+00:00,433.41009521484375,433.5003967285156,432.6900939941406,432.8349914550781,259530
2026-01-08 19:15:00+00:00,432.8399963378906,433.9800109863281,432.42999267578125,433.8900146484375,389819
2026-01-08 19:20:00+00:00,433.8800048828125,434.1600036621094,433.489990234375,433.55999755859375,273284
2026-01-08 19:25:00+00:00,433.57000732421875,433.83990478515625,433.32501220703125,433.760009765625,249236
2026-01-08 19:30:00+00:00,433.7099914550781,435.1116943359375,433.6600036621094,434.93499755859375,466129
2026-01-08 19:35:00+00:00,434.95989990234375,435.15289306640625,434.79998779296875,434.9519958496094,238195
2026-01-08 19:40:00+00:00,434.9649963378906,435.29998779296875,434.8500061035156,435.2095031738281,291189
2026-01-08 19:45:00+00:00,435.2200012207031,435.3299865722656,434.79998779296875,435.20001220703125,232555
2026-01-08 19:50:00+00:00,435.1637878417969,435.3399963378906,434.90399169921875,434.92498779296875,256581
2026-01-08 19:55:00+00:00,434.9224853515625,435.2200012207031,434.3999938964844,434.91009521484375,372468
2026-01-08 20:00:00+00:00,434.9200134277344,435.79998779296875,434.7200012207031,435.6632995605469,366113
2026-01-08 20:05:00+00:00,435.67498779296875,435.70098876953125,435.2300109863281,435.4599914550781,272832
2026-01-08 20:10:00+00:00,435.4599914550781,435.7799072265625,434.9700012207031,435.29998779296875,320701
2026-01-08 20:15:00+00:00,435.29998779296875,435.3399963378906,434.510009765625,434.92498779296875,373941
2026-01-08 20:20:00+00:00,434.9100036621094,435.489990234375,434.67999267578125,435.0299987792969,393939
2026-01-08 20:25:00+00:00,435.07501220703125,435.5400085449219,434.8399963378906,434.9599914550781,313870
2026-01-08 20:30:00+00:00,434.94000244140625,435.4898986816406,434.7099914550781,435.4798889160156,11767523
2026-01-08 20:35:00+00:00,435.4800109863281,435.83929443359375,435.3500061035156,435.45989990234375,0
2026-01-08 20:40:00+00:00,435.4599914550781,435.6600036621094,434.3500061035156,434.9599914550781,478216
2026-01-08 20:45:00+00:00,435.0,436.1499938964844,434.8324890136719,435.9599914550781,537839
2026-01-08 20:50:00+00:00,435.94000244140625,436.2200012207031,435.110107421875,436.0799865722656,647391
2026-01-08 20:55:00+00:00,436.07000732421875,436.25,435.20001220703125,435.8399963378906,888730
2026-01-09 14:30:00+00:00,434.0,434.0,430.3900146484375,433.2650146484375,2792534
2026-01-09 14:35:00+00:00,433.3699951171875,435.17999267578125,432.0,433.7650146484375,1391227
2026-01-09 14:40:00+00:00,433.7799987792969,435.2799987792969,433.3999938964844,434.8999938964844,916691
2026-01-09 14:45:00+00:00,435.0,435.9599914550781,433.6300048828125,434.4100036621094,1056988
2026-01-09 14:50:00+00:00,434.4700012207031,437.1700134277344,434.30999755859375,436.9100036621094,1049551
2026-01-09 14:55:00+00:00,436.875,437.7300109863281,435.9599914550781,437.3550109863281,846986
2026-01-09 15:00:00+00:00,437.29998779296875,439.8599853515625,437.0201110839844,437.3800964355469,1403278
2026-01-09 15:05:00+00:00,437.4200134277344,437.5098876953125,435.20001220703125,436.44000244140625,1111459
2026-01-09 15:10:00+00:00,436.4411926269531,439.4800109863281,436.3500061035156,439.3323974609375,1152877
2026-01-09 15:15:00+00:00,439.3399963378906,441.07000732421875,439.30499267578125,441.0328063964844,1462551
2026-01-09 15:20:00+00:00,441.0799865722656,441.8900146484375,439.70001220703125,440.9599914550781,1271021
2026-01-09 15:25:00+00:00,440.99798583984375,443.8800048828125,440.8006896972656,443.6199951171875,1321677
2026-01-09 15:30:00+00:00,443.6499938964844,443.79998779296875,442.20001220703125,442.3999938964844,855446
2026-01-09 15:35:00+00:00,442.44000244140625,443.5599060058594,442.25,443.17999267578125,758253
2026-01-09 15:40:00+00:00,443.1990051269531,443.6600036621094,441.4800109863281,441.4800109863281,832032
2026-01-09 15:45:00+00:00,441.4800109863281,442.1600036621094,440.6499938964844,441.25,743189
2026-01-09 15:50:00+00:00,441.25,442.8900146484375,441.1300048828125,442.322509765625,782177
2026-01-09 15:55:00+00:00,442.3435974121094,442.8800048828125,441.8900146484375,442.80999755859375,579078
2026-01-09 16:00:00+00:00,442.8299865722656,443.19000244140625,442.1099853515625,442.739990234375,608318
2026-01-09 16:05:00+00:00,442.75799560546875,443.6000061035156,442.3999938964844,443.17999267578125,572603
2026-01-09 16:10:00+00:00,443.1499938964844,443.9599914550781,442.57000732421875,443.8711853027344,518744
2026-01-09 16:15:00+00:00,443.8599853515625,444.2898864746094,443.260009765625,443.57000732421875,745180
2026-01-09 16:20:00+00:00,443.6000061035156,443.8900146484375,443.1499938964844,443.3599853515625,454169
2026-01-09 16:25:00+00:00,443.375,443.4750061035156,441.8800048828125,442.63238525390625,528872
2026-01-09 16:30:00+00:00,442.6600036621094,443.3529968261719,442.29998779296875,442.69500732421875,532581
2026-01-09 16:35:00+00:00,442.6700134277344,443.489990234375,442.57000732421875,443.3399963378906,368339
2026-01-09 16:40:00+00:00,443.35101318359375,443.9198913574219,443.1099853515625,443.7560119628906,373760
2026-01-09 16:45:00+00:00,443.7200012207031,443.8699951171875,442.989990234375,443.4679870605469,396481
2026-01-09 16:50:00+00:00,443.489990234375,444.1499938964844,443.44000244140625,444.0,424006
2026-01-09 16:55:00+00:00,444.0,444.64959716796875,443.4700012207031,443.5199890136719,631232
2026-01-09 17:00:00+00:00,443.55999755859375,444.25,443.32000732421875,444.0,400132
2026-01-09 17:05:00+00:00,443.9700012207031,444.510009765625,443.8100891113281,444.2699890136719,354075
2026-01-09 17:10:00+00:00,444.260009765625,444.75,444.1099853515625,444.2793884277344,368629
2026-01-09 17:15:00+00:00,444.2699890136719,444.3999938964844,443.7701110839844,443.92999267578125,307345
2026-01-09 17:20:00+00:00,443.92999267578125,445.1700134277344,443.7099914550781,444.8882141113281,592280
2026-01-09 17:25:00+00:00,444.8796081542969,445.239990234375,444.29998779296875,444.45001220703125,484999
2026-01-09 17:30:00+00:00,444.44500732421875,445.010009765625,444.1199951171875,444.9200134277344,418785
2026-01-09 17:35:00+00:00,444.92999267578125,445.2099914550781,444.75,445.1625061035156,354821
2026-01-09 17:40:00+00:00,445.1698913574219,445.82000732421875,445.0,445.45001220703125,550333
2026-01-09 17:45:00+00:00,445.498291015625,446.2200012207031,445.3599853515625,445.9397888183594,527345
2026-01-09 17:50:00+00:00,445.94000244140625,447.159912109375,445.8500061035156,447.0,594144
2026-01-09 17:55:00+00:00,446.9700012207031,448.1499938964844,446.80999755859375,447.4750061035156,874847
2026-01-09 18:00:00+00:00,447.4599914550781,447.9700012207031,446.9100036621094,447.9150085449219,603246
2026-01-09 18:05:00+00:00,447.9234924316406,448.8099060058594,447.6700134277344,448.5199890136719,782729
2026-01-09 18:10:00+00:00,448.510009765625,449.04998779296875,447.92999267578125,448.0350036621094,644261
2026-01-09 18:15:00+00:00,448.0101013183594,448.05999755859375,446.6000061035156,447.4200134277344,732361
2026-01-09 18:20:00+00:00,447.44000244140625,447.57000732421875,446.4100036621094,446.86590576171875,432597
2026-01-09 18:25:00+00:00,446.8576965332031,447.45001220703125,446.3599853515625,447.17999267578125,439729
2026-01-09 18:30:00+00:00,447.17999267578125,447.5899963378906,447.05999755859375,447.19000244140625,298428
2026-01-09 18:35:00+00:00,447.1499938964844,447.9198913574219,447.1000061035156,447.47198486328125,368852
2026-01-09 18:40:00+00:00,447.4700012207031,447.83990478515625,447.25,447.3900146484375,254276
2026-01-09 18:45:00+00:00,447.4200134277344,447.7799987792969,447.239990234375,447.6130065917969,266638
2026-01-09 18:50:00+00:00,447.6400146484375,447.7200012207031,447.19000244140625,447.2001037597656,226422
2026-01-09 18:55:00+00:00,447.2200012207031,447.7200012207031,447.0799865722656,447.64990234375,262574
2026-01-09 19:00:00+00:00,447.6499938964844,447.6600036621094,446.6400146484375,447.2850036621094,389566
2026-01-09 19:05:00+00:00,447.2821960449219,447.6000061035156,446.9700012207031,447.4200134277344,246591
2026-01-09 19:10:00+00:00,447.42999267578125,447.8699951171875,447.25,447.7799987792969,284703
2026-01-09 19:15:00+00:00,447.7699890136719,447.8999938964844,447.3699951171875,447.4100036621094,256671
2026-01-09 19:20:00+00:00,447.4049987792969,447.4905090332031,445.6600036621094,445.7699890136719,532170
2026-01-09 19:25:00+00:00,445.7500915527344,446.6099853515625,445.45001220703125,446.375,538463
2026-01-09 19:30:00+00:00,446.3900146484375,446.42999267578125,445.67999267578125,445.7184143066406,353903
2026-01-09 19:35:00+00:00,445.7200012207031,446.260009765625,445.17999267578125,445.2900085449219,414963
2026-01-09 19:40:00+00:00,445.31768798828125,445.56988525390625,445.1400146484375,445.32000732421875,387784
2026-01-09 19:45:00+00:00,445.29998779296875,446.3999938964844,445.19000244140625,446.25,476788
2026-01-09 19:50:00+00:00,446.2300109863281,446.6000061035156,446.1000061035156,446.2550048828125,328920
2026-01-09 19:55:00+00:00,446.2799987792969,446.32000732421875,445.239990234375,445.6400146484375,386238
2026-01-09 20:00:00+00:00,445.6300048828125,445.70001220703125,444.9200134277344,445.17999267578125,391756
2026-01-09 20:05:00+00:00,445.202392578125,445.80999755859375,444.92999267578125,445.5350036621094,409898
2026-01-09 20:10:00+00:00,445.510009765625,445.6400146484375,445.0,445.45001220703125,273604
2026-01-09 20:15:00+00:00,445.4200134277344,445.45001220703125,444.6099853515625,444.8599853515625,435623
2026-01-09 20:20:00+00:00,444.8900146484375,445.3999938964844,444.510009765625,445.25,368629
2026-01-09 20:25:00+00:00,445.2650146484375,445.7099914550781,444.7200012207031,445.35528564453125,396202
2026-01-09 20:30:00+00:00,445.3399963378906,445.3999938964844,444.5199890136719,444.8699951171875,390273
2026-01-09 20:35:00+00:00,444.8800048828125,445.5400085449219,444.3599853515625,445.1109924316406,544091
2026-01-09 20:40:00+00:00,445.1482849121094,445.45001220703125,444.9599914550781,445.3800048828125,298812
2026-01-09 20:45:00+00:00,445.3800048828125,445.9700012207031,445.05999755859375,445.6499938964844,481715
2026-01-09 20:50:00+00:00,445.4794921875,445.9700012207031,445.364990234375,445.6650085449219,489948
2026-01-09 20:55:00+00:00,445.6300048828125,445.6300048828125,444.5000915527344,444.989990234375,1082801
2026-01-12 14:30:00+00:00,441.2250061035156,443.5799865722656,438.0,443.5350036621094,3930639
2026-01-12 14:35:00+00:00,443.55999755859375,444.5,441.5,442.95050048828125,1188990
2026-01-12 14:40:00+00:00,442.93109130859375,443.8900146484375,442.010009765625,442.29998779296875,892610
2026-01-12 14:45:00+00:00,442.3599853515625,446.54998779296875,441.79998779296875,446.3399963378906,1415996
2026-01-12 14:50:00+00:00,446.3550109863281,449.3900146484375,446.1000061035156,448.7049865722656,1641759
2026-01-12 14:55:00+00:00,448.6867980957031,450.2200012207031,448.07000732421875,448.5445861816406,1341018
2026-01-12 15:00:00+00:00,448.4750061035156,449.6400146484375,447.79998779296875,447.8500061035156,970960
2026-01-12 15:05:00+00:00,447.8349914550781,448.69000244140625,447.6700134277344,448.32000732421875,599713
2026-01-12 15:10:00+00:00,448.2699890136719,449.8999938964844,447.6000061035156,449.75,864460
2026-01-12 15:15:00+00:00,449.7099914550781,450.1000061035156,448.6700134277344,449.4798889160156,697149
2026-01-12 15:20:00+00:00,449.4599914550781,450.0,449.1400146484375,449.4200134277344,538521
2026-01-12 15:25:00+00:00,449.42498779296875,449.8299865722656,448.44000244140625,449.80499267578125,611059
2026-01-12 15:30:00+00:00,449.8299865722656,449.8999938964844,448.57000732421875,448.7900085449219,520169
2026-01-12 15:35:00+00:00,448.8030090332031,449.0299987792969,448.30999755859375,448.5799865722656,463288
2026-01-12 15:40:00+00:00,448.5799865722656,448.5799865722656,447.1000061035156,447.8900146484375,594154
2026-01-12 15:45:00+00:00,447.9399108886719,449.42999267578125,447.3200988769531,449.2799987792969,648256
2026-01-12 15:50:00+00:00,449.2550048828125,449.44000244140625,448.1199951171875,448.17999267578125,454482
2026-01-12 15:55:00+00:00,448.1400146484375,448.3799133300781,446.9200134277344,447.6231994628906,629701
2026-01-12 16:00:00+00:00,447.6400146484375,448.6600036621094,447.3399963378906,447.5802001953125,443905
2026-01-12 16:05:00+00:00,447.6011047363281,448.1000061035156,447.3999938964844,448.0400085449219,388915
2026-01-12 16:10:00+00:00,448.05999755859375,448.95001220703125,447.9400939941406,448.614990234375,504881
2026-01-12 16:15:00+00:00,448.5899963378906,449.3299865722656,448.30999755859375,448.385009765625,506440
2026-01-12 16:20:00+00:00,448.385009765625,448.6199951171875,447.9599914550781,448.6099853515625,337196
2026-01-12 16:25:00+00:00,448.6210021972656,448.8999938964844,448.0799865722656,448.635009765625,332223
2026-01-12 16:30:00+00:00,448.6388854980469,449.9399108886719,448.4071044921875,449.4798889160156,467516
2026-01-12 16:35:00+00:00,449.4200134277344,451.3299865722656,449.3949890136719,450.8299865722656,971738
2026-01-12 16:40:00+00:00,450.8728942871094,451.3399963378906,450.2799987792969,450.3550109863281,547748
2026-01-12 16:45:00+00:00,450.3550109863281,450.55999755859375,449.1199951171875,449.4700012207031,658519
2026-01-12 16:50:00+00:00,449.45001220703125,450.92999267578125,449.32000732421875,450.8608093261719,597608
2026-01-12 16:55:00+00:00,450.8800048828125,450.9599914550781,450.2300109863281,450.8299865722656,391719
2026-01-12 17:00:00+00:00,450.8163146972656,452.3500061035156,450.8163146972656,452.30218505859375,759035
2026-01-12 17:05:00+00:00,452.3349914550781,453.07000732421875,452.20001220703125,452.3550109863281,926249
2026-01-12 17:10:00+00:00,452.3550109863281,453.7550048828125,452.2300109863281,453.67999267578125,703435
2026-01-12 17:15:00+00:00,453.6700134277344,454.29998779296875,453.54998779296875,454.1099853515625,682296
2026-01-12 17:20:00+00:00,454.1199951171875,454.1600036621094,453.239990234375,453.31500244140625,524115
2026-01-12 17:25:00+00:00,453.2749938964844,454.1400146484375,453.20001220703125,453.8299865722656,485381
2026-01-12 17:30:00+00:00,453.75,453.9198913574219,452.5299987792969,452.6000061035156,563316
2026-01-12 17:35:00+00:00,452.6286926269531,453.1099853515625,451.8500061035156,451.8605041503906,459670
2026-01-12 17:40:00+00:00,451.8500061035156,452.8299865722656,451.7401123046875,452.7799987792969,493789
2026-01-12 17:45:00+00:00,452.7699890136719,453.3800048828125,452.55999755859375,453.0799865722656,363641
2026-01-12 17:50:00+00:00,453.0799865722656,453.19500732421875,452.0320129394531,452.32501220703125,382166
2026-01-12 17:55:00+00:00,452.3424987792969,452.54010009765625,451.8299865722656,452.0,378974
2026-01-12 18:00:00+00:00,451.9800109863281,452.14990234375,451.3800964355469,451.4649963378906,360993
2026-01-12 18:05:00+00:00,451.4700012207031,452.0400085449219,451.1400146484375,451.9549865722656,430719
2026-01-12 18:10:00+00:00,452.0,452.0400085449219,450.80999755859375,451.1499938964844,424338
2026-01-12 18:15:00+00:00,451.15130615234375,451.2200012207031,450.3800048828125,450.67999267578125,358106
2026-01-12 18:20:00+00:00,450.7325134277344,451.29998779296875,450.510009765625,450.81500244140625,368832
2026-01-12 18:25:00+00:00,450.80999755859375,450.9599914550781,449.95001220703125,450.82000732421875,518863
2026-01-12 18:30:00+00:00,450.8450012207031,451.82501220703125,450.8102111816406,451.4200134277344,567582
2026-01-12 18:35:00+00:00,451.4200134277344,451.69000244140625,451.04998779296875,451.1000061035156,282591
2026-01-12 18:40:00+00:00,451.07501220703125,451.1199951171875,450.1606140136719,451.0899963378906,480953
2026-01-12 18:45:00+00:00,451.1099853515625,451.6000061035156,450.7701110839844,450.88751220703125,394308
2026-01-12 18:50:00+00:00,450.9100036621094,451.1300048828125,450.2699890136719,450.5,372313
2026-01-12 18:55:00+00:00,450.5199890136719,451.29998779296875,450.3399963378906,451.0899963378906,394183
2026-01-12 19:00:00+00:00,451.07501220703125,451.07501220703125,450.239990234375,450.2663879394531,245207
2026-01-12 19:05:00+00:00,450.25469970703125,451.010009765625,449.9100036621094,450.6700134277344,483706
2026-01-12 19:10:00+00:00,450.6499938964844,451.20001220703125,450.45001220703125,450.9700012207031,313334
2026-01-12 19:15:00+00:00,450.989990234375,451.760009765625,450.9599914550781,451.5899963378906,384842
2026-01-12 19:20:00+00:00,451.580810546875,451.8699951171875,451.29998779296875,451.5400085449219,280216
2026-01-12 19:25:00+00:00,451.5450134277344,452.1300048828125,451.30999755859375,451.7409973144531,333213
2026-01-12 19:30:00+00:00,451.7799072265625,451.9599914550781,451.4800109863281,451.53009033203125,314400
2026-01-12 19:35:00+00:00,451.57000732421875,451.8064880371094,450.6300048828125,450.70001220703125,313243
2026-01-12 19:40:00+00:00,450.70001220703125,450.8721008300781,450.1300048828125,450.66180419921875,396098
2026-01-12 19:45:00+00:00,450.6600036621094,451.07000732421875,449.8999938964844,450.20001220703125,439962
2026-01-12 19:50:00+00:00,450.18499755859375,450.6000061035156,449.45001220703125,450.5,455288
2026-01-12 19:55:00+00:00,450.6000061035156,451.05999755859375,450.4100036621094,450.4100036621094,354334
2026-01-12 20:00:00+00:00,450.4197082519531,451.1499938964844,450.30999755859375,450.5899963378906,335671
2026-01-12 20:05:00+00:00,450.59991455078125,450.8999938964844,450.5199890136719,450.6300048828125,211951
2026-01-12 20:10:00+00:00,450.6099853515625,450.6536865234375,450.2300109863281,450.4750061035156,264533
2026-01-12 20:15:00+00:00,450.4999084472656,451.1700134277344,450.260009765625,451.0801086425781,342970
2026-01-12 20:20:00+00:00,451.09991455078125,451.5,450.7300109863281,451.1600036621094,399573
2026-01-12 20:25:00+00:00,451.1449890136719,451.32000732421875,450.3699951171875,450.92498779296875,372429
2026-01-12 20:30:00+00:00,450.9100036621094,451.1000061035156,450.0400085449219,450.44000244140625,445063
2026-01-12 20:35:00+00:00,450.43499755859375,450.5249938964844,449.7179870605469,450.260009765625,475541
2026-01-12 20:40:00+00:00,450.260009765625,450.4599914550781,449.70001220703125,450.4200134277344,437357
2026-01-12 20:45:00+00:00,450.3900146484375,450.4599914550781,449.3299865722656,449.3800048828125,442755
2026-01-12 20:50:00+00:00,449.3800048828125,449.4800109863281,448.2699890136719,448.5899963378906,884630
2026-01-12 20:55:00+00:00,448.54998779296875,449.2099914550781,448.4800109863281,448.92999267578125,1100028
2026-01-13 14:30:00+00:00,450.20001220703125,451.6600036621094,448.19000244140625,450.2500915527344,2427151
2026-01-13 14:35:00+00:00,450.29638671875,450.5400085449219,447.6499938964844,449.69000244140625,1257757
2026-01-13 14:40:00+00:00,449.6278076171875,450.5,446.8919982910156,448.3800048828125,1196044
2026-01-13 14:45:00+00:00,448.409912109375,449.75,448.0,448.239990234375,868396
2026-01-13 14:50:00+00:00,448.239990234375,450.1799011230469,448.0,448.7799987792969,926887
2026-01-13 14:55:00+00:00,448.760009765625,448.9800109863281,447.95001220703125,448.2049865722656,586916
2026-01-13 15:00:00+00:00,448.260009765625,448.6600036621094,446.5,448.17999267578125,834670
2026-01-13 15:05:00+00:00,448.125,450.79998779296875,448.010009765625,450.42010498046875,1022983
2026-01-13 15:10:00+00:00,450.4429931640625,451.05999755859375,449.80999755859375,450.65728759765625,835590
2026-01-13 15:15:00+00:00,450.5899963378906,450.72650146484375,449.4100036621094,449.6600036621094,536547
2026-01-13 15:20:00+00:00,449.70001220703125,449.8299865722656,447.1400146484375,447.17999267578125,781437
2026-01-13 15:25:00+00:00,447.2099914550781,447.2099914550781,445.3999938964844,447.0552062988281,1224093
2026-01-13 15:30:00+00:00,447.0899963378906,448.260009765625,446.2699890136719,447.7799987792969,848912
2026-01-13 15:35:00+00:00,447.81988525390625,448.92999267578125,447.7799987792969,448.54998779296875,626469
2026-01-13 15:40:00+00:00,448.57000732421875,449.712890625,448.4800109863281,448.8699951171875,616714
2026-01-13 15:45:00+00:00,448.8999938964844,449.8299865722656,448.0799865722656,448.1317138671875,573339
2026-01-13 15:50:00+00:00,448.1000061035156,450.7099914550781,448.0199890136719,450.6050109863281,774801
2026-01-13 15:55:00+00:00,450.5745849609375,451.3599853515625,450.2900085449219,451.1116027832031,620162
2026-01-13 16:00:00+00:00,451.1000061035156,451.2900085449219,450.6200866699219,450.6899108886719,456463
2026-01-13 16:05:00+00:00,450.69000244140625,451.3900146484375,450.4800109863281,451.1700134277344,489571
2026-01-13 16:10:00+00:00,451.1199951171875,451.3299865722656,450.6499938964844,450.8894958496094,381164
2026-01-13 16:15:00+00:00,450.885986328125,451.29998779296875,450.25,450.7279968261719,394983
2026-01-13 16:20:00+00:00,450.75,450.760009765625,449.92999267578125,450.1400146484375,348513
2026-01-13 16:25:00+00:00,450.0799865722656,450.34991455078125,448.82000732421875,450.31939697265625,445309
2026-01-13 16:30:00+00:00,450.3057861328125,451.760009765625,450.0299987792969,451.5950012207031,585447
2026-01-13 16:35:00+00:00,451.5950012207031,451.80999755859375,450.4700012207031,450.6000061035156,457724
2026-01-13 16:40:00+00:00,450.6000061035156,450.8800048828125,450.1600036621094,450.6650085449219,377838
2026-01-13 16:45:00+00:00,450.6499938964844,451.1499938964844,450.4599914550781,450.70001220703125,351341
2026-01-13 16:50:00+00:00,450.7030029296875,451.6499938964844,450.3800048828125,450.57000732421875,393468
2026-01-13 16:55:00+00:00,450.57000732421875,451.3800048828125,450.44000244140625,450.6654968261719,350307
2026-01-13 17:00:00+00:00,450.6099853515625,451.139404296875,450.3500061035156,450.6499938964844,262054
2026-01-13 17:05:00+00:00,450.6199951171875,450.7699890136719,450.3500061035156,450.3901062011719,230469
2026-01-13 17:10:00+00:00,450.40008544921875,450.489990234375,449.6000061035156,449.6000061035156,353662
2026-01-13 17:15:00+00:00,449.63970947265625,449.79998779296875,448.6300964355469,448.9223937988281,537869
2026-01-13 17:20:00+00:00,448.8800048828125,449.67999267578125,448.739990234375,449.510009765625,356036
2026-01-13 17:25:00+00:00,449.5450134277344,449.70001220703125,448.69000244140625,449.3699951171875,357567
2026-01-13 17:30:00+00:00,449.3500061035156,449.70001220703125,448.0,449.3399963378906,405333
2026-01-13 17:35:00+00:00,449.32000732421875,449.5799865722656,448.42999267578125,448.42999267578125,253156
2026-01-13 17:40:00+00:00,448.4649963378906,449.0899963378906,448.1600036621094,448.2200012207031,322095
2026-01-13 17:45:00+00:00,448.239990234375,448.510009765625,447.92999267578125,448.4049987792969,285116
2026-01-13 17:50:00+00:00,448.4049987792969,448.52130126953125,447.3399963378906,447.7250061035156,337874
2026-01-13 17:55:00+00:00,447.760009765625,447.7898864746094,446.70001220703125,446.989990234375,367909
2026-01-13 18:00:00+00:00,446.989990234375,447.6199951171875,446.55999755859375,447.375,433393
2026-01-13 18:05:00+00:00,447.3699951171875,447.8900146484375,447.04998779296875,447.82501220703125,354741
2026-01-13 18:10:00+00:00,447.79998779296875,448.5400085449219,447.54998779296875,448.5050048828125,311908
2026-01-13 18:15:00+00:00,448.510009765625,448.7898864746094,447.67999267578125,447.71990966796875,344105
2026-01-13 18:20:00+00:00,447.6839904785156,447.7333984375,447.07000732421875,447.6549987792969,322811
2026-01-13 18:25:00+00:00,447.70001220703125,448.07000732421875,447.3299865722656,447.42999267578125,265611
2026-01-13 18:30:00+00:00,447.45001220703125,447.95001220703125,447.20001220703125,447.6499938964844,259248
2026-01-13 18:35:00+00:00,447.6300048828125,448.17999267578125,447.6199951171875,447.7200927734375,312325
2026-01-13 18:40:00+00:00,447.7699890136719,447.8900146484375,446.6099853515625,446.6099853515625,334879
2026-01-13 18:45:00+00:00,446.6099853515625,446.8594970703125,446.1700134277344,446.2850036621094,383494
2026-01-13 18:50:00+00:00,446.2749938964844,446.2799987792969,445.0299987792969,445.8599853515625,614261
2026-01-13 18:55:00+00:00,445.9200134277344,446.0,444.760009765625,444.8999938964844,638936
2026-01-13 19:00:00+00:00,444.94000244140625,445.1400146484375,444.0,444.11749267578125,593452
2026-01-13 19:05:00+00:00,444.1400146484375,445.20001220703125,443.95001220703125,444.9100036621094,521706
2026-01-13 19:10:00+00:00,444.9700012207031,445.7099914550781,444.8500061035156,445.6400146484375,428790
2026-01-13 19:15:00+00:00,445.610107421875,446.04998779296875,445.3800964355469,445.79998779296875,364089
2026-01-13 19:20:00+00:00,445.79998779296875,445.8699951171875,444.9599914550781,445.1499938964844,347190
2026-01-13 19:25:00+00:00,445.1499938964844,445.45001220703125,444.70001220703125,445.07000732421875,364801
2026-01-13 19:30:00+00:00,445.04998779296875,445.2898864746094,444.6099853515625,444.9419860839844,286379
2026-01-13 19:35:00+00:00,444.92999267578125,445.3999938964844,444.8500061035156,445.3900146484375,226599
2026-01-13 19:40:00+00:00,445.4100036621094,445.95001220703125,445.0400085449219,445.7550048828125,255258
2026-01-13 19:45:00+00:00,445.7799987792969,446.1400146484375,445.6199951171875,446.0199890136719,252560
2026-01-13 19:50:00+00:00,446.0400085449219,446.6199035644531,445.9599914550781,446.58441162109375,333916
2026-01-13 19:55:00+00:00,446.5799865722656,447.2300109863281,446.3999938964844,446.82501220703125,394494
2026-01-13 20:00:00+00:00,446.82720947265625,446.8500061035156,446.2655029296875,446.5299987792969,261615
2026-01-13 20:05:00+00:00,446.510009765625,447.0899963378906,446.42999267578125,446.6199951171875,251382
2026-01-13 20:10:00+00:00,446.6000061035156,446.627197265625,445.7200012207031,445.8598937988281,316613
2026-01-13 20:15:00+00:00,445.8900146484375,446.5199890136719,445.80999755859375,445.8900146484375,344385
2026-01-13 20:20:00+00:00,445.8599853515625,446.3500061035156,445.0799865722656,446.1972961425781,424874
2026-01-13 20:25:00+00:00,446.18499755859375,446.44000244140625,445.8999938964844,446.2349853515625,314284
2026-01-13 20:30:00+00:00,446.239990234375,446.4399108886719,445.67999267578125,446.260009765625,298888
2026-01-13 20:35:00+00:00,446.2699890136719,447.7900085449219,446.16009521484375,447.4649963378906,496361
2026-01-13 20:40:00+00:00,447.489990234375,447.8299865722656,447.1499938964844,447.3431091308594,399649
2026-01-13 20:45:00+00:00,447.3299865722656,447.5198974609375,446.95001220703125,447.06500244140625,290684
2026-01-13 20:50:00+00:00,447.07501220703125,447.489990234375,446.0899963378906,446.385009765625,444359
2026-01-13 20:55:00+00:00,446.4200134277344,447.3299865722656,446.4200134277344,447.1300048828125,853945
2026-01-14 14:30:00+00:00,439.6650085449219,441.70001220703125,439.010009765625,439.8900146484375,2280678
2026-01-14 14:35:00+00:00,439.92999267578125,441.3800048828125,439.2200012207031,440.6300048828125,1022131
2026-01-14 14:40:00+00:00,440.60430908203125,441.4800109863281,438.8299865722656,439.8500061035156,1108944
2026-01-14 14:45:00+00:00,439.8800048828125,440.5400085449219,438.5400085449219,440.5400085449219,1053983
2026-01-14 14:50:00+00:00,440.489990234375,440.6700134277344,439.3700866699219,440.1499938964844,715986
2026-01-14 14:55:00+00:00,440.1400146484375,440.239990234375,438.6199951171875,438.7146911621094,676095
2026-01-14 15:00:00+00:00,438.7550048828125,439.139892578125,437.3103942871094,438.760009765625,1121994
2026-01-14 15:05:00+00:00,438.7099914550781,441.0899963378906,438.6000061035156,440.9599914550781,876668
2026-01-14 15:10:00+00:00,440.9100036621094,443.3500061035156,440.6000061035156,443.1050109863281,1079936
2026-01-14 15:15:00+00:00,443.1700134277344,443.9100036621094,442.29010009765625,442.5899963378906,929191
2026-01-14 15:20:00+00:00,442.6499938964844,443.1099853515625,441.35009765625,442.0799865722656,762618
2026-01-14 15:25:00+00:00,442.06500244140625,442.159912109375,439.8800048828125,440.04998779296875,698529
2026-01-14 15:30:00+00:00,440.05499267578125,440.32989501953125,439.03009033203125,439.9100036621094,751390
2026-01-14 15:35:00+00:00,439.9599914550781,440.0,438.79998779296875,439.15771484375,558517
2026-01-14 15:40:00+00:00,439.1000061035156,439.3500061035156,437.1400146484375,437.5910949707031,862289
2026-01-14 15:45:00+00:00,437.5799865722656,437.80999755859375,435.8800048828125,436.07501220703125,976406
2026-01-14 15:50:00+00:00,436.0519104003906,437.05999755859375,436.0,436.8500061035156,669149
2026-01-14 15:55:00+00:00,436.79998779296875,437.45001220703125,436.760009765625,436.9142150878906,529905
2026-01-14 16:00:00+00:00,436.885009765625,437.4200134277344,436.510009765625,437.4200134277344,424485
2026-01-14 16:05:00+00:00,437.4200134277344,438.0299987792969,437.15008544921875,437.5899963378906,522588
2026-01-14 16:10:00+00:00,437.6199951171875,437.67999267578125,436.70001220703125,437.0899963378906,348917
2026-01-14 16:15:00+00:00,437.07501220703125,437.6700134277344,436.2799987792969,436.9833984375,493232
2026-01-14 16:20:00+00:00,436.9700012207031,439.3800048828125,436.610107421875,438.19000244140625,839082
2026-01-14 16:25:00+00:00,438.17999267578125,438.95001220703125,437.86700439453125,438.4200134277344,487771
2026-01-14 16:30:00+00:00,438.3500061035156,438.7698974609375,437.7200927734375,437.9150085449219,361654
2026-01-14 16:35:00+00:00,437.94989013671875,438.1199035644531,437.0201110839844,437.55499267578125,415308
2026-01-14 16:40:00+00:00,437.5285949707031,437.6106872558594,436.4200134277344,436.4200134277344,396781
2026-01-14 16:45:00+00:00,436.3999938964844,436.7799072265625,435.2900085449219,435.4599914550781,641014
2026-01-14 16:50:00+00:00,435.4200134277344,435.58990478515625,434.6400146484375,434.7850036621094,760664
2026-01-14 16:55:00+00:00,434.7699890136719,435.0400085449219,434.29998779296875,434.5799865722656,486920
2026-01-14 17:00:00+00:00,434.55999755859375,435.4800109863281,434.2300109863281,434.54998779296875,556682
2026-01-14 17:05:00+00:00,434.5299987792969,436.0299987792969,434.510009765625,435.8299865722656,451092
2026-01-14 17:10:00+00:00,435.8349914550781,436.0299987792969,435.45001220703125,435.8500061035156,292958
2026-01-14 17:15:00+00:00,435.83380126953125,436.1499938964844,435.2301025390625,435.3500061035156,310741
2026-01-14 17:20:00+00:00,435.3699951171875,435.8599853515625,435.0,435.82000732421875,323136
2026-01-14 17:25:00+00:00,435.8500061035156,436.57000732421875,435.6499938964844,436.1199951171875,404372
2026-01-14 17:30:00+00:00,436.20001220703125,436.2099914550781,434.989990234375,435.06500244140625,441633
2026-01-14 17:35:00+00:00,435.05999755859375,435.6700134277344,434.8800048828125,435.4800109863281,310152
2026-01-14 17:40:00+00:00,435.4800109863281,435.7300109863281,434.8699951171875,435.6400146484375,261922
2026-01-14 17:45:00+00:00,435.6300048828125,436.3399963378906,435.45001220703125,435.9599914550781,305679
2026-01-14 17:50:00+00:00,435.9960021972656,436.0199890136719,434.8500061035156,435.2650146484375,322228
2026-01-14 17:55:00+00:00,435.25,435.42999267578125,434.760009765625,435.30010986328125,255773
2026-01-14 18:00:00+00:00,435.3399963378906,435.7200012207031,435.1400146484375,435.69000244140625,263239
2026-01-14 18:05:00+00:00,435.67999267578125,435.8399963378906,435.260009765625,435.3599853515625,242118
2026-01-14 18:10:00+00:00,435.3550109863281,435.82000732421875,435.0,435.70001220703125,237819
2026-01-14 18:15:00+00:00,435.69000244140625,436.1300048828125,435.3807067871094,435.6499938964844,265921
2026-01-14 18:20:00+00:00,435.6400146484375,436.1199951171875,435.57000732421875,436.0,220444
2026-01-14 18:25:00+00:00,436.0284118652344,436.5,435.55999755859375,436.4100036621094,328357
2026-01-14 18:30:00+00:00,436.35809326171875,436.739990234375,434.9100036621094,435.42999267578125,433952
2026-01-14 18:35:00+00:00,435.4700012207031,435.93951416015625,435.1499938964844,435.7799987792969,294119
2026-01-14 18:40:00+00:00,435.8299865722656,436.3900146484375,435.4100036621094,436.0801086425781,344073
2026-01-14 18:45:00+00:00,436.1400146484375,436.7099914550781,435.8299865722656,436.4898986816406,277828
2026-01-14 18:50:00+00:00,436.4800109863281,436.7699890136719,436.07000732421875,436.1499938964844,258241
2026-01-14 18:55:00+00:00,436.1650085449219,436.6300048828125,435.9599914550781,436.375,229853
2026-01-14 19:00:00+00:00,436.375,436.6400146484375,435.95001220703125,436.3399963378906,276479
2026-01-14 19:05:00+00:00,436.3299865722656,436.3500061035156,435.79998779296875,436.05999755859375,266579
2026-01-14 19:10:00+00:00,436.010009765625,436.42999267578125,435.70001220703125,436.3999938964844,239590
2026-01-14 19:15:00+00:00,436.3999938964844,436.9700012207031,436.1199951171875,436.92999267578125,294403
2026-01-14 19:20:00+00:00,436.9494934082031,437.2698974609375,436.6499938964844,436.8399963378906,359166
2026-01-14 19:25:00+00:00,436.82000732421875,436.92999267578125,436.4601135253906,436.8800048828125,323204
2026-01-14 19:30:00+00:00,436.9100036621094,437.5799865722656,436.8100891113281,436.9150085449219,314245
2026-01-14 19:35:00+00:00,436.9425048828125,436.989990234375,436.4599914550781,436.8599853515625,262986
2026-01-14 19:40:00+00:00,436.82501220703125,437.1700134277344,436.4100036621094,436.45001220703125,301727
2026-01-14 19:45:00+00:00,436.44000244140625,436.4800109863281,435.82000732421875,436.30999755859375,403424
2026-01-14 19:50:00+00:00,436.30499267578125,436.8699951171875,436.1400146484375,436.2799987792969,321169
2026-01-14 19:55:00+00:00,436.30999755859375,436.989990234375,435.8900146484375,436.9100036621094,399454
2026-01-14 20:00:00+00:00,436.9200134277344,437.989990234375,436.2300109863281,436.94000244140625,565364
2026-01-14 20:05:00+00:00,436.9599914550781,438.3699951171875,436.70001220703125,437.7900085449219,607324
2026-01-14 20:10:00+00:00,437.7300109863281,438.1000061035156,437.0101013183594,437.07000732421875,387078
2026-01-14 20:15:00+00:00,437.0199890136719,437.2099914550781,436.010009765625,436.5299987792969,395240
2026-01-14 20:20:00+00:00,436.4599914550781,436.57000732421875,435.20001220703125,435.31500244140625,519992
2026-01-14 20:25:00+00:00,435.31500244140625,435.8500061035156,435.0299987792969,435.1600036621094,383404
2026-01-14 20:30:00+00:00,435.17999267578125,437.04998779296875,435.1400146484375,436.57830810546875,596421
2026-01-14 20:35:00+00:00,436.5975036621094,437.67999267578125,436.45001220703125,437.6499938964844,503863
2026-01-14 20:40:00+00:00,437.6300048828125,437.8299865722656,436.54010009765625,436.67999267578125,468762
2026-01-14 20:45:00+00:00,436.69000244140625,437.260009765625,436.3299865722656,436.45001220703125,451792
2026-01-14 20:50:00+00:00,436.5199890136719,437.9700012207031,436.489990234375,437.9280090332031,669790
2026-01-14 20:55:00+00:00,437.95001220703125,439.45001220703125,437.95001220703125,439.260009765625,1312866
2026-01-15 14:30:00+00:00,444.20989990234375,444.7099914550781,441.3999938964844,443.25,2184063
2026-01-15 14:35:00+00:00,443.2699890136719,444.3999938964844,441.8299865722656,442.55999755859375,942644
2026-01-15 14:40:00+00:00,442.6000061035156,444.0299987792969,440.989990234375,442.67999267578125,1061444
2026-01-15 14:45:00+00:00,442.67999267578125,443.8399963378906,441.7900085449219,443.4150085449219,807240
2026-01-15 14:50:00+00:00,443.4800109863281,443.614990234375,442.07000732421875,443.1400146484375,614129
2026-01-15 14:55:00+00:00,443.07000732421875,443.2699890136719,441.739990234375,441.7699890136719,562789
2026-01-15 15:00:00+00:00,441.7200012207031,442.1600036621094,440.2500915527344,440.8988037109375,683131
2026-01-15 15:05:00+00:00,440.8900146484375,441.9100036621094,439.4800109863281,441.8890075683594,866789
2026-01-15 15:10:00+00:00,441.86468505859375,442.9898986816406,441.5299987792969,442.95001220703125,793350
2026-01-15 15:15:00+00:00,442.9100036621094,443.0299987792969,442.0899963378906,442.864990234375,514386
2026-01-15 15:20:00+00:00,442.875,445.3299865722656,442.4700012207031,444.260009765625,1123752
2026-01-15 15:25:00+00:00,444.2601013183594,444.2749938964844,443.0,443.32000732421875,651857
2026-01-15 15:30:00+00:00,443.3399963378906,444.26800537109375,442.8229064941406,444.25,568847
2026-01-15 15:35:00+00:00,444.25,445.3599853515625,443.9200134277344,444.3500061035156,789309
2026-01-15 15:40:00+00:00,444.32000732421875,444.8399963378906,443.67999267578125,443.9599914550781,500435
2026-01-15 15:45:00+00:00,443.94000244140625,443.9599914550781,442.5,442.8399963378906,531860
2026-01-15 15:50:00+00:00,442.83990478515625,443.4200134277344,442.1000061035156,442.3500061035156,562632
2026-01-15 15:55:00+00:00,442.3500061035156,444.0899963378906,441.95001220703125,443.3031921386719,653711
2026-01-15 16:00:00+00:00,443.2699890136719,444.07000732421875,443.1261901855469,443.760009765625,413101
2026-01-15 16:05:00+00:00,443.79998779296875,444.3399963378906,443.2001037597656,443.45001220703125,458304
2026-01-15 16:10:00+00:00,443.4692077636719,444.25,443.20001220703125,443.5209045410156,399889
2026-01-15 16:15:00+00:00,443.5150146484375,444.25,443.29998779296875,443.4949951171875,354817
2026-01-15 16:20:00+00:00,443.510009765625,443.8500061035156,442.6199951171875,443.5199890136719,562333
2026-01-15 16:25:00+00:00,443.4700012207031,443.5299072265625,442.3900146484375,442.8299865722656,370242
2026-01-15 16:30:00+00:00,442.739990234375,443.1600036621094,442.6099853515625,442.67730712890625,217932
2026-01-15 16:35:00+00:00,442.6700134277344,443.2300109863281,442.42999267578125,443.1000061035156,237565
2026-01-15 16:40:00+00:00,443.07000732421875,443.42999267578125,442.7699890136719,442.8550109863281,280442
2026-01-15 16:45:00+00:00,442.885009765625,443.0199890136719,442.20001220703125,442.4576110839844,297909
2026-01-15 16:50:00+00:00,442.4549865722656,442.8500061035156,442.1000061035156,442.3949890136719,312901
2026-01-15 16:55:00+00:00,442.3599853515625,442.82000732421875,442.1099853515625,442.5950012207031,281714
2026-01-15 17:00:00+00:00,442.57000732421875,442.7099914550781,441.9700012207031,442.6499938964844,296843
2026-01-15 17:05:00+00:00,442.67999267578125,442.9200134277344,442.17999267578125,442.625,255668
2026-01-15 17:10:00+00:00,442.6278076171875,443.30999755859375,442.4200134277344,442.5299987792969,328107
2026-01-15 17:15:00+00:00,442.55999755859375,442.989990234375,442.07000732421875,442.7699890136719,297260
2026-01-15 17:20:00+00:00,442.75,443.1423034667969,442.5859069824219,442.94000244140625,249049
2026-01-15 17:25:00+00:00,442.94500732421875,443.5400085449219,442.6600036621094,443.1200866699219,295414
2026-01-15 17:30:00+00:00,443.1628112792969,443.3299865722656,442.260009765625,442.5899963378906,295736
2026-01-15 17:35:00+00:00,442.5899963378906,443.0199890136719,442.29998779296875,442.75,231911
2026-01-15 17:40:00+00:00,442.739990234375,442.8500061035156,442.07000732421875,442.30499267578125,212926
2026-01-15 17:45:00+00:00,442.2799987792969,442.7265930175781,442.1600036621094,442.2850036621094,190673
2026-01-15 17:50:00+00:00,442.260009765625,442.3699951171875,441.1000061035156,441.30999755859375,404836
2026-01-15 17:55:00+00:00,441.31500244140625,441.69000244140625,441.1300048828125,441.55999755859375,241245
2026-01-15 18:00:00+00:00,441.5249938964844,441.9599914550781,441.3599853515625,441.9281921386719,245619
2026-01-15 18:05:00+00:00,441.92999267578125,442.55999755859375,441.8800048828125,442.04998779296875,362058
2026-01-15 18:10:00+00:00,442.0600891113281,442.3550109863281,441.54998779296875,442.09490966796875,281131
2026-01-15 18:15:00+00:00,442.05999755859375,442.2699890136719,441.7300109863281,442.0799865722656,248860
2026-01-15 18:20:00+00:00,442.07501220703125,442.72119140625,441.9574890136719,442.7099914550781,213300
2026-01-15 18:25:00+00:00,442.69500732421875,443.3999938964844,442.4501037597656,443.2174987792969,402110
2026-01-15 18:30:00+00:00,443.2300109863281,443.82000732421875,443.0400085449219,443.70001220703125,307365
2026-01-15 18:35:00+00:00,443.70001220703125,443.7200012207031,443.32000732421875,443.3797912597656,229042
2026-01-15 18:40:00+00:00,443.3550109863281,443.5199890136719,442.92999267578125,443.1549987792969,258194
2026-01-15 18:45:00+00:00,443.17999267578125,443.67999267578125,443.1000061035156,443.3699951171875,186271
2026-01-15 18:50:00+00:00,443.3699951171875,443.4200134277344,443.0,443.239990234375,243489
2026-01-15 18:55:00+00:00,443.25,443.6499938964844,442.80999755859375,442.8100891113281,253180
2026-01-15 19:00:00+00:00,442.80999755859375,442.8399963378906,441.9601135253906,442.0050048828125,340761
2026-01-15 19:05:00+00:00,442.0050048828125,442.3999938964844,441.510009765625,442.1629943847656,351585
2026-01-15 19:10:00+00:00,442.1700134277344,442.5,441.94000244140625,442.05999755859375,229938
2026-01-15 19:15:00+00:00,442.0400085449219,442.6499938964844,441.6099853515625,442.32501220703125,317814
2026-01-15 19:20:00+00:00,442.2900085449219,442.3999938964844,441.69000244140625,441.8999938964844,377843
2026-01-15 19:25:00+00:00,441.8800048828125,441.8800048828125,441.0799865722656,441.31988525390625,278867
2026-01-15 19:30:00+00:00,441.2900085449219,441.2944030761719,440.0799865722656,440.3200988769531,474102
2026-01-15 19:35:00+00:00,440.3799133300781,440.57000732421875,440.0400085449219,440.31500244140625,295520
2026-01-15 19:40:00+00:00,440.31500244140625,440.7200012207031,439.7699890136719,439.7959899902344,338924
2026-01-15 19:45:00+00:00,439.7900085449219,440.8799133300781,439.6600036621094,440.739990234375,423264
2026-01-15 19:50:00+00:00,440.739990234375,441.04998779296875,440.1000061035156,440.2650146484375,434314
2026-01-15 19:55:00+00:00,440.2099914550781,440.5400085449219,439.4800109863281,440.28729248046875,443246
2026-01-15 20:00:00+00:00,440.2900085449219,440.45001220703125,439.4200134277344,440.2699890136719,353053
2026-01-15 20:05:00+00:00,440.239990234375,440.4700012207031,439.760009765625,440.0400085449219,282113
2026-01-15 20:10:00+00:00,440.0199890136719,440.4700012207031,439.6199951171875,439.79998779296875,293352
2026-01-15 20:15:00+00:00,439.79998779296875,440.1499938964844,438.80999755859375,438.8800964355469,400258
2026-01-15 20:20:00+00:00,438.8399963378906,439.29998779296875,438.510009765625,438.6099853515625,450416
2026-01-15 20:25:00+00:00,438.6099853515625,438.6600036621094,438.1600036621094,438.44000244140625,420975
2026-01-15 20:30:00+00:00,438.489990234375,438.5400085449219,437.8205871582031,438.0,425813
2026-01-15 20:35:00+00:00,438.0199890136719,438.79998779296875,437.6499938964844,438.18359375,473780
2026-01-15 20:40:00+00:00,438.18011474609375,438.7099914550781,438.0899963378906,438.37310791015625,382082
2026-01-15 20:45:00+00:00,438.3599853515625,438.8399963378906,437.8999938964844,438.1300048828125,435005
2026-01-15 20:50:00+00:00,438.1400146484375,438.8800048828125,437.9200134277344,438.7850036621094,482003
2026-01-15 20:55:00+00:00,438.760009765625,439.05999755859375,437.8999938964844,438.3299865722656,753029
2026-01-16 14:30:00+00:00,441.0799865722656,443.82989501953125,440.37701416015625,443.82501220703125,3222389
2026-01-16 14:35:00+00:00,443.8399963378906,447.25,441.8999938964844,445.41241455078125,1816532
2026-01-16 14:40:00+00:00,445.4122009277344,446.6300048828125,445.0199890136719,445.88330078125,1075932
2026-01-16 14:45:00+00:00,445.8599853515625,446.2283020019531,444.2699890136719,445.8955993652344,1018582
2026-01-16 14:50:00+00:00,445.9049987792969,446.6000061035156,444.29998779296875,444.659912109375,960749
2026-01-16 14:55:00+00:00,444.6000061035156,444.82989501953125,443.1499938964844,443.25,701698
2026-01-16 15:00:00+00:00,443.29998779296875,443.6400146484375,442.2200012207031,442.2431945800781,822925
2026-01-16 15:05:00+00:00,442.2900085449219,442.9800109863281,441.79998779296875,442.0,624528
2026-01-16 15:10:00+00:00,441.989990234375,442.3999938964844,440.5,440.53009033203125,685045
2026-01-16 15:15:00+00:00,440.5474853515625,441.0,438.7099914550781,438.7799987792969,969899
2026-01-16 15:20:00+00:00,438.760009765625,439.34991455078125,437.94000244140625,438.04998779296875,1036244
2026-01-16 15:25:00+00:00,438.07000732421875,438.0799865722656,436.3999938964844,436.8500061035156,975079
2026-01-16 15:30:00+00:00,436.82501220703125,437.1300048828125,436.2799987792969,436.7749938964844,643579
2026-01-16 15:35:00+00:00,436.75,437.5,436.0799865722656,436.94500732421875,640413
2026-01-16 15:40:00+00:00,436.9200134277344,437.0799865722656,435.65008544921875,436.32000732421875,632697
2026-01-16 15:45:00+00:00,436.3299865722656,436.3800048828125,435.7200012207031,436.1299133300781,396118
2026-01-16 15:50:00+00:00,436.0874938964844,436.75,435.2601013183594,436.70001220703125,637485
2026-01-16 15:55:00+00:00,436.7300109863281,436.8999938964844,435.6600036621094,436.86199951171875,548202
2026-01-16 16:00:00+00:00,436.8599853515625,437.989990234375,436.6499938964844,436.8699951171875,672041
2026-01-16 16:05:00+00:00,436.8399963378906,437.739990234375,436.3999938964844,437.43499755859375,410623
2026-01-16 16:10:00+00:00,437.4700012207031,438.0799865722656,437.08331298828125,437.9100036621094,453041
2026-01-16 16:15:00+00:00,437.94940185546875,438.460693359375,437.5400085449219,438.385009765625,488790
2026-01-16 16:20:00+00:00,438.3900146484375,438.9200134277344,438.32000732421875,438.739990234375,502279
2026-01-16 16:25:00+00:00,438.739990234375,439.2200012207031,438.510009765625,438.80999755859375,479248
2026-01-16 16:30:00+00:00,438.8299865722656,439.7099914550781,438.739990234375,439.17999267578125,437951
2026-01-16 16:35:00+00:00,439.1499938964844,439.59759521484375,438.92010498046875,439.1199951171875,371754
2026-01-16 16:40:00+00:00,439.1400146484375,439.4200134277344,438.8699951171875,439.0000915527344,340144
2026-01-16 16:45:00+00:00,439.0299987792969,439.3299865722656,438.8399963378906,438.9200134277344,322394
2026-01-16 16:50:00+00:00,438.9200134277344,439.7200012207031,438.8500061035156,438.9800109863281,9506161
2026-01-16 16:55:00+00:00,438.9599914550781,439.3699951171875,437.7701110839844,439.0799865722656,0
2026-01-16 17:00:00+00:00,439.04998779296875,439.05499267578125,438.1300048828125,438.239990234375,354255
2026-01-16 17:05:00+00:00,438.2099914550781,439.4599914550781,438.2099914550781,439.25,366392
2026-01-16 17:10:00+00:00,439.2300109863281,439.5899963378906,439.010009765625,439.17999267578125,287405
2026-01-16 17:15:00+00:00,439.20001220703125,439.3800048828125,438.8399963378906,439.0400085449219,215723
2026-01-16 17:20:00+00:00,439.010009765625,439.3599853515625,438.7099914550781,438.80999755859375,230409
2026-01-16 17:25:00+00:00,438.760009765625,439.0199890136719,438.44000244140625,438.55340576171875,254829
2026-01-16 17:30:00+00:00,438.55999755859375,438.8999938964844,438.07000732421875,438.6600036621094,288580
2026-01-16 17:35:00+00:00,438.67498779296875,439.1000061035156,438.5400085449219,438.8399963378906,170099
2026-01-16 17:40:00+00:00,438.8399963378906,438.8900146484375,438.3999938964844,438.8349914550781,198281
2026-01-16 17:45:00+00:00,438.80999755859375,439.0,438.3999938964844,438.5,201525
2026-01-16 17:50:00+00:00,438.489990234375,438.5799865722656,438.0201110839844,438.25,325155
2026-01-16 17:55:00+00:00,438.25,438.54998779296875,437.94000244140625,438.1242980957031,259961
2026-01-16 18:00:00+00:00,438.1499938964844,438.75,437.8299865722656,438.2699890136719,334601
2026-01-16 18:05:00+00:00,438.2699890136719,439.409912109375,438.239990234375,439.3900146484375,318806
2026-01-16 18:10:00+00:00,439.3699951171875,439.75,439.1099853515625,439.28009033203125,322180
2026-01-16 18:15:00+00:00,439.30499267578125,439.94000244140625,439.2900085449219,439.9200134277344,274130
2026-01-16 18:20:00+00:00,439.92999267578125,440.1899108886719,439.57000732421875,440.04998779296875,337130
2026-01-16 18:25:00+00:00,440.1000061035156,440.45001220703125,439.8800048828125,440.35009765625,296104
2026-01-16 18:30:00+00:00,440.3500061035156,440.8500061035156,440.2799987792969,440.3500061035156,366982
2026-01-16 18:35:00+00:00,440.3550109863281,440.3927001953125,439.67999267578125,440.30999755859375,401131
2026-01-16 18:40:00+00:00,440.30499267578125,440.7247009277344,440.1199951171875,440.2900085449219,358839
2026-01-16 18:45:00+00:00,440.2799987792969,440.4599914550781,439.6000061035156,439.68499755859375,306927
2026-01-16 18:50:00+00:00,439.71990966796875,440.2300109863281,439.6499938964844,439.8900146484375,245782
2026-01-16 18:55:00+00:00,439.8900146484375,440.1000061035156,439.67999267578125,440.0880126953125,193204
2026-01-16 19:00:00+00:00,440.05999755859375,440.67999267578125,439.8999938964844,440.6300048828125,329914
2026-01-16 19:05:00+00:00,440.64581298828125,440.8299865722656,440.3200988769531,440.360107421875,325853
2026-01-16 19:10:00+00:00,440.3782958984375,440.3999938964844,439.42999267578125,439.510009765625,374137
2026-01-16 19:15:00+00:00,439.510009765625,439.9599914550781,439.0199890136719,439.3349914550781,396033
2026-01-16 19:20:00+00:00,439.3349914550781,439.8599853515625,439.3299865722656,439.69989013671875,258821
2026-01-16 19:25:00+00:00,439.6781005859375,439.989990234375,439.3841857910156,439.80999755859375,259969
2026-01-16 19:30:00+00:00,439.79620361328125,440.4100036621094,439.6400146484375,440.2107849121094,268345
2026-01-16 19:35:00+00:00,440.2300109863281,440.54998779296875,440.1000061035156,440.375,224892
2026-01-16 19:40:00+00:00,440.375,440.80999755859375,440.2720947265625,440.4898986816406,351058
2026-01-16 19:45:00+00:00,440.4700012207031,440.70001220703125,440.260009765625,440.3900146484375,211286
2026-01-16 19:50:00+00:00,440.3999938964844,440.6700134277344,440.3599853515625,440.6300048828125,202312
2026-01-16 19:55:00+00:00,440.6199951171875,440.6499938964844,440.1099853515625,440.1881103515625,220968
2026-01-16 20:00:00+00:00,440.1700134277344,440.6000061035156,440.0199890136719,440.1444091796875,233608
2026-01-16 20:05:00+00:00,440.1499938964844,440.42999267578125,439.8800048828125,440.0950012207031,234229
2026-01-16 20:10:00+00:00,440.0899963378906,440.1199951171875,439.6199951171875,439.98638916015625,253477
2026-01-16 20:15:00+00:00,439.9631042480469,440.3500061035156,439.7200012207031,440.2401123046875,268729
2026-01-16 20:20:00+00:00,440.2401123046875,440.5199890136719,440.04998779296875,440.1326904296875,249542
2026-01-16 20:25:00+00:00,440.1199951171875,440.20001220703125,439.8299865722656,439.8799133300781,204417
2026-01-16 20:30:00+00:00,439.8299865722656,439.8800048828125,439.45001220703125,439.5965881347656,565518
2026-01-16 20:35:00+00:00,439.5799865722656,439.6453857421875,439.25,439.4599914550781,347465
2026-01-16 20:40:00+00:00,439.42999267578125,439.82000732421875,439.1700134277344,439.64129638671875,302956
2026-01-16 20:45:00+00:00,439.6099853515625,439.70001220703125,439.1499938964844,439.3299865722656,315047
2026-01-16 20:50:00+00:00,439.3999938964844,439.5,438.6099853515625,438.9649963378906,553972
2026-01-16 20:55:00+00:00,438.94000244140625,438.94000244140625,437.3599853515625,437.4700012207031,1342786
2026-01-20 14:30:00+00:00,429.3450012207031,430.5,424.5,427.7049865722656,3635800
2026-01-20 14:35:00+00:00,427.70001220703125,428.40960693359375,423.4200134277344,425.4208984375,1521772
2026-01-20 14:40:00+00:00,425.368408203125,428.1700134277344,424.68011474609375,427.8500061035156,1006870
2026-01-20 14:45:00+00:00,427.87078857421875,427.87860107421875,425.0199890136719,425.2099914550781,924370
2026-01-20 14:50:00+00:00,425.1700134277344,427.44000244140625,425.1000061035156,426.32000732421875,825348
2026-01-20 14:55:00+00:00,426.2699890136719,426.7099914550781,424.6400146484375,424.7699890136719,896822
2026-01-20 15:00:00+00:00,424.75,425.59991455078125,423.79998779296875,423.9700012207031,648726
2026-01-20 15:05:00+00:00,424.1199951171875,425.8663024902344,423.79998779296875,424.2677001953125,1302623
2026-01-20 15:10:00+00:00,424.2998962402344,425.6499938964844,423.739990234375,425.239990234375,646419
2026-01-20 15:15:00+00:00,425.2200012207031,425.80999755859375,424.3660888671875,424.4200134277344,582531
2026-01-20 15:20:00+00:00,424.42498779296875,426.5,424.3299865722656,426.177001953125,669202
2026-01-20 15:25:00+00:00,426.1400146484375,426.9599914550781,425.8299865722656,426.94000244140625,579833
2026-01-20 15:30:00+00:00,426.94000244140625,427.3900146484375,426.6099853515625,427.1400146484375,502919
2026-01-20 15:35:00+00:00,427.114990234375,427.2099914550781,426.1199951171875,426.9960021972656,468373
2026-01-20 15:40:00+00:00,426.9700927734375,427.7099914550781,426.9700927734375,427.6449890136719,185520
2026-01-20 15:50:00+00:00,425.6216125488281,425.80999755859375,425.5567932128906,425.6026916503906,1024535
2026-01-20 15:55:00+00:00,426.19000244140625,426.19000244140625,426.05999755859375,426.0799865722656,707150
2026-01-20 16:00:00+00:00,426.1000061035156,426.96978759765625,425.5799865722656,425.6090087890625,488758
2026-01-20 16:05:00+00:00,425.6023864746094,425.80999755859375,425.1000061035156,425.2449951171875,351754
2026-01-20 16:10:00+00:00,425.2449951171875,426.2200012207031,424.8800048828125,425.32000732421875,467755
2026-01-20 16:15:00+00:00,425.2969970703125,425.7900085449219,424.9800109863281,425.4100036621094,359804
2026-01-20 16:20:00+00:00,425.4100036621094,425.8539123535156,424.8500061035156,424.94000244140625,381069
2026-01-20 16:25:00+00:00,424.8999938964844,425.67999267578125,424.1300048828125,425.6499938964844,660314
2026-01-20 16:30:00+00:00,425.6600036621094,425.67999267578125,424.8500061035156,425.3299865722656,289977
2026-01-20 16:35:00+00:00,425.29998779296875,425.9100036621094,425.17999267578125,425.42999267578125,319109
2026-01-20 16:40:00+00:00,425.42999267578125,425.568115234375,424.4700012207031,424.7099914550781,345732
2026-01-20 16:45:00+00:00,424.7550048828125,424.989990234375,424.19000244140625,424.4100036621094,331802
2026-01-20 16:50:00+00:00,424.4508056640625,425.0,423.8999938964844,424.3450012207031,482493
2026-01-20 16:55:00+00:00,424.3599853515625,425.5799865722656,424.2099914550781,425.0899963378906,432029
2026-01-20 17:00:00+00:00,425.04998779296875,426.3999938964844,424.7900085449219,425.9800109863281,436041
2026-01-20 17:05:00+00:00,425.9849853515625,426.4999084472656,425.8399963378906,425.92999267578125,332725
2026-01-20 17:10:00+00:00,425.92999267578125,427.3999938964844,425.79998779296875,427.0299987792969,438087
2026-01-20 17:15:00+00:00,427.0000915527344,427.2698059082031,426.43499755859375,426.67010498046875,331547
2026-01-20 17:20:00+00:00,426.6723937988281,426.89990234375,426.25,426.25,292094
2026-01-20 17:25:00+00:00,426.2500915527344,426.9800109863281,426.0545959472656,426.260009765625,298280
2026-01-20 17:30:00+00:00,426.260009765625,426.260009765625,425.7799987792969,425.8500061035156,260962
2026-01-20 17:35:00+00:00,425.8399963378906,426.4599914550781,425.67999267578125,425.9700012207031,262159
2026-01-20 17:40:00+00:00,425.9599914550781,426.3500061035156,425.4599914550781,425.5050048828125,235165
2026-01-20 17:45:00+00:00,425.4949951171875,425.4949951171875,424.5299987792969,424.7200012207031,392868
2026-01-20 17:50:00+00:00,424.7200012207031,424.8599853515625,423.8800048828125,424.739990234375,470497
2026-01-20 17:55:00+00:00,424.7149963378906,424.9198913574219,424.45001220703125,424.8949890136719,281559
2026-01-20 18:00:00+00:00,424.9100036621094,425.2099914550781,424.30999755859375,424.5199890136719,257171
2026-01-20 18:05:00+00:00,424.4800109863281,424.989990234375,424.36700439453125,424.7799987792969,229210
2026-01-20 18:10:00+00:00,424.80999755859375,425.3699951171875,424.760009765625,425.29998779296875,240246
2026-01-20 18:15:00+00:00,425.3429870605469,425.489990234375,424.860107421875,425.1499938964844,216537
2026-01-20 18:20:00+00:00,425.1499938964844,425.23980712890625,424.6099853515625,424.89990234375,229713
2026-01-20 18:25:00+00:00,424.8837890625,425.1700134277344,424.67999267578125,424.7925109863281,215403
2026-01-20 18:30:00+00:00,424.82000732421875,425.0199890136719,424.17999267578125,424.2001037597656,289501
2026-01-20 18:35:00+00:00,424.1700134277344,424.3399963378906,423.79998779296875,423.909912109375,375566
2026-01-20 18:40:00+00:00,423.9200134277344,423.9599914550781,423.3399963378906,423.3699951171875,434149
2026-01-20 18:45:00+00:00,423.3500061035156,423.8999938964844,423.2799987792969,423.4700012207031,323876
2026-01-20 18:50:00+00:00,423.45001220703125,423.489990234375,422.4703063964844,422.58990478515625,534873
2026-01-20 18:55:00+00:00,422.6000061035156,423.2200012207031,422.590087890625,423.0,360218
2026-01-20 19:00:00+00:00,423.0,423.69000244140625,422.90008544921875,422.98919677734375,347329
2026-01-20 19:05:00+00:00,422.98529052734375,423.5400085449219,422.9200134277344,423.1300048828125,244305
2026-01-20 19:10:00+00:00,423.1199951171875,423.6700134277344,422.9700012207031,423.3399963378906,273232
2026-01-20 19:15:00+00:00,423.3299865722656,423.3500061035156,422.6600036621094,422.92999267578125,278520
2026-01-20 19:20:00+00:00,422.9432067871094,423.19000244140625,422.4906921386719,422.7650146484375,286425
2026-01-20 19:25:00+00:00,422.75,422.7699890136719,422.0,422.239990234375,456990
2026-01-20 19:30:00+00:00,422.2300109863281,422.3299865722656,421.2099914550781,421.2101135253906,552411
2026-01-20 19:35:00+00:00,421.2200012207031,421.5199890136719,421.0199890136719,421.2250061035156,479519
2026-01-20 19:40:00+00:00,421.2489929199219,421.57000732421875,420.8800048828125,420.8999938964844,474175
2026-01-20 19:45:00+00:00,420.8800048828125,421.6199951171875,420.70001220703125,421.3900146484375,445242
2026-01-20 19:50:00+00:00,421.3949890136719,421.7200012207031,420.7300109863281,421.57000732421875,446957
2026-01-20 19:55:00+00:00,421.5899963378906,421.6700134277344,420.989990234375,421.45001220703125,389344
2026-01-20 20:00:00+00:00,421.4049987792969,421.42999267578125,420.45001220703125,420.7900085449219,12043823
2026-01-20 20:05:00+00:00,420.80499267578125,421.1272888183594,420.45001220703125,420.5412902832031,0
2026-01-20 20:10:00+00:00,420.55999755859375,421.010009765625,420.010009765625,420.1470031738281,458584
2026-01-20 20:15:00+00:00,420.1449890136719,420.5199890136719,419.57000732421875,419.93218994140625,981658
2026-01-20 20:20:00+00:00,419.94000244140625,420.010009765625,418.9700012207031,418.9800109863281,547451
2026-01-20 20:25:00+00:00,418.9880065917969,419.19000244140625,417.8299865722656,417.9100036621094,844479
2026-01-20 20:30:00+00:00,417.8900146484375,419.260009765625,417.44000244140625,418.3380126953125,814120
2026-01-20 20:35:00+00:00,418.3450012207031,419.1000061035156,418.2101135253906,418.29339599609375,586500
2026-01-20 20:40:00+00:00,418.260009765625,418.69000244140625,418.0299987792969,418.6700134277344,438843
2026-01-20 20:45:00+00:00,418.6400146484375,419.05999755859375,418.5400085449219,418.6724853515625,476986
2026-01-20 20:50:00+00:00,418.67999267578125,419.92999267578125,418.28009033203125,419.1400146484375,868028
2026-01-20 20:55:00+00:00,419.1099853515625,420.4800109863281,419.0400085449219,419.260009765625,1458027
2026-01-21 14:30:00+00:00,421.5799865722656,423.25,419.6200866699219,422.4100036621094,2668017
2026-01-21 14:35:00+00:00,422.42498779296875,422.9599914550781,420.20001220703125,422.239990234375,826837
2026-01-21 14:40:00+00:00,422.2099914550781,422.4861145019531,420.0799865722656,421.9200134277344,669326
2026-01-21 14:45:00+00:00,421.8800964355469,423.2900085449219,421.8800964355469,423.0174865722656,787407
2026-01-21 14:50:00+00:00,423.0,423.8399963378906,422.55999755859375,423.0899963378906,867285
2026-01-21 14:55:00+00:00,423.114990234375,424.1199951171875,422.95001220703125,423.7900085449219,692156
2026-01-21 15:00:00+00:00,423.7699890136719,425.1000061035156,423.7601013183594,424.06500244140625,879244
2026-01-21 15:05:00+00:00,424.1400146484375,424.9800109863281,423.989990234375,424.8299865722656,579927
2026-01-21 15:10:00+00:00,424.8349914550781,425.25,424.0799865722656,424.92498779296875,646053
2026-01-21 15:15:00+00:00,424.9798889160156,426.2200012207031,424.7799987792969,425.7850036621094,802645
2026-01-21 15:20:00+00:00,425.7850036621094,426.45001220703125,425.3999938964844,426.10009765625,615135
2026-01-21 15:25:00+00:00,426.1499938964844,428.2200012207031,426.1499938964844,427.43499755859375,1063657
2026-01-21 15:30:00+00:00,427.4700012207031,428.0733947753906,427.0199890136719,427.4549865722656,590076
2026-01-21 15:35:00+00:00,427.4700012207031,428.44500732421875,427.20001220703125,427.92999267578125,565668
2026-01-21 15:40:00+00:00,427.96990966796875,429.2898864746094,427.908203125,428.67498779296875,760678
2026-01-21 15:45:00+00:00,428.67999267578125,429.5,428.4100036621094,428.6783142089844,621576
2026-01-21 15:50:00+00:00,428.6499938964844,429.2799072265625,428.3999938964844,429.0,555340
2026-01-21 15:55:00+00:00,429.0299987792969,429.54998779296875,428.260009765625,429.2898864746094,633499
2026-01-21 16:00:00+00:00,429.2550048828125,429.7699890136719,428.3800048828125,428.4049987792969,579348
2026-01-21 16:05:00+00:00,428.4049987792969,428.489990234375,427.45001220703125,427.8699951171875,593089
2026-01-21 16:10:00+00:00,427.8583068847656,428.75,427.6499938964844,427.7099914550781,555783
2026-01-21 16:15:00+00:00,427.7300109863281,428.6099853515625,427.44000244140625,428.2300109863281,563872
2026-01-21 16:20:00+00:00,428.2099914550781,428.6099853515625,427.8999938964844,428.2677917480469,397572
2026-01-21 16:25:00+00:00,428.28009033203125,428.3500061035156,427.4200134277344,427.4873962402344,440013
2026-01-21 16:30:00+00:00,427.44000244140625,427.49798583984375,426.32000732421875,426.43499755859375,560196
2026-01-21 16:35:00+00:00,426.4100036621094,426.9800109863281,425.0101013183594,425.2900085449219,630604
2026-01-21 16:40:00+00:00,425.25,425.25,423.70001220703125,423.7799987792969,825480
2026-01-21 16:45:00+00:00,423.8800048828125,424.6899108886719,423.7200012207031,424.30499267578125,629854
2026-01-21 16:50:00+00:00,424.32501220703125,424.510009765625,423.1099853515625,423.29998779296875,554828
2026-01-21 16:55:00+00:00,423.30999755859375,423.4200134277344,422.29998779296875,422.94000244140625,664495
2026-01-21 17:00:00+00:00,422.9100036621094,423.94000244140625,422.3900146484375,422.43499755859375,748220
2026-01-21 17:05:00+00:00,422.4599914550781,422.5249938964844,421.1400146484375,421.3999938964844,600002
2026-01-21 17:10:00+00:00,421.3699951171875,421.75,420.19000244140625,420.32989501953125,532071
2026-01-21 17:15:00+00:00,420.3399963378906,423.0,420.05999755859375,422.3900146484375,734534
2026-01-21 17:20:00+00:00,422.4508972167969,423.1698913574219,422.07000732421875,423.04998779296875,444510
2026-01-21 17:25:00+00:00,423.0199890136719,423.75,422.3999938964844,423.6588134765625,495179
2026-01-21 17:30:00+00:00,423.6700134277344,423.8500061035156,422.94000244140625,423.54010009765625,480489
2026-01-21 17:35:00+00:00,423.5400085449219,424.1199951171875,422.80999755859375,423.8800048828125,501374
2026-01-21 17:40:00+00:00,423.80999755859375,424.5400085449219,423.80499267578125,423.8851013183594,496137
2026-01-21 17:45:00+00:00,423.85009765625,424.1899108886719,423.2799987792969,423.7749938964844,384587
2026-01-21 17:50:00+00:00,423.7113952636719,424.54998779296875,422.92999267578125,424.375,371207
2026-01-21 17:55:00+00:00,424.375,424.79998779296875,423.94000244140625,424.6400146484375,315747
2026-01-21 18:00:00+00:00,424.6199951171875,424.6773986816406,422.80999755859375,423.0000915527344,430155
2026-01-21 18:05:00+00:00,423.0,423.7799987792969,422.872802734375,423.6000061035156,328769
2026-01-21 18:10:00+00:00,423.5849914550781,424.989990234375,423.5849914550781,424.875,385275
2026-01-21 18:15:00+00:00,424.8599853515625,425.30999755859375,424.4200134277344,424.6099853515625,405370
2026-01-21 18:20:00+00:00,424.6109924316406,424.7699890136719,423.8800048828125,424.0215148925781,311776
2026-01-21 18:25:00+00:00,424.0799865722656,425.79998779296875,423.94000244140625,425.65771484375,347464
2026-01-21 18:30:00+00:00,425.67999267578125,426.239990234375,425.3551025390625,426.1499938964844,357848
2026-01-21 18:35:00+00:00,426.1400146484375,426.3500061035156,425.3699951171875,425.95001220703125,282904
2026-01-21 18:45:00+00:00,426.5299987792969,426.92999267578125,426.4100036621094,426.90179443359375,521240
2026-01-21 18:50:00+00:00,426.92999267578125,427.2799987792969,426.6600036621094,427.1700134277344,313364
2026-01-21 18:55:00+00:00,427.1617126464844,427.2799987792969,426.6000061035156,426.9150085449219,287847
2026-01-21 19:00:00+00:00,426.9100036621094,427.3500061035156,426.55999755859375,426.706787109375,235489
2026-01-21 19:05:00+00:00,426.7099914550781,426.82000732421875,425.9100036621094,426.67999267578125,295063
2026-01-21 19:10:00+00:00,426.70001220703125,427.3299865722656,426.6000061035156,426.66009521484375,258077
2026-01-21 19:15:00+00:00,426.69500732421875,427.04998779296875,426.41009521484375,426.80999755859375,200100
2026-01-21 19:20:00+00:00,426.81500244140625,427.3299865722656,426.510009765625,427.07000732421875,205364
2026-01-21 19:25:00+00:00,427.0199890136719,433.04998779296875,426.7200012207031,432.5400085449219,1089301
2026-01-21 19:30:00+00:00,432.5000915527344,435.6099853515625,432.375,435.6099853515625,1215368
2026-01-21 19:35:00+00:00,435.5799865722656,436.94000244140625,435.4100036621094,435.8500061035156,1072186
2026-01-21 19:40:00+00:00,435.8999938964844,437.389892578125,435.5,437.19000244140625,818650
2026-01-21 19:45:00+00:00,437.260009765625,437.8999938964844,436.54998779296875,437.7900085449219,596454
2026-01-21 19:50:00+00:00,437.7749938964844,438.1400146484375,435.9599914550781,437.5199890136719,729423
2026-01-21 19:55:00+00:00,437.32000732421875,438.0,437.2699890136719,437.4849853515625,696434
2026-01-21 20:00:00+00:00,437.4849853515625,437.57000732421875,435.4700012207031,435.760009765625,640377
2026-01-21 20:05:00+00:00,435.75,436.05999755859375,434.45001220703125,435.2284851074219,676526
2026-01-21 20:10:00+00:00,435.17999267578125,435.4700012207031,434.5799865722656,435.3450012207031,473840
2026-01-21 20:15:00+00:00,435.3299865722656,435.6400146484375,433.9200134277344,434.25,571597
2026-01-21 20:20:00+00:00,434.2699890136719,434.8999938964844,433.69000244140625,434.3800048828125,581721
2026-01-21 20:25:00+00:00,434.3800048828125,434.3999938964844,433.4599914550781,433.5602111816406,465427
2026-01-21 20:30:00+00:00,433.55999755859375,434.0,432.4100036621094,433.69000244140625,746769
2026-01-21 20:35:00+00:00,433.67999267578125,434.25,433.32000732421875,433.5950012207031,429381
2026-01-21 20:40:00+00:00,433.6000061035156,433.7998962402344,432.2850036621094,432.45001220703125,553612
2026-01-21 20:45:00+00:00,432.42999267578125,432.5400085449219,431.6000061035156,432.11199951171875,601613
2026-01-21 20:50:00+00:00,432.05999755859375,432.05999755859375,431.05999755859375,431.4599914550781,742095
2026-01-21 20:55:00+00:00,431.44000244140625,431.5,430.27099609375,431.4599914550781,1148115
2026-01-22 14:30:00+00:00,434.8599853515625,435.54998779296875,433.29998779296875,433.4219970703125,2037144
2026-01-22 14:35:00+00:00,433.4100036621094,435.0799865722656,432.6293029785156,434.2099914550781,1010782
2026-01-22 14:40:00+00:00,434.27020263671875,434.80999755859375,433.010009765625,434.55999755859375,761276
2026-01-22 14:45:00+00:00,434.08990478515625,434.95001220703125,433.05999755859375,433.864990234375,739516
2026-01-22 14:50:00+00:00,433.8544921875,436.2300109863281,433.2200927734375,435.3689880371094,1029271
2026-01-22 14:55:00+00:00,435.3599853515625,435.69891357421875,433.3900146484375,434.0299987792969,753009
2026-01-22 15:00:00+00:00,434.04998779296875,434.8999938964844,432.7200012207031,434.8599853515625,939455
2026-01-22 15:05:00+00:00,434.8399963378906,434.8999938964844,433.80999755859375,434.55499267578125,482298
2026-01-22 15:10:00+00:00,434.5899963378906,435.6683044433594,434.3500061035156,434.8799133300781,643945
2026-01-22 15:15:00+00:00,434.8500061035156,435.9800109863281,434.7699890136719,435.5299987792969,590441
2026-01-22 15:20:00+00:00,435.5199890136719,436.4100036621094,434.45001220703125,434.7349853515625,822320
2026-01-22 15:25:00+00:00,434.67999267578125,435.9388122558594,434.510009765625,435.67999267578125,611366
2026-01-22 15:30:00+00:00,435.739990234375,436.0299987792969,434.6000061035156,435.57000732421875,512077
2026-01-22 15:35:00+00:00,435.55999755859375,435.7298889160156,435.07000732421875,435.3599853515625,376787
2026-01-22 15:40:00+00:00,435.3800048828125,435.9800109863281,434.739990234375,435.85009765625,433814
2026-01-22 15:45:00+00:00,435.8500061035156,436.5299987792969,435.7361145019531,436.4104919433594,606936
2026-01-22 15:50:00+00:00,436.3999938964844,439.21990966796875,435.80999755859375,437.6199951171875,1336169
2026-01-22 15:55:00+00:00,437.5799865722656,438.3799133300781,437.0899963378906,437.2200012207031,848117
2026-01-22 16:00:00+00:00,437.19500732421875,437.8699951171875,436.5,437.0350036621094,633187
2026-01-22 16:05:00+00:00,437.04998779296875,437.75,436.8500061035156,437.7300109863281,466510
2026-01-22 16:10:00+00:00,437.67999267578125,438.1400146484375,437.1600036621094,437.7799072265625,535073
2026-01-22 16:15:00+00:00,437.7200012207031,438.1499938964844,437.4100036621094,437.8999938964844,381051
2026-01-22 16:20:00+00:00,437.95001220703125,438.1700134277344,437.6701965332031,438.07000732421875,313802
2026-01-22 16:25:00+00:00,438.07501220703125,438.5,437.79998779296875,437.9599914550781,431918
2026-01-22 16:30:00+00:00,438.0,438.6000061035156,437.8599853515625,438.4856872558594,377563
2026-01-22 16:35:00+00:00,438.4400939941406,438.70001220703125,438.239990234375,438.3699951171875,325290
2026-01-22 16:40:00+00:00,438.3868103027344,438.75,438.0450134277344,438.17498779296875,386812
2026-01-22 16:45:00+00:00,438.25,439.0,438.1400146484375,438.67498779296875,428643
2026-01-22 16:50:00+00:00,438.69000244140625,439.17999267578125,438.5,439.0,364767
2026-01-22 16:55:00+00:00,439.0,439.0299987792969,437.54998779296875,437.8883972167969,468243
2026-01-22 17:00:00+00:00,437.90899658203125,437.9700012207031,437.05999755859375,437.7099914550781,422327
2026-01-22 17:05:00+00:00,437.7650146484375,438.7898864746094,437.54998779296875,438.2099914550781,438142
2026-01-22 17:10:00+00:00,438.2250061035156,438.3099060058594,437.5710144042969,438.21051025390625,345065
2026-01-22 17:15:00+00:00,438.2300109863281,438.32000732421875,437.67999267578125,438.1799011230469,246884
2026-01-22 17:20:00+00:00,438.1686096191406,438.6600036621094,437.8500061035156,438.6400146484375,265680
2026-01-22 17:25:00+00:00,438.6499938964844,439.1099853515625,438.3399963378906,439.07000732421875,394945
2026-01-22 17:30:00+00:00,439.07000732421875,439.80999755859375,438.8999938964844,439.70001220703125,466889
2026-01-22 17:35:00+00:00,439.6986999511719,439.7699890136719,438.8399963378906,438.9599914550781,349762
2026-01-22 17:40:00+00:00,438.9798889160156,439.2674865722656,438.6780090332031,438.75,257690
2026-01-22 17:45:00+00:00,438.75,441.2200012207031,438.6499938964844,441.05999755859375,625726
2026-01-22 17:50:00+00:00,441.0199890136719,442.5199890136719,440.8901062011719,442.4599914550781,946203
2026-01-22 17:55:00+00:00,442.3999938964844,445.8500061035156,442.0400085449219,445.510009765625,1439624
2026-01-22 18:00:00+00:00,445.5,446.5,444.2589111328125,446.2300109863281,1448549
2026-01-22 18:05:00+00:00,446.2099914550781,448.1199951171875,445.001708984375,447.95001220703125,1450447
2026-01-22 18:10:00+00:00,447.93499755859375,448.260009765625,446.3399963378906,447.3500061035156,1062932
2026-01-22 18:15:00+00:00,447.2601013183594,448.25,446.3500061035156,446.3800964355469,798501
2026-01-22 18:20:00+00:00,446.3800048828125,447.0899963378906,446.1300048828125,446.75,583850
2026-01-22 18:25:00+00:00,446.7300109863281,446.8699951171875,444.6400146484375,444.9501037597656,799458
2026-01-22 18:30:00+00:00,444.9599914550781,445.92999267578125,444.5799865722656,445.7900085449219,652412
2026-01-22 18:35:00+00:00,445.739990234375,446.9800109863281,445.6600036621094,446.625,652929
2026-01-22 18:40:00+00:00,446.64300537109375,447.1693115234375,446.510009765625,446.625,501088
2026-01-22 18:45:00+00:00,446.6400146484375,447.04998779296875,445.7099914550781,445.7099914550781,541713
2026-01-22 18:50:00+00:00,445.7300109863281,446.1099853515625,445.0799865722656,445.7149963378906,602978
2026-01-22 18:55:00+00:00,445.739990234375,446.3800048828125,445.0799865722656,446.1300048828125,550774
2026-01-22 19:00:00+00:00,446.1099853515625,447.17999267578125,446.0299987792969,446.8902893066406,516310
2026-01-22 19:05:00+00:00,446.92498779296875,447.510009765625,446.8599853515625,447.32000732421875,413287
2026-01-22 19:10:00+00:00,447.2900085449219,448.8399963378906,446.9700012207031,448.0849914550781,748725
2026-01-22 19:15:00+00:00,448.0885009765625,448.6400146484375,447.44000244140625,448.3900146484375,562259
2026-01-22 19:20:00+00:00,448.4200134277344,448.6398010253906,447.5299987792969,447.6700134277344,454784
2026-01-22 19:25:00+00:00,447.6600036621094,448.8599853515625,447.45001220703125,448.42999267578125,540603
2026-01-22 19:30:00+00:00,448.42999267578125,449.1199951171875,448.2300109863281,448.3323059082031,562571
2026-01-22 19:35:00+00:00,448.3599853515625,448.489990234375,447.9800109863281,448.10009765625,367947
2026-01-22 19:40:00+00:00,448.1174011230469,448.44549560546875,447.8550109863281,448.20001220703125,355452
2026-01-22 19:45:00+00:00,448.1600036621094,448.2200012207031,447.6099853515625,447.88519287109375,421907
2026-01-22 19:50:00+00:00,447.8620910644531,448.44879150390625,447.45001220703125,447.62078857421875,329962
2026-01-22 19:55:00+00:00,447.6199951171875,447.8299865722656,446.20001220703125,446.3901062011719,590527
2026-01-22 20:00:00+00:00,446.3800048828125,446.864990234375,445.5,446.2049865722656,713824
2026-01-22 20:05:00+00:00,446.1700134277344,446.8999938964844,446.05999755859375,446.6549987792969,484476
2026-01-22 20:10:00+00:00,446.6549987792969,446.8599853515625,446.20001220703125,446.789306640625,333899
2026-01-22 20:15:00+00:00,446.773193359375,447.7699890136719,446.6400146484375,447.7699890136719,514686
2026-01-22 20:20:00+00:00,447.75,447.92999267578125,447.0299987792969,447.6299133300781,469573
2026-01-22 20:25:00+00:00,447.6000061035156,447.7200012207031,446.29998779296875,446.3800048828125,437280
2026-01-22 20:30:00+00:00,446.3699951171875,446.8999938964844,446.10198974609375,446.5,493133
2026-01-22 20:35:00+00:00,446.4540100097656,447.1600036621094,446.1199951171875,446.760009765625,442825
2026-01-22 20:40:00+00:00,446.7398986816406,447.6960144042969,446.1300048828125,447.4599914550781,596899
2026-01-22 20:45:00+00:00,447.4700012207031,448.55999755859375,447.2099914550781,448.4599914550781,638772
2026-01-22 20:50:00+00:00,448.5,449.4599914550781,448.5,449.010009765625,1047321
2026-01-22 20:55:00+00:00,449.0299987792969,449.3800048828125,448.5799865722656,449.3699951171875,1395113
2026-01-23 14:30:00+00:00,447.4049987792969,449.9800109863281,444.6000061035156,445.2998962402344,3582406
2026-01-23 14:35:00+00:00,445.2200012207031,446.989990234375,444.1600036621094,445.8700866699219,1315932
2026-01-23 14:40:00+00:00,445.8900146484375,445.989990234375,444.5400085449219,445.8594970703125,800346
2026-01-23 14:45:00+00:00,446.29998779296875,446.92999267578125,444.0400085449219,446.92169189453125,1214452
2026-01-23 14:50:00+00:00,446.885009765625,449.010009765625,446.20001220703125,448.75,1309886
2026-01-23 14:55:00+00:00,448.7550048828125,450.5,448.0101013183594,449.67999267578125,1282672
2026-01-23 15:00:00+00:00,449.7200012207031,451.20001220703125,449.489990234375,449.8599853515625,1151032
2026-01-23 15:05:00+00:00,449.8699951171875,449.9200134277344,447.67999267578125,448.0849914550781,936254
2026-01-23 15:10:00+00:00,448.1199951171875,449.1499938964844,447.0600891113281,447.760009765625,798021
2026-01-23 15:15:00+00:00,447.75,448.2799987792969,445.7200012207031,446.4465026855469,911423
2026-01-23 15:20:00+00:00,446.4599914550781,447.7699890136719,446.2550964355469,446.95001220703125,670513
2026-01-23 15:25:00+00:00,447.0,448.20001220703125,445.9599914550781,446.1099853515625,652406
2026-01-23 15:30:00+00:00,446.114013671875,446.8500061035156,445.9801025390625,446.1400146484375,540044
2026-01-23 15:35:00+00:00,446.090087890625,447.44989013671875,445.8399963378906,447.2550048828125,506569
2026-01-23 15:40:00+00:00,447.2300109863281,449.1700134277344,447.1099853515625,448.7550048828125,662001
2026-01-23 15:45:00+00:00,448.7550048828125,450.1499938964844,448.6000061035156,449.9700012207031,709207
2026-01-23 15:50:00+00:00,449.92999267578125,450.95001220703125,449.0,450.7650146484375,783008
2026-01-23 15:55:00+00:00,450.7690124511719,452.0799865722656,449.3500061035156,452.0299987792969,1020154
2026-01-23 16:00:00+00:00,452.0799865722656,452.42999267578125,450.6000061035156,451.19000244140625,1044872
2026-01-23 16:05:00+00:00,451.19500732421875,451.6099853515625,450.05999755859375,450.1200866699219,524481
2026-01-23 16:10:00+00:00,450.1199951171875,450.489990234375,449.3200988769531,450.30950927734375,531495
2026-01-23 16:15:00+00:00,450.260009765625,450.8399963378906,449.70001220703125,450.65350341796875,511450
2026-01-23 16:20:00+00:00,450.6000061035156,450.95001220703125,449.9100036621094,450.5350036621094,454284
2026-01-23 16:25:00+00:00,450.5,450.760009765625,449.78009033203125,450.07000732421875,349498
2026-01-23 16:30:00+00:00,450.0586853027344,450.3500061035156,448.67999267578125,448.8399963378906,490440
2026-01-23 16:35:00+00:00,448.79998779296875,449.57000732421875,448.6300048828125,449.4949951171875,366353
2026-01-23 16:40:00+00:00,449.489990234375,449.989990234375,449.2676086425781,449.5400085449219,324173
2026-01-23 16:45:00+00:00,449.55499267578125,449.8999938964844,448.8299865722656,449.4150085449219,390795
2026-01-23 16:50:00+00:00,449.4269104003906,449.8800048828125,449.0799865722656,449.1549987792969,258194
2026-01-23 16:55:00+00:00,449.1549987792969,449.1549987792969,448.6000061035156,448.9100036621094,293548
2026-01-23 17:00:00+00:00,448.8900146484375,448.9700012207031,448.1300048828125,448.5299987792969,343068
2026-01-23 17:05:00+00:00,448.5249938964844,448.58990478515625,447.8330078125,447.8450012207031,327806
2026-01-23 17:10:00+00:00,447.8450012207031,448.6000061035156,447.70001220703125,448.4999084472656,302766
2026-01-23 17:15:00+00:00,448.510009765625,448.6499938964844,447.6300048828125,447.8800048828125,262017
2026-01-23 17:20:00+00:00,447.8699951171875,448.3699951171875,447.69000244140625,448.077392578125,206228
2026-01-23 17:25:00+00:00,448.07000732421875,449.1199951171875,448.07000732421875,448.909912109375,378168
2026-01-23 17:30:00+00:00,448.8800048828125,449.2200012207031,447.3599853515625,447.4150085449219,401717
2026-01-23 17:35:00+00:00,447.44000244140625,447.8699951171875,447.25,447.42498779296875,286966
2026-01-23 17:40:00+00:00,447.3999938964844,447.44000244140625,446.3999938964844,446.6600036621094,406885
2026-01-23 17:45:00+00:00,446.69000244140625,447.1400146484375,446.1499938964844,446.7699890136719,346032
2026-01-23 17:50:00+00:00,446.7699890136719,446.8500061035156,445.7301025390625,446.1000061035156,398591
2026-01-23 17:55:00+00:00,446.0802001953125,446.5,445.46099853515625,445.625,346500
2026-01-23 18:00:00+00:00,445.63800048828125,446.1332092285156,445.3599853515625,445.7200012207031,409339
2026-01-23 18:05:00+00:00,445.7300109863281,446.7699890136719,445.2799987792969,446.5520935058594,436370
2026-01-23 18:10:00+00:00,446.6000061035156,447.19000244140625,446.20001220703125,446.4700927734375,376382
2026-01-23 18:15:00+00:00,446.4849853515625,447.510009765625,446.4501037597656,447.2099914550781,375675
2026-01-23 18:20:00+00:00,447.2149963378906,447.3299865722656,446.648193359375,446.80999755859375,250355
2026-01-23 18:25:00+00:00,446.80499267578125,447.34991455078125,446.6614074707031,446.7200012207031,235464
2026-01-23 18:30:00+00:00,446.7452087402344,447.3699951171875,446.260009765625,446.5199890136719,355238
2026-01-23 18:35:00+00:00,446.42999267578125,447.3299865722656,446.35699462890625,447.2001037597656,206351
2026-01-23 18:40:00+00:00,447.2200012207031,447.260009765625,446.6199951171875,446.85650634765625,174993
2026-01-23 18:45:00+00:00,446.864990234375,446.8999938964844,446.3210144042969,446.3699951171875,194016
2026-01-23 18:50:00+00:00,446.3500061035156,446.4800109863281,446.0299987792969,446.3349914550781,258250
2026-01-23 18:55:00+00:00,446.32501220703125,447.4599914550781,446.2618103027344,447.3407897949219,315031
2026-01-23 19:00:00+00:00,447.3500061035156,448.0199890136719,447.2799987792969,447.9849853515625,409426
2026-01-23 19:05:00+00:00,448.0199890136719,448.5799865722656,447.7900085449219,448.36700439453125,360342
2026-01-23 19:10:00+00:00,448.3782043457031,448.4328918457031,447.44000244140625,447.6300048828125,382383
2026-01-23 19:15:00+00:00,447.6700134277344,448.0400085449219,447.5400085449219,447.7499084472656,223528
2026-01-23 19:20:00+00:00,447.7567138671875,448.3299865722656,447.68499755859375,448.0589904785156,243723
2026-01-23 19:25:00+00:00,448.04998779296875,448.3699951171875,447.1199951171875,447.1549987792969,336459
2026-01-23 19:30:00+00:00,447.1700134277344,448.1199951171875,447.0849914550781,447.44000244140625,282360
2026-01-23 19:35:00+00:00,447.41009521484375,447.6499938964844,447.0400085449219,447.39990234375,232938
2026-01-23 19:40:00+00:00,447.3599853515625,447.739990234375,446.989990234375,447.614990234375,242535
2026-01-23 19:45:00+00:00,447.6059875488281,447.8599853515625,447.19329833984375,447.7799987792969,235883
2026-01-23 19:50:00+00:00,447.7900085449219,448.0799865722656,447.5199890136719,447.9750061035156,254084
2026-01-23 19:55:00+00:00,447.9761047363281,448.4649963378906,447.6199951171875,448.4649963378906,249921
2026-01-23 20:00:00+00:00,448.4649963378906,448.8500061035156,447.7301025390625,448.0400085449219,434291
2026-01-23 20:05:00+00:00,448.09991455078125,448.3900146484375,447.3800964355469,447.4200134277344,350045
2026-01-23 20:10:00+00:00,447.42498779296875,448.31500244140625,446.8800048828125,448.1000061035156,511420
2026-01-23 20:15:00+00:00,448.11639404296875,448.20001220703125,447.53009033203125,447.82000732421875,289959
2026-01-23 20:20:00+00:00,447.79998779296875,447.82989501953125,447.3599853515625,447.45001220703125,233779
2026-01-23 20:25:00+00:00,447.4800109863281,447.5799865722656,447.2200927734375,447.2502136230469,196756
2026-01-23 20:30:00+00:00,447.2699890136719,447.44000244140625,446.9200134277344,447.3399963378906,326624
2026-01-23 20:35:00+00:00,447.3349914550781,447.6700134277344,447.0799865722656,447.5199890136719,246933
2026-01-23 20:40:00+00:00,447.5065002441406,447.8599853515625,447.2300109863281,447.7799987792969,323663
2026-01-23 20:45:00+00:00,447.760009765625,447.8699951171875,447.510009765625,447.7099914550781,293426
2026-01-23 20:50:00+00:00,447.7099914550781,448.0,447.0799865722656,447.9502868652344,529425
2026-01-23 20:55:00+00:00,447.8999938964844,449.30999755859375,447.7699890136719,449.07000732421875,1429159
2026-01-26 14:30:00+00:00,445.0299987792969,445.0299987792969,439.6000061035156,439.6499938964844,2285660
2026-01-26 14:35:00+00:00,439.6600036621094,441.4866943359375,439.3900146484375,440.1600036621094,935083
2026-01-26 14:40:00+00:00,440.2298889160156,440.239990234375,438.0,438.6700134277344,1108390
2026-01-26 14:45:00+00:00,438.7312927246094,439.8825988769531,437.6600036621094,437.739990234375,1051912
2026-01-26 14:50:00+00:00,437.67999267578125,439.2699890136719,437.6700134277344,438.5299987792969,698462
2026-01-26 14:55:00+00:00,438.54998779296875,439.45001220703125,438.36871337890625,439.0299987792969,624955
2026-01-26 15:00:00+00:00,439.05499267578125,439.8999938964844,438.6000061035156,439.2900085449219,656574
2026-01-26 15:05:00+00:00,439.2799987792969,440.0,438.8699951171875,439.4106140136719,492059
2026-01-26 15:10:00+00:00,439.4700012207031,440.4184875488281,438.0799865722656,440.3949890136719,703039
2026-01-26 15:15:00+00:00,440.3700866699219,441.3599853515625,440.29998779296875,441.0150146484375,748374
2026-01-26 15:20:00+00:00,441.0400085449219,441.489990234375,440.5299987792969,440.7720031738281,474827
2026-01-26 15:25:00+00:00,440.815185546875,440.82000732421875,437.8800048828125,437.94830322265625,785161
2026-01-26 15:30:00+00:00,437.8999938964844,438.25,437.1889953613281,437.9200134277344,866961
2026-01-26 15:35:00+00:00,437.8900146484375,438.3900146484375,437.5350036621094,437.93499755859375,495085
2026-01-26 15:40:00+00:00,437.95001220703125,437.9898986816406,436.7099914550781,436.8500061035156,660961
2026-01-26 15:45:00+00:00,436.8999938964844,438.0400085449219,436.8551025390625,437.92010498046875,499602
2026-01-26 15:50:00+00:00,437.989990234375,439.32000732421875,437.79998779296875,439.15008544921875,592569
2026-01-26 15:55:00+00:00,439.1512145996094,439.239990234375,438.1499938964844,438.5299987792969,422047
2026-01-26 16:00:00+00:00,438.54998779296875,439.0,438.3100891113281,438.6300048828125,331942
2026-01-26 16:05:00+00:00,438.6099853515625,439.1860046386719,438.010009765625,439.1767883300781,437604
2026-01-26 16:10:00+00:00,439.1600036621094,439.25,438.79998779296875,438.9549865722656,327272
2026-01-26 16:15:00+00:00,438.95001220703125,439.2300109863281,438.4700012207031,438.6600036621094,336928
2026-01-26 16:20:00+00:00,438.6199951171875,439.8699951171875,438.1400146484375,439.4855041503906,568548
2026-01-26 16:25:00+00:00,439.48779296875,439.9800109863281,439.239990234375,439.7099914550781,358978
2026-01-26 16:30:00+00:00,439.760009765625,440.04998779296875,439.5799865722656,439.7850036621094,305892
2026-01-26 16:35:00+00:00,439.75,440.2300109863281,439.6000061035156,439.9216003417969,342567
2026-01-26 16:40:00+00:00,439.9200134277344,439.989990234375,439.1600036621094,439.25,290253
2026-01-26 16:45:00+00:00,439.25,439.32000732421875,437.95001220703125,438.4800109863281,467965
2026-01-26 16:50:00+00:00,438.4739990234375,439.70001220703125,438.32000732421875,439.6499938964844,393134
2026-01-26 16:55:00+00:00,439.6300048828125,439.760009765625,439.260009765625,439.510009765625,248713
2026-01-26 17:00:00+00:00,439.4599914550781,440.0,439.3699951171875,439.6300048828125,264903
2026-01-26 17:05:00+00:00,439.65948486328125,439.7300109863281,439.42999267578125,439.55499267578125,200845
2026-01-26 17:10:00+00:00,439.5799865722656,439.84210205078125,439.05499267578125,439.375,347215
2026-01-26 17:15:00+00:00,439.4200134277344,439.4800109863281,439.04998779296875,439.25299072265625,6295781
2026-01-26 17:20:00+00:00,439.239990234375,439.79998779296875,438.9599914550781,439.54998779296875,0
2026-01-26 17:25:00+00:00,439.5343017578125,440.2699890136719,439.5,439.78680419921875,296608
2026-01-26 17:30:00+00:00,439.81500244140625,439.8399963378906,438.8705139160156,439.20001220703125,371844
2026-01-26 17:35:00+00:00,439.2149963378906,439.3399963378906,438.94000244140625,439.1099853515625,196061
2026-01-26 17:40:00+00:00,439.0899963378906,439.09991455078125,438.5899963378906,438.6799011230469,209470
2026-01-26 17:45:00+00:00,438.6650085449219,438.67999267578125,438.1000061035156,438.44000244140625,343463
2026-01-26 17:50:00+00:00,438.4150085449219,438.5299987792969,438.0799865722656,438.32501220703125,220093
2026-01-26 17:55:00+00:00,438.32501220703125,438.54998779296875,438.1099853515625,438.16351318359375,187964
2026-01-26 18:00:00+00:00,438.16400146484375,438.3500061035156,437.82000732421875,438.0050048828125,353541
2026-01-26 18:05:00+00:00,438.0050048828125,438.42999267578125,437.92999267578125,438.20001220703125,244588
2026-01-26 18:10:00+00:00,438.19000244140625,438.70001220703125,437.9800109863281,438.37249755859375,265589
2026-01-26 18:15:00+00:00,438.364990234375,438.80999755859375,438.30999755859375,438.5450134277344,223188
2026-01-26 18:20:00+00:00,438.5299987792969,438.7481994628906,438.4200134277344,438.57000732421875,180598
2026-01-26 18:25:00+00:00,438.5849914550781,438.69000244140625,438.4140930175781,438.55999755859375,144177
2026-01-26 18:30:00+00:00,438.55999755859375,438.8599853515625,438.5299987792969,438.69000244140625,166457
2026-01-26 18:35:00+00:00,438.69000244140625,438.7300109863281,438.02099609375,438.05499267578125,229229
2026-01-26 18:40:00+00:00,438.07000732421875,438.25,437.9700012207031,438.20001220703125,237264
2026-01-26 18:45:00+00:00,438.2099914550781,438.2799987792969,437.9800109863281,438.2300109863281,180716
2026-01-26 18:50:00+00:00,438.2349853515625,438.7799987792969,438.1099853515625,438.5199890136719,231818
2026-01-26 18:55:00+00:00,438.5249938964844,438.6199951171875,438.3999938964844,438.489990234375,154421
2026-01-26 19:00:00+00:00,438.4599914550781,438.6199035644531,438.0299987792969,438.130615234375,183685
2026-01-26 19:05:00+00:00,438.1400146484375,438.2900085449219,437.57000732421875,437.9100036621094,305349
2026-01-26 19:10:00+00:00,437.9399108886719,438.5199890136719,437.8100891113281,438.3699951171875,268635
2026-01-26 19:15:00+00:00,438.3699951171875,438.67999267578125,438.260009765625,438.45001220703125,446018
2026-01-26 19:20:00+00:00,438.4599914550781,438.4800109863281,437.4200134277344,437.6686096191406,351783
2026-01-26 19:25:00+00:00,437.68499755859375,437.92999267578125,437.6300048828125,437.7300109863281,201849
2026-01-26 19:30:00+00:00,437.739990234375,437.9599914550781,437.5199890136719,437.8299865722656,190950
2026-01-26 19:35:00+00:00,437.8468017578125,437.8999938964844,437.3699951171875,437.4424133300781,248609
2026-01-26 19:40:00+00:00,437.4549865722656,437.70001220703125,437.2699890136719,437.42498779296875,223217
2026-01-26 19:45:00+00:00,437.3999938964844,437.44000244140625,436.7200012207031,436.8949890136719,389786
2026-01-26 19:50:00+00:00,436.9270935058594,437.07000732421875,436.510009765625,436.7749938964844,293352
2026-01-26 19:55:00+00:00,436.7699890136719,436.91790771484375,436.5350036621094,436.59600830078125,499271
2026-01-26 20:00:00+00:00,436.6199951171875,436.70318603515625,435.7300109863281,435.7799987792969,705062
2026-01-26 20:05:00+00:00,435.80999755859375,435.8900146484375,434.9200134277344,435.12249755859375,652658
2026-01-26 20:10:00+00:00,435.125,435.3900146484375,434.75,435.30999755859375,446861
2026-01-26 20:15:00+00:00,435.3399963378906,435.5199890136719,434.82000732421875,435.1199951171875,389114
2026-01-26 20:20:00+00:00,435.1400146484375,435.3999938964844,434.8999938964844,435.1499938964844,327043
2026-01-26 20:25:00+00:00,435.1400146484375,435.19000244140625,434.4700012207031,434.8927001953125,402040
2026-01-26 20:30:00+00:00,434.8800048828125,435.0,434.2900085449219,434.4700012207031,391973
2026-01-26 20:35:00+00:00,434.489990234375,435.04998779296875,434.36029052734375,435.0,372403
2026-01-26 20:40:00+00:00,434.9984130859375,435.95001220703125,434.7799987792969,435.5799865722656,670575
2026-01-26 20:45:00+00:00,435.6000061035156,436.3699951171875,435.45001220703125,436.25250244140625,627242
2026-01-26 20:50:00+00:00,436.239990234375,436.25,435.3399963378906,435.6099853515625,705114
2026-01-26 20:55:00+00:00,435.6199951171875,436.2699890136719,435.1199951171875,435.20001220703125,1147006
2026-01-27 14:30:00+00:00,437.43499755859375,437.5199890136719,433.1600036621094,433.5350036621094,1785585
2026-01-27 14:35:00+00:00,433.6199951171875,433.8800048828125,431.8299865722656,432.5150146484375,957768
2026-01-27 14:40:00+00:00,432.5101013183594,433.1824951171875,432.0,432.5849914550781,650001
2026-01-27 14:45:00+00:00,432.6300048828125,433.95001220703125,432.5400085449219,433.5249938964844,637962
2026-01-27 14:50:00+00:00,433.531494140625,434.3900146484375,432.239990234375,434.31829833984375,703491
2026-01-27 14:55:00+00:00,434.3299865722656,434.92999267578125,434.0799865722656,434.3988952636719,568916
2026-01-27 15:00:00+00:00,434.44000244140625,436.0,433.51739501953125,435.7685852050781,797333
2026-01-27 15:05:00+00:00,435.760009765625,435.8299865722656,434.8500061035156,435.6000061035156,528766
2026-01-27 15:10:00+00:00,435.6400146484375,435.7139892578125,434.30999755859375,434.8497009277344,484078
2026-01-27 15:15:00+00:00,434.8689880371094,435.57989501953125,434.6600036621094,435.1600036621094,455199
2026-01-27 15:20:00+00:00,435.1400146484375,435.8299865722656,434.80999755859375,435.8299865722656,315661
2026-01-27 15:25:00+00:00,435.79998779296875,435.8399963378906,435.04998779296875,435.3900146484375,335601
2026-01-27 15:30:00+00:00,435.364990234375,435.6600036621094,435.0400085449219,435.2101135253906,255493
2026-01-27 15:35:00+00:00,435.24951171875,435.710693359375,434.7701110839844,435.1199951171875,331121
2026-01-27 15:40:00+00:00,435.114990234375,435.6499938964844,435.05999755859375,435.4700012207031,237343
2026-01-27 15:45:00+00:00,435.45001220703125,436.2193908691406,435.1099853515625,436.17498779296875,455917
2026-01-27 15:50:00+00:00,436.17498779296875,436.260009765625,435.0299987792969,435.05999755859375,370852
2026-01-27 15:55:00+00:00,435.0480041503906,435.20001220703125,434.44000244140625,434.6099853515625,422769
2026-01-27 16:00:00+00:00,434.6400146484375,434.8399963378906,433.7300109863281,434.2950134277344,435312
2026-01-27 16:05:00+00:00,434.30999755859375,435.1199951171875,434.260009765625,434.739990234375,370305
2026-01-27 16:10:00+00:00,434.70001220703125,435.20001220703125,434.6300048828125,434.7300109863281,251006
2026-01-27 16:15:00+00:00,434.7200012207031,434.8399963378906,434.2699890136719,434.67498779296875,291915
2026-01-27 16:20:00+00:00,434.68499755859375,435.239990234375,434.510009765625,434.87060546875,271674
2026-01-27 16:25:00+00:00,434.864990234375,435.04998779296875,434.55999755859375,434.8699951171875,209476
2026-01-27 16:30:00+00:00,434.8999938964844,435.0885009765625,434.17999267578125,434.3215026855469,220278
2026-01-27 16:35:00+00:00,434.30999755859375,434.6199951171875,434.1000061035156,434.1600036621094,223768
2026-01-27 16:40:00+00:00,434.1600036621094,434.2699890136719,434.010009765625,434.05999755859375,176108
2026-01-27 16:45:00+00:00,434.0799865722656,435.05999755859375,433.95001220703125,435.0350036621094,317843
2026-01-27 16:50:00+00:00,435.0199890136719,435.82000732421875,435.0199890136719,435.4649963378906,391061
2026-01-27 16:55:00+00:00,435.45001220703125,435.6499938964844,435.1700134277344,435.2305908203125,264590
2026-01-27 17:00:00+00:00,435.2300109863281,435.28009033203125,434.8699951171875,435.05999755859375,215929
2026-01-27 17:05:00+00:00,435.05499267578125,435.0799865722656,433.19000244140625,434.0799865722656,360694
2026-01-27 17:10:00+00:00,434.0799865722656,435.1199951171875,433.989990234375,435.0899963378906,241158
2026-01-27 17:15:00+00:00,435.08990478515625,435.114990234375,434.1700134277344,434.2749938964844,231464
2026-01-27 17:20:00+00:00,434.2987060546875,434.7699890136719,434.010009765625,434.7699890136719,200288
2026-01-27 17:25:00+00:00,434.75,435.04998779296875,434.489990234375,434.6650085449219,190090
2026-01-27 17:30:00+00:00,434.6499938964844,434.7200012207031,434.239990234375,434.6300048828125,174211
2026-01-27 17:35:00+00:00,434.5899963378906,434.95001220703125,434.42999267578125,434.8450012207031,157622
2026-01-27 17:40:00+00:00,434.8550109863281,434.89990234375,433.43011474609375,433.8851013183594,306863
2026-01-27 17:45:00+00:00,433.87750244140625,434.0299987792969,433.70001220703125,433.8031921386719,199872
2026-01-27 17:50:00+00:00,433.7950134277344,434.0,433.6600036621094,433.7799072265625,140646
2026-01-27 17:55:00+00:00,433.760986328125,433.9599914550781,433.2799987792969,433.29998779296875,212804
2026-01-27 18:00:00+00:00,433.2950134277344,433.3088073730469,432.2900085449219,433.010009765625,388986
2026-01-27 18:05:00+00:00,433.010009765625,433.0400085449219,432.6300048828125,432.69500732421875,216079
2026-01-27 18:10:00+00:00,432.67999267578125,433.1700134277344,432.2799987792969,433.1449890136719,4589192
2026-01-27 18:15:00+00:00,433.1449890136719,433.4750061035156,432.9200134277344,433.118408203125,0
2026-01-27 18:20:00+00:00,433.125,433.30999755859375,433.05999755859375,433.2110900878906,139720
2026-01-27 18:25:00+00:00,433.239990234375,433.260009765625,432.7099914550781,432.78009033203125,165791
2026-01-27 18:30:00+00:00,432.8099060058594,433.45001220703125,432.8099060058594,433.2174987792969,207007
2026-01-27 18:35:00+00:00,433.239990234375,433.3219909667969,433.0299987792969,433.06500244140625,158200
2026-01-27 18:40:00+00:00,433.0650939941406,433.20001220703125,432.79998779296875,432.9849853515625,178284
2026-01-27 18:45:00+00:00,432.989990234375,433.1000061035156,432.7300109863281,432.82000732421875,145155
2026-01-27 18:50:00+00:00,432.81500244140625,433.05999755859375,432.4601135253906,432.5150146484375,204424
2026-01-27 18:55:00+00:00,432.510009765625,432.5899963378906,431.80999755859375,431.8299865722656,460933
2026-01-27 19:00:00+00:00,431.80999755859375,431.8500061035156,430.8299865722656,430.864990234375,534329
2026-01-27 19:05:00+00:00,430.864990234375,431.82000732421875,430.8500061035156,431.7300109863281,329424
2026-01-27 19:10:00+00:00,431.7300109863281,432.0799865722656,431.5,431.8550109863281,300678
2026-01-27 19:15:00+00:00,431.8299865722656,432.06878662109375,431.5801086425781,431.6361999511719,254365
2026-01-27 19:20:00+00:00,431.6499938964844,431.6499938964844,431.0899963378906,431.3197021484375,295257
2026-01-27 19:25:00+00:00,431.3349914550781,431.3800048828125,430.8700866699219,431.30010986328125,343930
2026-01-27 19:30:00+00:00,431.31500244140625,431.57000732421875,430.69000244140625,431.0235900878906,376383
2026-01-27 19:35:00+00:00,430.9999084472656,431.25,430.8999938964844,431.04998779296875,208550
2026-01-27 19:40:00+00:00,431.0799865722656,431.6499938964844,431.0400085449219,431.6000061035156,261066
2026-01-27 19:45:00+00:00,431.6000061035156,432.07000732421875,431.510009765625,431.71649169921875,5800991
2026-01-27 19:50:00+00:00,431.7049865722656,432.57000732421875,431.6400146484375,432.5226135253906,0
2026-01-27 19:55:00+00:00,432.5199890136719,432.8500061035156,432.4800109863281,432.6099853515625,305896
2026-01-27 20:00:00+00:00,432.6000061035156,433.1199951171875,432.2900085449219,433.0299987792969,328551
2026-01-27 20:05:00+00:00,433.04998779296875,433.04998779296875,432.55999755859375,432.9800109863281,279940
2026-01-27 20:10:00+00:00,432.9700012207031,433.69000244140625,432.9700012207031,433.6600036621094,381659
2026-01-27 20:15:00+00:00,433.6700134277344,433.69000244140625,433.20001220703125,433.610107421875,267933
2026-01-27 20:20:00+00:00,433.63250732421875,433.80999755859375,433.4200134277344,433.635009765625,233098
2026-01-27 20:25:00+00:00,433.6300964355469,433.8800048828125,433.4599914550781,433.7900085449219,281587
2026-01-27 20:30:00+00:00,433.8031921386719,433.8031921386719,432.6400146484375,432.8550109863281,486630
2026-01-27 20:35:00+00:00,432.864990234375,432.9100036621094,432.260009765625,432.57501220703125,363285
2026-01-27 20:40:00+00:00,432.5849914550781,432.6400146484375,432.0899963378906,432.40008544921875,381912
2026-01-27 20:45:00+00:00,432.42999267578125,432.7900085449219,432.3100891113281,432.6308898925781,391537
2026-01-27 20:50:00+00:00,432.5400085449219,432.6199951171875,431.5199890136719,431.760009765625,645707
2026-01-27 20:55:00+00:00,431.760009765625,431.79998779296875,430.7099914550781,430.9100036621094,1131213
2026-01-28 14:30:00+00:00,431.79998779296875,434.4599914550781,431.20001220703125,433.3999938964844,1797915
2026-01-28 14:35:00+00:00,433.42999267578125,435.8500061035156,432.79998779296875,434.5199890136719,976683
2026-01-28 14:40:00+00:00,434.54998779296875,437.8999938964844,434.5249938964844,437.2250061035156,1160809
2026-01-28 14:45:00+00:00,437.239990234375,437.79998779296875,435.2099914550781,436.6700134277344,1038571
2026-01-28 14:50:00+00:00,436.70989990234375,437.6600036621094,435.67010498046875,437.3800048828125,731866
2026-01-28 14:55:00+00:00,437.3554992675781,438.260009765625,436.9700012207031,437.4794921875,786379
2026-01-28 15:00:00+00:00,437.4700012207031,437.8699951171875,436.1099853515625,436.2799987792969,601281
2026-01-28 15:05:00+00:00,436.2506103515625,436.82000732421875,435.6000061035156,436.510009765625,507234
2026-01-28 15:10:00+00:00,436.5299987792969,436.55999755859375,434.6600036621094,434.88848876953125,631381
2026-01-28 15:15:00+00:00,434.8949890136719,435.5400085449219,434.5,435.5299987792969,539783
2026-01-28 15:20:00+00:00,435.5000915527344,435.69879150390625,434.69000244140625,434.9397888183594,372456
2026-01-28 15:25:00+00:00,434.95001220703125,435.3999938964844,434.1600036621094,434.67730712890625,441724
2026-01-28 15:30:00+00:00,434.6700134277344,434.7300109863281,433.7701110839844,434.04998779296875,389000
2026-01-28 15:35:00+00:00,434.0754089355469,434.9100036621094,433.8299865722656,434.4800109863281,366169
2026-01-28 15:40:00+00:00,434.489990234375,434.5199890136719,432.3599853515625,432.989990234375,722225
2026-01-28 15:45:00+00:00,432.97100830078125,433.04998779296875,432.2200012207031,432.54998779296875,459155
2026-01-28 15:50:00+00:00,432.5509948730469,433.26251220703125,432.3301086425781,432.9794921875,370898
2026-01-28 15:55:00+00:00,432.9999084472656,433.3500061035156,432.60009765625,433.07000732421875,314078
2026-01-28 16:00:00+00:00,433.1199951171875,433.8999938964844,433.05999755859375,433.3883056640625,404471
2026-01-28 16:05:00+00:00,433.4200134277344,433.70001220703125,432.69000244140625,432.94000244140625,295345
2026-01-28 16:10:00+00:00,432.8800048828125,432.94000244140625,432.0199890136719,432.4198913574219,358166
2026-01-28 16:15:00+00:00,432.4100036621094,432.989990234375,432.3599853515625,432.4200134277344,295030
2026-01-28 16:20:00+00:00,432.4176940917969,433.3599853515625,432.260009765625,433.3500061035156,307622
2026-01-28 16:25:00+00:00,433.3349914550781,434.2850036621094,432.92999267578125,434.09051513671875,4759429
2026-01-28 16:30:00+00:00,434.0799865722656,434.1799011230469,433.1900939941406,433.22479248046875,0
2026-01-28 16:35:00+00:00,433.19000244140625,433.94000244140625,433.1400146484375,433.3550109863281,276365
2026-01-28 16:40:00+00:00,433.3846130371094,433.4100036621094,432.3399963378906,432.57000732421875,311802
2026-01-28 16:45:00+00:00,432.6099853515625,433.6499938964844,432.54998779296875,433.19000244140625,292428
2026-01-28 16:50:00+00:00,433.2300109863281,433.3299865722656,432.82000732421875,433.1400146484375,218651
2026-01-28 16:55:00+00:00,433.1099853515625,433.7650146484375,432.8254089355469,433.409912109375,256963
2026-01-28 17:00:00+00:00,433.40850830078125,434.239990234375,433.3599853515625,433.8999938964844,274104
2026-01-28 17:05:00+00:00,433.875,434.4599914550781,433.79998779296875,434.2724914550781,213875
2026-01-28 17:10:00+00:00,434.2799987792969,435.6099853515625,434.1400146484375,435.5400085449219,472972
2026-01-28 17:15:00+00:00,435.5400085449219,435.55999755859375,435.1000061035156,435.2900085449219,380187
2026-01-28 17:20:00+00:00,435.2799987792969,435.3399963378906,433.82000732421875,433.8550109863281,376499
2026-01-28 17:25:00+00:00,433.8399963378906,433.8800048828125,432.8500061035156,433.1199951171875,343591
2026-01-28 17:30:00+00:00,433.0889892578125,433.106689453125,432.3999938964844,432.5899963378906,327777
2026-01-28 17:35:00+00:00,432.55999755859375,433.260009765625,432.5199890136719,432.9779968261719,368714
2026-01-28 17:40:00+00:00,432.98150634765625,433.4399108886719,432.8299865722656,433.14801025390625,280719
2026-01-28 17:45:00+00:00,433.17999267578125,433.7398986816406,432.8999938964844,433.3500061035156,300908
2026-01-28 17:50:00+00:00,433.3399963378906,433.760009765625,433.20001220703125,433.6050109863281,213535
2026-01-28 17:55:00+00:00,433.5899963378906,433.5899963378906,432.70001220703125,432.7300109863281,228599
2026-01-28 18:00:00+00:00,432.69000244140625,433.7099914550781,432.443603515625,433.6499938964844,290133
2026-01-28 18:05:00+00:00,433.66009521484375,434.54998779296875,433.6300048828125,434.5,619188
2026-01-28 18:10:00+00:00,434.5,435.5,434.4700012207031,435.2699890136719,435295
2026-01-28 18:15:00+00:00,435.2838134765625,435.2838134765625,434.30999755859375,434.5400085449219,339403
2026-01-28 18:20:00+00:00,434.5400085449219,435.32000732421875,434.25,435.0199890136719,321643
2026-01-28 18:25:00+00:00,435.0000915527344,435.1499938964844,434.7200012207031,434.82000732421875,252908
2026-01-28 18:30:00+00:00,434.80029296875,435.19000244140625,434.5,434.57000732421875,268965
2026-01-28 18:35:00+00:00,434.5700988769531,434.8599853515625,434.18011474609375,434.6549987792969,250825
2026-01-28 18:40:00+00:00,434.6600036621094,435.55999755859375,434.54998779296875,435.25,364259
2026-01-28 18:45:00+00:00,435.2850036621094,435.44000244140625,434.7300109863281,435.0574951171875,257163
2026-01-28 18:50:00+00:00,435.0400085449219,435.45001220703125,434.95001220703125,435.1400146484375,205358
2026-01-28 18:55:00+00:00,435.125,435.3699951171875,434.5201110839844,434.6199951171875,222104
2026-01-28 19:00:00+00:00,434.6000061035156,434.9999084472656,433.19000244140625,434.3450012207031,389478
2026-01-28 19:05:00+00:00,434.3288879394531,434.75,433.6700134277344,434.1700134277344,263066
2026-01-28 19:10:00+00:00,434.1199951171875,434.3399963378906,433.6000061035156,433.8299865722656,249411
2026-01-28 19:15:00+00:00,433.79998779296875,434.7699890136719,433.67999267578125,434.57501220703125,242966
2026-01-28 19:20:00+00:00,434.5790100097656,434.80999755859375,434.04998779296875,434.57000732421875,222830
2026-01-28 19:25:00+00:00,434.6400146484375,434.6899108886719,432.739990234375,432.885009765625,256228
2026-01-28 19:30:00+00:00,432.8500061035156,434.260009765625,431.739990234375,432.6300048828125,675808
2026-01-28 19:35:00+00:00,432.6300048828125,433.3699951171875,432.54998779296875,433.1600036621094,374615
2026-01-28 19:40:00+00:00,433.1199951171875,433.6700134277344,432.79998779296875,433.07000732421875,352734
2026-01-28 19:45:00+00:00,433.04998779296875,434.54998779296875,433.0249938964844,434.1422119140625,316363
2026-01-28 19:50:00+00:00,434.1499938964844,435.1499938964844,434.0799865722656,435.0299987792969,374245
2026-01-28 19:55:00+00:00,435.0199890136719,435.9599914550781,434.30999755859375,434.3450012207031,508418
2026-01-28 20:00:00+00:00,434.3699951171875,436.0,434.2699890136719,434.8599853515625,507261
2026-01-28 20:05:00+00:00,434.875,435.4798889160156,434.20001220703125,434.6122131347656,448088
2026-01-28 20:10:00+00:00,434.590087890625,435.54998779296875,434.40008544921875,434.5,335761
2026-01-28 20:15:00+00:00,434.4613952636719,434.69000244140625,434.05999755859375,434.4159851074219,293249
2026-01-28 20:20:00+00:00,434.4200134277344,435.25,434.25,435.1400146484375,316884
2026-01-28 20:25:00+00:00,435.1099853515625,435.139892578125,434.2699890136719,434.2950134277344,270196
2026-01-28 20:30:00+00:00,434.32000732421875,434.3500061035156,432.9233093261719,432.9263916015625,483481
2026-01-28 20:35:00+00:00,432.8800048828125,433.5,432.7099914550781,433.2449951171875,377239
2026-01-28 20:40:00+00:00,433.2200012207031,433.8800048828125,433.2200012207031,433.5400085449219,334175
2026-01-28 20:45:00+00:00,433.57000732421875,434.2900085449219,433.20001220703125,433.9700012207031,435707
2026-01-28 20:50:00+00:00,433.80999755859375,434.45001220703125,433.29998779296875,434.0,490397
2026-01-28 20:55:00+00:00,434.010009765625,434.1600036621094,430.20001220703125,431.239990234375,1375784
2026-01-29 14:30:00+00:00,437.760009765625,440.2298889160156,428.7699890136719,430.3999938964844,4360026
2026-01-29 14:35:00+00:00,430.32000732421875,430.760009765625,425.55999755859375,425.8900146484375,2070736
2026-01-29 14:40:00+00:00,425.7900085449219,428.0,424.44000244140625,427.2349853515625,1865410
2026-01-29 14:45:00+00:00,427.29998779296875,429.3299865722656,425.3299865722656,428.5350036621094,1547764
2026-01-29 14:50:00+00:00,428.510009765625,428.639892578125,425.5400085449219,425.9100036621094,1224080
2026-01-29 14:55:00+00:00,425.8599853515625,426.45001220703125,422.8800048828125,423.32501220703125,1419712
2026-01-29 15:00:00+00:00,423.3900146484375,423.9800109863281,421.80999755859375,423.19500732421875,1334095
2026-01-29 15:05:00+00:00,423.19500732421875,427.0,422.78131103515625,425.6000061035156,1280427
2026-01-29 15:10:00+00:00,425.56500244140625,426.7052001953125,422.79998779296875,422.8900146484375,1007423
2026-01-29 15:15:00+00:00,422.95001220703125,424.45001220703125,422.4200134277344,423.2900085449219,836743
2026-01-29 15:20:00+00:00,423.3699951171875,425.1499938964844,422.7300109863281,423.04998779296875,719614
2026-01-29 15:25:00+00:00,423.04998779296875,423.8634948730469,421.260009765625,422.239990234375,887333
2026-01-29 15:30:00+00:00,422.260009765625,423.1700134277344,421.42999267578125,422.29998779296875,908751
2026-01-29 15:35:00+00:00,422.42999267578125,422.42999267578125,419.6400146484375,419.80999755859375,1335785
2026-01-29 15:40:00+00:00,419.8399963378906,420.7200012207031,418.2200012207031,418.68499755859375,1165227
2026-01-29 15:45:00+00:00,418.69000244140625,419.4800109863281,415.67999267578125,415.9075927734375,1403234
2026-01-29 15:50:00+00:00,415.9150085449219,416.55999755859375,415.010009765625,415.1499938964844,1259919
2026-01-29 15:55:00+00:00,415.1400146484375,417.8598937988281,414.6199951171875,417.5119934082031,1160211
2026-01-29 16:00:00+00:00,417.5299987792969,419.3399963378906,417.17999267578125,418.6099853515625,852796
2026-01-29 16:05:00+00:00,418.6099853515625,420.1700134277344,417.31500244140625,417.69000244140625,1040735
2026-01-29 16:10:00+00:00,417.6700134277344,421.7799987792969,417.19000244140625,421.16229248046875,1147368
2026-01-29 16:15:00+00:00,421.1700134277344,422.739990234375,420.92999267578125,422.3399963378906,1064873
2026-01-29 16:20:00+00:00,422.32000732421875,422.7200012207031,421.17010498046875,421.95001220703125,634115
2026-01-29 16:25:00+00:00,421.9700012207031,423.0,420.95001220703125,421.8949890136719,708958
2026-01-29 16:30:00+00:00,421.8599853515625,422.3500061035156,421.0299987792969,421.1400146484375,476795
2026-01-29 16:35:00+00:00,421.1099853515625,421.5,420.19000244140625,420.55999755859375,514588
2026-01-29 16:40:00+00:00,420.5,421.8800048828125,420.1099853515625,421.1700134277344,477406
2026-01-29 16:45:00+00:00,421.1199951171875,421.3900146484375,420.4421081542969,420.7200012207031,388573
2026-01-29 16:50:00+00:00,420.7650146484375,421.3900146484375,419.6700134277344,420.5,477868
2026-01-29 16:55:00+00:00,420.5400085449219,420.9100036621094,419.3800048828125,420.8699951171875,449802
2026-01-29 17:00:00+00:00,420.8196105957031,422.7799987792969,420.76019287109375,422.17498779296875,612478
2026-01-29 17:05:00+00:00,422.1099853515625,422.94000244140625,422.0199890136719,422.4971923828125,369931
2026-01-29 17:10:00+00:00,422.4700012207031,423.9100036621094,422.3800048828125,423.7449951171875,477516
2026-01-29 17:15:00+00:00,423.7698974609375,423.8999938964844,422.79998779296875,423.3699951171875,471623
2026-01-29 17:20:00+00:00,423.4800109863281,424.3695983886719,422.9700012207031,424.2900085449219,401148
2026-01-29 17:25:00+00:00,424.32000732421875,424.8399963378906,423.95001220703125,424.2080078125,494987
2026-01-29 17:30:00+00:00,424.19000244140625,424.7799987792969,423.80999755859375,424.3399963378906,360265
2026-01-29 17:35:00+00:00,424.29071044921875,424.5899963378906,423.0600891113281,423.260009765625,385970
2026-01-29 17:40:00+00:00,423.25,423.6199951171875,422.1499938964844,422.625,445674
2026-01-29 17:45:00+00:00,422.6300048828125,422.6600036621094,421.1000061035156,421.5199890136719,457148
2026-01-29 17:50:00+00:00,421.4599914550781,421.67999267578125,420.82000732421875,421.2099914550781,354028
2026-01-29 17:55:00+00:00,421.2550048828125,421.75,420.30999755859375,420.635009765625,414561
2026-01-29 18:00:00+00:00,420.5899963378906,421.2149963378906,419.7799987792969,420.30999755859375,580130
2026-01-29 18:05:00+00:00,420.30999755859375,421.260009765625,419.92999267578125,420.7200012207031,323328
2026-01-29 18:10:00+00:00,420.7250061035156,421.32000732421875,420.3500061035156,421.1650085449219,309873
2026-01-29 18:15:00+00:00,421.1050109863281,421.3999938964844,420.29998779296875,420.510009765625,292946
2026-01-29 18:20:00+00:00,420.5199890136719,421.3299865722656,420.1199951171875,421.2401123046875,328706
2026-01-29 18:25:00+00:00,421.239990234375,422.2200012207031,420.80999755859375,421.8699951171875,343712
2026-01-29 18:30:00+00:00,421.79998779296875,421.8800048828125,420.75,421.489990234375,357630
2026-01-29 18:35:00+00:00,421.4501037597656,422.8599853515625,420.8399963378906,421.32000732421875,597288
2026-01-29 18:40:00+00:00,421.2799987792969,422.6400146484375,421.260009765625,422.1600036621094,428374
2026-01-29 18:45:00+00:00,422.2099914550781,422.94000244140625,421.2300109863281,422.6700134277344,371251
2026-01-29 18:50:00+00:00,422.6000061035156,422.9200134277344,421.0299987792969,421.1700134277344,337957
2026-01-29 18:55:00+00:00,421.2030944824219,421.5899963378906,420.7300109863281,420.8550109863281,371292
2026-01-29 19:00:00+00:00,420.8450012207031,421.0,419.8599853515625,420.0400085449219,401651
2026-01-29 19:05:00+00:00,420.07000732421875,420.8299865722656,419.80999755859375,420.6105041503906,341808
2026-01-29 19:10:00+00:00,420.6099853515625,421.30999755859375,420.3999938964844,420.42498779296875,305336
2026-01-29 19:15:00+00:00,420.45001220703125,421.29998779296875,420.010009765625,421.1000061035156,320494
2026-01-29 19:20:00+00:00,421.06500244140625,421.07000732421875,420.30999755859375,420.5899963378906,214984
2026-01-29 19:25:00+00:00,420.6199951171875,420.6600036621094,420.0400085449219,420.3599853515625,266676
2026-01-29 19:30:00+00:00,420.3999938964844,420.7900085449219,418.5,418.54998779296875,610932
2026-01-29 19:35:00+00:00,418.5299987792969,419.2398986816406,417.9100036621094,418.4049987792969,539862
2026-01-29 19:40:00+00:00,418.40899658203125,418.9798889160156,418.010009765625,418.9278869628906,393624
2026-01-29 19:45:00+00:00,418.9798889160156,419.45001220703125,418.3999938964844,418.54998779296875,377654
2026-01-29 19:50:00+00:00,418.54998779296875,418.9800109863281,418.3500061035156,418.6050109863281,328022
2026-01-29 19:55:00+00:00,418.6099853515625,418.9100036621094,418.0,418.1000061035156,311545
2026-01-29 20:00:00+00:00,418.1199951171875,418.3299865722656,417.2200012207031,417.31781005859375,592469
2026-01-29 20:05:00+00:00,417.3399963378906,418.67999267578125,417.1600036621094,417.739990234375,474425
2026-01-29 20:10:00+00:00,417.7049865722656,417.82000732421875,417.04998779296875,417.3599853515625,352096
2026-01-29 20:15:00+00:00,417.3699951171875,418.1000061035156,417.04998779296875,417.17999267578125,395682
2026-01-29 20:20:00+00:00,417.1499938964844,417.239990234375,416.1600036621094,416.24859619140625,511390
2026-01-29 20:25:00+00:00,416.273193359375,416.5400085449219,415.4599914550781,415.510009765625,623883
2026-01-29 20:30:00+00:00,415.5199890136719,416.3900146484375,414.94000244140625,416.135009765625,760008
2026-01-29 20:35:00+00:00,416.1099853515625,417.3500061035156,415.6099853515625,416.8599853515625,527001
2026-01-29 20:40:00+00:00,416.8699951171875,417.16900634765625,415.79998779296875,416.7200012207031,643624
2026-01-29 20:45:00+00:00,416.67999267578125,417.29998779296875,415.5,415.79998779296875,555918
2026-01-29 20:50:00+00:00,415.79998779296875,416.4700012207031,415.2099914550781,416.3900146484375,746345
2026-01-29 20:55:00+00:00,416.3900146484375,417.54998779296875,416.2699890136719,416.44000244140625,1718248
2026-01-30 14:30:00+00:00,425.5799865722656,430.0,423.5199890136719,425.8924865722656,3474193
2026-01-30 14:35:00+00:00,425.7716979980469,428.6499938964844,424.8900146484375,425.3999938964844,1240139
2026-01-30 14:40:00+00:00,425.4599914550781,426.3699951171875,423.20001220703125,424.29998779296875,1078854
2026-01-30 14:45:00+00:00,424.2099914550781,425.1600036621094,422.70001220703125,425.0899963378906,1065689
2026-01-30 14:50:00+00:00,425.04998779296875,426.81549072265625,424.0235900878906,426.69000244140625,911690
2026-01-30 14:55:00+00:00,426.75,427.3900146484375,424.6000061035156,425.1499938964844,824060
2026-01-30 15:00:00+00:00,425.17999267578125,426.79998779296875,424.7919921875,425.8450012207031,710974
2026-01-30 15:05:00+00:00,425.8399963378906,430.94000244140625,425.7699890136719,429.1700134277344,1472710
2026-01-30 15:10:00+00:00,429.1700134277344,430.5249938964844,428.0,429.67498779296875,1048243
2026-01-30 15:15:00+00:00,429.6549987792969,431.4800109863281,429.6549987792969,430.7200012207031,1219013
2026-01-30 15:20:00+00:00,430.67999267578125,433.32000732421875,430.4809875488281,432.3847961425781,1438726
2026-01-30 15:25:00+00:00,432.3699951171875,435.3500061035156,432.25,433.5350036621094,1543841
2026-01-30 15:30:00+00:00,433.55499267578125,433.8500061035156,430.5,431.7049865722656,1328423
2026-02-02 19:00:00+00:00,426.1199951171875,426.2699890136719,425.75,425.8699951171875,12910297
2026-02-02 19:05:00+00:00,425.9200134277344,426.6499938964844,425.69000244140625,426.59991455078125,303177
2026-02-02 19:10:00+00:00,426.5711975097656,426.69000244140625,426.010009765625,426.2300109863281,12236858
2026-02-02 19:15:00+00:00,426.239013671875,426.2699890136719,425.75,425.9150085449219,0
2026-02-02 19:20:00+00:00,425.9480895996094,426.1700134277344,425.5,425.5299987792969,282181
2026-02-02 19:25:00+00:00,425.5599060058594,425.95001220703125,425.3999938964844,425.69500732421875,261858
2026-02-02 19:30:00+00:00,425.6700134277344,425.6700134277344,424.5201110839844,424.6000061035156,435965
2026-02-02 19:35:00+00:00,424.6300048828125,425.3599853515625,424.3999938964844,424.55499267578125,336474
2026-02-02 19:40:00+00:00,424.5921936035156,425.25,424.54010009765625,425.07000732421875,228746
2026-02-02 19:45:00+00:00,425.1199951171875,425.5899963378906,424.0299987792969,424.04998779296875,336508
2026-02-02 19:50:00+00:00,424.04998779296875,424.3500061035156,423.7099914550781,423.94500732421875,318543
2026-02-02 19:55:00+00:00,423.9649963378906,424.6899108886719,423.0799865722656,423.2099914550781,416365
2026-02-02 20:00:00+00:00,423.25,423.70001220703125,422.5400085449219,423.6575927734375,472623
2026-02-02 20:05:00+00:00,423.6199951171875,424.5445861816406,423.56500244140625,424.3634033203125,349551
2026-02-02 20:10:00+00:00,424.3995056152344,424.5,423.4200134277344,423.7250061035156,305403
2026-02-02 20:15:00+00:00,423.739990234375,424.5950012207031,423.6600036621094,424.2300109863281,250122
2026-02-02 20:20:00+00:00,424.2452087402344,425.0,424.17999267578125,424.7049865722656,334112
2026-02-02 20:25:00+00:00,424.7099914550781,424.7699890136719,423.8299865722656,423.92498779296875,379502
2026-02-02 20:30:00+00:00,423.8999938964844,424.0557861328125,423.010009765625,423.0199890136719,358727
2026-02-02 20:35:00+00:00,423.0199890136719,423.5799865722656,422.760009765625,423.3700866699219,395982
2026-02-02 20:40:00+00:00,423.3699951171875,423.5350036621094,422.92999267578125,423.5098876953125,299535
2026-02-02 20:45:00+00:00,423.4700012207031,423.5299987792969,422.4800109863281,422.7851867675781,350980
2026-02-02 20:50:00+00:00,422.7799987792969,423.3699951171875,422.2300109863281,422.75,468103
2026-02-02 20:55:00+00:00,422.7200012207031,422.8550109863281,421.739990234375,421.7850036621094,1020418
2026-02-03 14:30:00+00:00,424.2699890136719,425.19000244140625,420.75,424.88800048828125,2149651
2026-02-03 14:35:00+00:00,424.8898010253906,425.510009765625,422.67999267578125,422.98748779296875,973646
2026-02-03 14:40:00+00:00,422.9549865722656,423.70989990234375,420.32000732421875,422.5505065917969,1010785
2026-02-03 14:45:00+00:00,422.5299987792969,424.739990234375,422.0,424.1929016113281,897562
2026-02-03 14:50:00+00:00,424.1400146484375,424.1499938964844,421.8570861816406,421.9049987792969,605781
2026-02-03 14:55:00+00:00,421.8500061035156,421.9200134277344,420.0799865722656,420.4849853515625,787550
2026-02-03 15:00:00+00:00,420.3999938964844,421.95989990234375,419.75,421.739990234375,899886
2026-02-03 15:05:00+00:00,421.70001220703125,422.70001220703125,420.70001220703125,421.2349853515625,656711
2026-02-03 15:10:00+00:00,421.29998779296875,421.3699951171875,420.0199890136719,420.7966003417969,549331
2026-02-03 15:15:00+00:00,420.80499267578125,421.5,420.29998779296875,420.7500915527344,498679
2026-02-03 15:20:00+00:00,420.79998779296875,422.439208984375,420.70001220703125,420.9800109863281,598461
2026-02-03 15:25:00+00:00,420.94500732421875,423.4800109863281,420.6003112792969,422.8550109863281,795788
2026-02-03 15:30:00+00:00,422.80999755859375,425.3399963378906,422.80999755859375,425.1199951171875,902988
2026-02-03 15:35:00+00:00,425.1400146484375,426.2799987792969,423.69000244140625,426.18011474609375,989647
2026-02-03 15:40:00+00:00,426.1700134277344,427.6299133300781,425.95001220703125,426.3500061035156,947969
2026-02-03 15:45:00+00:00,426.3299865722656,426.989990234375,424.6712951660156,426.9700012207031,730775
2026-02-03 15:50:00+00:00,426.92999267578125,428.55999755859375,425.5495910644531,426.20001220703125,897850
2026-02-03 15:55:00+00:00,426.2099914550781,426.6499938964844,425.29998779296875,425.32501220703125,417686
2026-02-03 16:00:00+00:00,425.29998779296875,425.80999755859375,424.6099853515625,424.70001220703125,412330
2026-02-03 16:05:00+00:00,424.69000244140625,425.7297058105469,424.1600036621094,425.1000061035156,442803
2026-02-03 16:10:00+00:00,425.05999755859375,425.57000732421875,424.1499938964844,424.2049865722656,358092
2026-02-03 16:15:00+00:00,424.2049865722656,424.3299865722656,423.03070068359375,423.32000732421875,457066
2026-02-03 16:20:00+00:00,423.3299865722656,423.6600036621094,422.010009765625,422.6650085449219,490856
2026-02-03 16:25:00+00:00,422.6499938964844,423.3800048828125,422.3699951171875,423.17999267578125,378272
2026-02-03 16:30:00+00:00,423.2099914550781,424.7428894042969,423.1401062011719,424.4949951171875,563287
2026-02-03 16:35:00+00:00,424.5,425.07000732421875,423.70001220703125,424.9200134277344,492377
2026-02-03 16:40:00+00:00,424.9100036621094,425.9599914550781,424.80999755859375,425.7550964355469,452904
2026-02-03 16:45:00+00:00,425.7598876953125,427.7200012207031,425.6000061035156,427.3699951171875,620079
2026-02-03 16:50:00+00:00,427.3900146484375,427.4200134277344,425.57000732421875,426.2200012207031,584488
2026-02-03 16:55:00+00:00,426.2349853515625,426.9700012207031,425.4700012207031,425.7099914550781,424951
2026-02-03 17:00:00+00:00,425.7099914550781,425.8900146484375,424.9800109863281,424.9800109863281,273017
2026-02-03 17:05:00+00:00,425.00579833984375,425.00579833984375,424.0320129394531,424.1499938964844,284565
2026-02-03 17:10:00+00:00,424.1698913574219,424.5400085449219,422.1400146484375,422.4599914550781,427092
2026-02-03 17:15:00+00:00,422.4200134277344,422.8999938964844,421.4800109863281,421.510009765625,449923
2026-02-03 17:20:00+00:00,421.4949951171875,421.81988525390625,420.0899963378906,421.6400146484375,676765
2026-02-03 17:25:00+00:00,421.6300048828125,421.9100036621094,420.70001220703125,420.8450012207031,367070
2026-02-03 17:30:00+00:00,420.8299865722656,421.4551086425781,419.8500061035156,419.8900146484375,454623
2026-02-03 17:35:00+00:00,419.86700439453125,419.92999267578125,419.19000244140625,419.6199951171875,465951
2026-02-03 17:40:00+00:00,419.6000061035156,419.7799072265625,418.2799987792969,418.3599853515625,537746
2026-02-03 17:45:00+00:00,418.3999938964844,419.6099853515625,418.1000061035156,418.7799987792969,613288
2026-02-03 17:50:00+00:00,418.7763977050781,419.7250061035156,418.0,418.1099853515625,463673
2026-02-03 17:55:00+00:00,418.114990234375,418.6299133300781,417.6499938964844,417.760009765625,384098
2026-02-03 18:00:00+00:00,417.739990234375,418.7499084472656,417.3500061035156,418.45989990234375,514416
2026-02-03 18:05:00+00:00,418.42498779296875,419.4100036621094,418.2799987792969,418.77081298828125,380467
2026-02-03 18:10:00+00:00,418.70001220703125,418.82000732421875,416.9100036621094,417.2449951171875,436102
2026-02-03 18:15:00+00:00,417.2099914550781,417.739501953125,416.8800048828125,417.7349853515625,393991
2026-02-03 18:20:00+00:00,417.69000244140625,418.1700134277344,417.1400146484375,417.3949890136719,312413
2026-02-03 18:25:00+00:00,417.3901062011719,418.2900085449219,417.0,418.11151123046875,295872
2026-02-03 18:30:00+00:00,418.05999755859375,418.70001220703125,417.3500061035156,418.54998779296875,297948
2026-02-03 18:35:00+00:00,418.5314025878906,418.7900085449219,417.79998779296875,418.7099914550781,305693
2026-02-03 18:40:00+00:00,418.6700134277344,418.8399963378906,417.7799987792969,418.17999267578125,278566
2026-02-03 18:45:00+00:00,418.2049865722656,418.2799987792969,416.739990234375,417.07501220703125,410155
2026-02-03 18:50:00+00:00,417.05999755859375,417.3900146484375,416.610107421875,416.9634094238281,280873
2026-02-03 18:55:00+00:00,416.95001220703125,417.04998779296875,416.1000061035156,416.1083068847656,369676
2026-02-03 19:00:00+00:00,416.1000061035156,416.17999267578125,414.1400146484375,414.2900085449219,947250
2026-02-03 19:05:00+00:00,414.2900085449219,414.7499084472656,413.6900939941406,413.80010986328125,660716
2026-02-03 19:10:00+00:00,413.79998779296875,416.29998779296875,413.760009765625,415.989990234375,758426
2026-02-03 19:15:00+00:00,415.989990234375,417.6000061035156,415.8999938964844,417.3599853515625,564536
2026-02-03 19:20:00+00:00,417.32000732421875,417.760009765625,416.5400085449219,416.67999267578125,416201
2026-02-03 19:25:00+00:00,416.7099914550781,416.9599914550781,415.6650085449219,415.8699951171875,434087
2026-02-03 19:30:00+00:00,415.94000244140625,416.6000061035156,414.8999938964844,415.7900085449219,492219
2026-02-03 19:35:00+00:00,415.80499267578125,417.22869873046875,415.6199951171875,416.6499938964844,295035
2026-02-03 19:40:00+00:00,416.6199951171875,417.4800109863281,416.1099853515625,417.0350036621094,337959
2026-02-03 19:45:00+00:00,417.0400085449219,417.25,416.30999755859375,416.43499755859375,284218
2026-02-03 19:50:00+00:00,416.4100036621094,417.55999755859375,416.1300048828125,417.2200012207031,341416
2026-02-03 19:55:00+00:00,417.2701110839844,419.25,417.19000244140625,418.80059814453125,521830
2026-02-03 20:00:00+00:00,418.80999755859375,419.1400146484375,418.44000244140625,418.5198974609375,313817
2026-02-03 20:05:00+00:00,418.50079345703125,418.989990234375,418.1199951171875,418.2900085449219,260744
2026-02-03 20:10:00+00:00,418.2799987792969,418.5888977050781,417.3999938964844,418.07000732421875,290006
2026-02-03 20:15:00+00:00,418.05999755859375,418.8299865722656,417.510009765625,418.05999755859375,345459
2026-02-03 20:20:00+00:00,418.07000732421875,418.96990966796875,417.70001220703125,418.8544921875,361117
2026-02-03 20:25:00+00:00,418.8450927734375,419.2900085449219,418.4100036621094,418.590087890625,346940
2026-02-03 20:30:00+00:00,418.6300048828125,420.6700134277344,418.5899963378906,420.6099853515625,540864
2026-02-03 20:35:00+00:00,420.5899963378906,420.95001220703125,420.1199951171875,420.68499755859375,496038
2026-02-03 20:40:00+00:00,420.7099914550781,420.8399963378906,419.6199951171875,419.8450012207031,417383
2026-02-03 20:45:00+00:00,419.8399963378906,420.79998779296875,419.69000244140625,420.5,395338
2026-02-03 20:50:00+00:00,420.5,421.0,419.9700012207031,420.9997863769531,426321
2026-02-03 20:55:00+00:00,420.9750061035156,422.20001220703125,420.9100036621094,421.80999755859375,1024653
2026-02-04 14:30:00+00:00,420.4599914550781,420.9100036621094,417.510009765625,418.29150390625,1641640
2026-02-04 14:35:00+00:00,418.3399963378906,423.45001220703125,418.1261901855469,423.20001220703125,1131776
2026-02-04 14:40:00+00:00,423.1099853515625,423.7300109863281,422.11810302734375,422.489990234375,908368
2026-02-04 14:45:00+00:00,422.489990234375,422.5552978515625,421.0307922363281,422.14990234375,668963
2026-02-04 14:50:00+00:00,422.1499938964844,423.341796875,420.284912109375,423.341796875,932249
2026-02-04 14:55:00+00:00,423.3599853515625,423.8999938964844,418.54998779296875,419.3500061035156,1021818
2026-02-04 15:00:00+00:00,419.29998779296875,419.29998779296875,416.5400085449219,418.1600036621094,942015
2026-02-04 15:05:00+00:00,418.1700134277344,418.8500061035156,417.4200134277344,418.0299072265625,735273
2026-02-04 15:10:00+00:00,418.04998779296875,418.659912109375,416.260009765625,416.3299865722656,886835
2026-02-04 15:15:00+00:00,416.3699951171875,417.1300048828125,415.5899963378906,415.9150085449219,751047
2026-02-04 15:20:00+00:00,416.0,417.4599914550781,415.0299987792969,416.7149963378906,829687
2026-02-04 15:25:00+00:00,416.739990234375,417.6000061035156,416.3800048828125,416.760009765625,630603
2026-02-04 15:30:00+00:00,416.7900085449219,417.239990234375,413.04010009765625,413.1600036621094,957271
2026-02-04 15:35:00+00:00,413.1510925292969,415.07989501953125,412.2699890136719,414.39990234375,1078936
2026-02-04 15:40:00+00:00,414.3999938964844,416.1400146484375,413.94000244140625,414.57000732421875,752206
2026-02-04 15:45:00+00:00,414.6076965332031,414.6659851074219,412.6400146484375,413.1700134277344,551516
2026-02-04 15:50:00+00:00,413.18499755859375,413.8699951171875,412.42999267578125,413.2699890136719,556505
2026-02-04 15:55:00+00:00,413.239990234375,414.32000732421875,411.840087890625,412.19000244140625,691036
2026-02-04 16:00:00+00:00,412.19000244140625,412.6700134277344,409.135009765625,409.3900146484375,1281393
2026-02-04 16:05:00+00:00,409.3900146484375,410.5,407.5,407.8699951171875,1003194
2026-02-04 16:10:00+00:00,407.9700012207031,409.760009765625,407.6499938964844,409.05999755859375,842943
2026-02-04 16:15:00+00:00,409.0274963378906,409.6300048828125,407.0299987792969,407.260009765625,707017
2026-02-04 16:20:00+00:00,407.2349853515625,408.8699951171875,407.2300109863281,408.78509521484375,611103
2026-02-04 16:25:00+00:00,408.739990234375,409.06988525390625,407.5802917480469,408.82501220703125,550298
2026-02-04 16:30:00+00:00,408.7900085449219,409.0899963378906,407.92999267578125,408.489990234375,388090
2026-02-04 16:35:00+00:00,408.5400085449219,409.239990234375,407.8800048828125,407.92999267578125,495098
2026-02-04 16:40:00+00:00,407.9100036621094,407.95001220703125,404.7200927734375,405.0,1052927
2026-02-04 16:45:00+00:00,405.02410888671875,405.42999267578125,404.110107421875,404.739990234375,715597
2026-02-04 16:50:00+00:00,404.7461853027344,405.2900085449219,403.69000244140625,404.92999267578125,749887
2026-02-04 16:55:00+00:00,404.94000244140625,406.3800048828125,404.7904968261719,406.3299865722656,678738
2026-02-04 17:00:00+00:00,406.30999755859375,406.73638916015625,405.7799987792969,406.6300964355469,509735
2026-02-04 17:05:00+00:00,406.67498779296875,407.2099914550781,405.77801513671875,406.9100036621094,501437
2026-02-04 17:10:00+00:00,406.9012145996094,407.5199890136719,406.010009765625,407.1650085449219,468546
2026-02-04 17:15:00+00:00,407.1400146484375,407.2900085449219,405.2605895996094,405.32000732421875,486241
2026-02-04 17:20:00+00:00,405.31640625,405.8399963378906,404.9010009765625,405.2449951171875,405447
2026-02-04 17:25:00+00:00,405.2449951171875,405.4200134277344,402.9800109863281,403.1600036621094,647832
2026-02-04 17:30:00+00:00,403.04998779296875,404.3500061035156,402.3550109863281,402.7684020996094,695346
2026-02-04 17:35:00+00:00,402.739990234375,402.739990234375,400.69000244140625,400.94000244140625,798092
2026-02-04 17:40:00+00:00,400.94000244140625,401.8299865722656,400.4800109863281,401.69000244140625,580839
2026-02-04 17:45:00+00:00,401.69000244140625,401.8699951171875,400.30999755859375,400.3500061035156,558473
2026-02-04 17:50:00+00:00,400.3399963378906,401.1400146484375,399.17999267578125,400.9599914550781,1062101
2026-02-04 17:55:00+00:00,400.9700012207031,402.6000061035156,400.95001220703125,402.4331970214844,584271
2026-02-04 18:00:00+00:00,402.5,403.3599853515625,401.25,403.3299865722656,579790
2026-02-04 18:05:00+00:00,403.3399963378906,404.5837097167969,402.8999938964844,403.010009765625,764256
2026-02-04 18:10:00+00:00,402.9800109863281,404.00250244140625,402.9200134277344,403.62701416015625,465067
2026-02-04 18:15:00+00:00,403.6076965332031,404.2998962402344,403.2301025390625,403.6199951171875,487685
2026-02-04 18:20:00+00:00,403.67498779296875,404.8399963378906,403.5,404.81500244140625,411841
2026-02-04 18:25:00+00:00,404.8399963378906,406.5,404.818115234375,406.42498779296875,638000
2026-02-04 18:30:00+00:00,406.4599914550781,406.489990234375,404.42999267578125,404.7799987792969,602934
2026-02-04 18:35:00+00:00,404.7799987792969,405.77679443359375,404.6199951171875,405.7099914550781,397367
2026-02-04 18:40:00+00:00,405.7200012207031,405.9800109863281,404.840087890625,405.30999755859375,344004
2026-02-04 18:45:00+00:00,405.2799987792969,405.2799987792969,403.4200134277344,403.42999267578125,482921
2026-02-04 18:50:00+00:00,403.4200134277344,404.0400085449219,402.276611328125,403.9200134277344,553007
2026-02-04 18:55:00+00:00,403.9200134277344,405.8599853515625,403.8299865722656,405.16949462890625,587995
2026-02-04 19:00:00+00:00,405.1300048828125,405.6300048828125,404.3900146484375,404.4100036621094,399184
2026-02-04 19:05:00+00:00,404.3699951171875,404.6000061035156,403.5,403.8399963378906,454968
2026-02-04 19:10:00+00:00,403.840087890625,404.2699890136719,403.3999938964844,403.4649963378906,344225
2026-02-04 19:15:00+00:00,403.44000244140625,404.6700134277344,403.44000244140625,403.8482971191406,394747
2026-02-04 19:20:00+00:00,403.8399963378906,404.30999755859375,402.8807067871094,403.5,372263
2026-02-04 19:25:00+00:00,403.510009765625,405.1299133300781,403.4800109863281,404.7200927734375,385002
2026-02-04 19:30:00+00:00,404.70001220703125,405.5537109375,404.6600036621094,405.385009765625,345077
2026-02-04 19:35:00+00:00,405.4200134277344,405.6299133300781,404.2200012207031,404.26141357421875,486821
2026-02-04 19:40:00+00:00,404.3581848144531,406.010009765625,404.17010498046875,405.7799987792969,717682
2026-02-04 19:45:00+00:00,405.7799987792969,407.5,405.3399963378906,406.53729248046875,768723
2026-02-04 19:50:00+00:00,406.55999755859375,408.3299865722656,406.2601013183594,407.8699951171875,589072
2026-02-04 19:55:00+00:00,407.8699951171875,409.3500061035156,407.7799987792969,409.0350036621094,621907
2026-02-04 20:00:00+00:00,409.0199890136719,409.2300109863281,407.9400939941406,408.4100036621094,638431
2026-02-04 20:05:00+00:00,408.409912109375,408.5,407.4200134277344,408.4400939941406,452038
2026-02-04 20:10:00+00:00,408.4599914550781,408.6400146484375,406.81201171875,407.64990234375,521582
2026-02-04 20:15:00+00:00,407.6099853515625,408.2699890136719,407.3399963378906,407.5799865722656,494063
2026-02-04 20:20:00+00:00,407.5299987792969,408.20001220703125,407.010009765625,407.32000732421875,423347
2026-02-04 20:25:00+00:00,407.3399963378906,407.8599853515625,406.6199951171875,407.82501220703125,399043
2026-02-04 20:30:00+00:00,407.80999755859375,408.8298034667969,407.45001220703125,408.6700134277344,502852
2026-02-04 20:35:00+00:00,408.69000244140625,409.1600036621094,408.3999938964844,408.8399963378906,453358
2026-02-04 20:40:00+00:00,408.8500061035156,408.9100036621094,407.45001220703125,407.64129638671875,443570
2026-02-04 20:45:00+00:00,407.6629943847656,408.0899963378906,406.75,407.0,585968
2026-02-04 20:50:00+00:00,407.0,408.45001220703125,405.55999755859375,406.519287109375,842638
2026-02-04 20:55:00+00:00,406.4700012207031,406.9798889160156,405.3500061035156,405.8999938964844,1386786
2026-02-05 14:30:00+00:00,397.05999755859375,398.57000732421875,392.8399963378906,398.42999267578125,3711147
2026-02-05 14:35:00+00:00,398.5299987792969,401.1499938964844,397.25,399.9700012207031,1353923
2026-02-05 14:40:00+00:00,400.0799865722656,400.4700012207031,397.6600036621094,399.3349914550781,927045
2026-02-05 14:45:00+00:00,399.3349914550781,399.4599914550781,397.80999755859375,399.385009765625,650533
2026-02-05 14:50:00+00:00,399.3800048828125,400.0400085449219,396.0199890136719,396.4800109863281,1008558
2026-02-05 14:55:00+00:00,396.4599914550781,396.9800109863281,394.760009765625,395.45001220703125,845390
2026-02-05 15:00:00+00:00,395.510009765625,396.1000061035156,392.30010986328125,393.2149963378906,1122038
2026-02-05 15:05:00+00:00,393.2250061035156,393.4599914550781,390.1199951171875,390.9599914550781,1396118
2026-02-05 15:10:00+00:00,390.9599914550781,391.70001220703125,387.8800048828125,387.9200134277344,1443168
2026-02-05 15:15:00+00:00,387.89801025390625,391.5382995605469,387.5309143066406,391.5382995605469,1245415
2026-02-05 15:20:00+00:00,391.5299987792969,391.9200134277344,389.57000732421875,390.5799865722656,788215
2026-02-05 15:25:00+00:00,390.5799865722656,391.8999938964844,388.69000244140625,389.7799987792969,814748
2026-02-05 15:30:00+00:00,389.7200012207031,391.20001220703125,387.8599853515625,388.125,813135
2026-02-05 15:35:00+00:00,388.1499938964844,390.3900146484375,387.7300109863281,390.19500732421875,746814
2026-02-05 15:40:00+00:00,390.20001220703125,392.3500061035156,389.2300109863281,392.1133117675781,764791
2026-02-05 15:45:00+00:00,392.04058837890625,392.5398864746094,390.2799987792969,390.9200134277344,600512
2026-02-05 15:50:00+00:00,390.8500061035156,392.45001220703125,390.8450012207031,391.30999755859375,528421
2026-02-05 15:55:00+00:00,391.2900085449219,393.010009765625,391.239990234375,392.8800048828125,587603
2026-02-05 16:00:00+00:00,392.8399963378906,393.1700134277344,391.5299987792969,391.5476989746094,581493
2026-02-05 16:05:00+00:00,391.55999755859375,392.2799987792969,390.6700134277344,390.8240051269531,450824
2026-02-05 16:10:00+00:00,390.80999755859375,392.2879943847656,390.1700134277344,390.30499267578125,431101
2026-02-05 16:15:00+00:00,390.32000732421875,393.3900146484375,390.32000732421875,393.3399963378906,557639
2026-02-05 16:20:00+00:00,393.3699951171875,395.1400146484375,393.3341979980469,394.9599914550781,815667
2026-02-05 16:25:00+00:00,394.96929931640625,396.9599914550781,394.3999938964844,396.87799072265625,811346
2026-02-05 16:30:00+00:00,396.8800048828125,397.5299987792969,395.8500061035156,396.8399963378906,845104
2026-02-05 16:35:00+00:00,396.8800048828125,398.0299987792969,396.29998779296875,397.5,602122
2026-02-05 16:40:00+00:00,397.510009765625,398.17999267578125,396.6600036621094,396.8817138671875,583771
2026-02-05 16:45:00+00:00,396.9100036621094,397.1914978027344,395.80999755859375,396.93499755859375,499308
2026-02-05 16:50:00+00:00,396.95550537109375,398.3500061035156,396.9100036621094,398.22650146484375,562574
2026-02-05 16:55:00+00:00,398.260009765625,398.7900085449219,397.1099853515625,398.239990234375,507125
2026-02-05 17:00:00+00:00,398.2149963378906,398.44000244140625,396.3900146484375,396.9549865722656,438821
2026-02-05 17:05:00+00:00,396.8399963378906,397.9100036621094,396.7300109863281,397.2149963378906,452157
2026-02-05 17:10:00+00:00,397.2300109863281,398.32989501953125,396.7200012207031,398.0299987792969,397070
2026-02-05 17:15:00+00:00,398.010009765625,398.8699951171875,397.54998779296875,398.3699951171875,427381
2026-02-05 17:20:00+00:00,398.3399963378906,399.7099914550781,397.2699890136719,399.70001220703125,606493
2026-02-05 17:25:00+00:00,399.7200012207031,400.42999267578125,399.67169189453125,399.9700012207031,609081
2026-02-05 17:30:00+00:00,400.0,400.31988525390625,398.6700134277344,399.05499267578125,469702
2026-02-05 17:35:00+00:00,399.0,400.0899963378906,398.9100036621094,399.2449951171875,373607
2026-02-05 17:40:00+00:00,399.1650085449219,400.5199890136719,399.05999755859375,400.45001220703125,453900
2026-02-05 17:45:00+00:00,400.489990234375,401.7099914550781,400.15008544921875,400.6072998046875,655504
2026-02-05 17:50:00+00:00,400.6000061035156,401.5,400.05999755859375,400.8699951171875,423789
2026-02-05 17:55:00+00:00,400.760009765625,400.9800109863281,399.5899963378906,400.2650146484375,439080
2026-02-05 18:00:00+00:00,400.2300109863281,402.1000061035156,400.05999755859375,401.5,510926
2026-02-05 18:05:00+00:00,401.4599914550781,401.8999938964844,400.67999267578125,400.9100036621094,367833
2026-02-05 18:10:00+00:00,400.9150085449219,401.1600036621094,399.9599914550781,400.5050048828125,402205
2026-02-05 18:15:00+00:00,400.5,400.6000061035156,399.42999267578125,399.8999938964844,434604
2026-02-05 18:20:00+00:00,399.8999938964844,400.0299987792969,398.6449890136719,398.9093017578125,480291
2026-02-05 18:25:00+00:00,398.8949890136719,399.8500061035156,398.4599914550781,399.6400146484375,385860
2026-02-05 18:30:00+00:00,399.6099853515625,400.92999267578125,399.5799865722656,400.5,458559
2026-02-05 18:35:00+00:00,400.3949890136719,400.739990234375,399.4649963378906,399.7651062011719,313983
2026-02-05 18:40:00+00:00,399.75,399.8783874511719,398.8800048828125,399.6050109863281,368374
2026-02-05 18:45:00+00:00,399.5,399.989990234375,397.8599853515625,398.16009521484375,464892
2026-02-05 18:50:00+00:00,398.1499938964844,398.3500061035156,397.6499938964844,398.239990234375,467656
2026-02-05 18:55:00+00:00,398.19000244140625,399.4798889160156,397.67999267578125,399.1099853515625,462089
2026-02-05 19:00:00+00:00,399.07000732421875,399.6199951171875,398.2300109863281,399.07000732421875,400970
2026-02-05 19:05:00+00:00,399.07000732421875,399.70001220703125,398.3550109863281,398.8399963378906,397082
2026-02-05 19:10:00+00:00,398.8500061035156,400.32000732421875,398.57000732421875,400.239990234375,444901
2026-02-05 19:15:00+00:00,400.239990234375,401.4700012207031,400.0199890136719,401.1000061035156,514400
2026-02-05 19:20:00+00:00,401.1122131347656,401.1499938964844,400.06658935546875,400.06658935546875,365476
2026-02-05 19:25:00+00:00,400.04998779296875,400.04998779296875,398.3299865722656,398.7550048828125,461236
2026-02-05 19:30:00+00:00,398.7300109863281,398.7900085449219,396.7138977050781,397.0675048828125,529868
2026-02-05 19:35:00+00:00,397.0899963378906,397.2676086425781,396.3800048828125,396.67999267578125,401421
2026-02-05 19:40:00+00:00,396.6600036621094,396.7698974609375,395.8299865722656,395.8450927734375,385746
2026-02-05 19:45:00+00:00,395.84991455078125,396.3599853515625,395.2900085449219,395.3299865722656,446166
2026-02-05 19:50:00+00:00,395.30999755859375,395.63690185546875,394.53350830078125,394.9200134277344,535404
2026-02-05 19:55:00+00:00,394.9599914550781,396.21990966796875,394.75,396.1300048828125,509629
2026-02-05 20:00:00+00:00,396.1545104980469,397.0350036621094,396.0,396.2300109863281,512258
2026-02-05 20:05:00+00:00,396.2598876953125,398.1700134277344,396.0801086425781,397.8800048828125,557424
2026-02-05 20:10:00+00:00,397.8599853515625,398.3999938964844,396.7099914550781,397.2300109863281,521590
2026-02-05 20:15:00+00:00,397.239990234375,397.239990234375,394.6600036621094,394.9150085449219,515865
2026-02-05 20:20:00+00:00,394.8299865722656,395.2099914550781,394.1000061035156,394.4949951171875,519132
2026-02-05 20:25:00+00:00,394.5133972167969,394.69000244140625,393.79998779296875,394.1099853515625,497980
2026-02-05 20:30:00+00:00,394.1099853515625,394.2699890136719,393.0799865722656,393.5199890136719,654901
2026-02-05 20:35:00+00:00,393.510009765625,394.0400085449219,393.0199890136719,393.5299987792969,614557
2026-02-05 20:40:00+00:00,393.57000732421875,394.75,393.4100036621094,394.55999755859375,689575
2026-02-05 20:45:00+00:00,394.5400085449219,395.3599853515625,394.32000732421875,395.1499938964844,603599
2026-02-05 20:50:00+00:00,395.17999267578125,396.87078857421875,394.2799987792969,396.8550109863281,769585
2026-02-05 20:55:00+00:00,396.8550109863281,397.8299865722656,396.3500061035156,397.1000061035156,1464160
2026-02-06 14:30:00+00:00,400.8800048828125,402.9700012207031,397.7699890136719,402.85009765625,2813542
2026-02-06 14:35:00+00:00,402.9100036621094,405.45001220703125,402.2799987792969,404.6813049316406,1473634
2026-02-06 14:40:00+00:00,404.70001220703125,404.8900146484375,402.5400085449219,402.6509094238281,426392
2026-02-06 14:45:00+00:00,404.801513671875,408.8399963378906,404.55999755859375,408.05999755859375,2193006
2026-02-06 14:50:00+00:00,408.1199951171875,408.79998779296875,407.0299987792969,407.9154968261719,861864
2026-02-06 14:55:00+00:00,407.8700866699219,408.6789855957031,406.29998779296875,407.07000732421875,992846
2026-02-06 15:00:00+00:00,407.2200012207031,407.8900146484375,405.3999938964844,407.489990234375,836564
2026-02-06 15:05:00+00:00,407.4800109863281,408.17999267578125,405.70001220703125,407.0899963378906,705463
2026-02-06 15:10:00+00:00,407.1099853515625,409.0400085449219,405.7699890136719,406.2799987792969,907070
2026-02-06 15:15:00+00:00,406.20001220703125,408.1549987792969,405.4601135253906,407.7950134277344,725641
2026-02-06 15:20:00+00:00,407.7601013183594,409.4800109863281,406.79998779296875,407.9649963378906,819434
2026-02-06 15:25:00+00:00,407.9599914550781,410.3089904785156,407.75,410.10400390625,862220
2026-02-06 15:30:00+00:00,410.19000244140625,411.57000732421875,409.510009765625,410.4999084472656,862542
2026-02-06 15:35:00+00:00,410.4649963378906,410.8599853515625,409.5299987792969,410.55999755859375,588627
2026-02-06 15:40:00+00:00,410.6000061035156,411.2650146484375,410.0,411.0899963378906,507895
2026-02-06 15:55:00+00:00,409.6700134277344,410.0874938964844,408.8999938964844,409.1441955566406,2275693
2026-02-06 16:00:00+00:00,409.1050109863281,409.79998779296875,408.70001220703125,409.385009765625,523750
2026-02-06 16:05:00+00:00,409.510009765625,410.05938720703125,409.2699890136719,409.8599853515625,210670
2026-02-06 16:10:00+00:00,410.1499938964844,410.4100036621094,410.0199890136719,410.4100036621094,756366
2026-02-06 16:15:00+00:00,410.07000732421875,410.26348876953125,409.927001953125,409.927001953125,407856
2026-02-06 16:20:00+00:00,410.3127136230469,410.6000061035156,409.989990234375,410.3299865722656,328090
2026-02-06 16:25:00+00:00,410.31500244140625,410.7499084472656,409.3500061035156,410.2799987792969,422548
2026-02-06 16:30:00+00:00,410.26251220703125,411.19000244140625,410.0350036621094,411.1300048828125,369599
2026-02-06 16:35:00+00:00,411.1300048828125,411.75,410.9100036621094,411.69989013671875,501684
2026-02-06 16:40:00+00:00,411.635009765625,412.3999938964844,411.3500061035156,411.70001220703125,471514
2026-02-06 16:45:00+00:00,411.70001220703125,411.8999938964844,411.20001220703125,411.4700012207031,360332
2026-02-06 16:50:00+00:00,411.5120849609375,411.9700012207031,411.32000732421875,411.5704040527344,305892
2026-02-06 16:55:00+00:00,411.55999755859375,411.6499938964844,410.1300048828125,410.4700012207031,468542
2026-02-06 17:00:00+00:00,410.5,411.67999267578125,410.04998779296875,411.635009765625,374291
2026-02-06 17:05:00+00:00,411.6600036621094,412.6300048828125,411.6600036621094,412.6173095703125,473885
2026-02-06 17:10:00+00:00,412.6300048828125,412.9700012207031,412.0400085449219,412.5799865722656,420643
2026-02-06 17:15:00+00:00,412.5899963378906,413.739990234375,412.3511962890625,413.45001220703125,471704
2026-02-06 17:20:00+00:00,413.4800109863281,413.5799865722656,412.6400146484375,413.2799987792969,425228
2026-02-06 17:25:00+00:00,413.25,414.0400085449219,412.9400939941406,413.8699951171875,381051
2026-02-06 17:30:00+00:00,413.8699951171875,414.510009765625,413.7799987792969,414.1199951171875,527504
2026-02-06 17:35:00+00:00,414.0799865722656,414.0799865722656,412.9100036621094,413.010009765625,359342
2026-02-06 17:40:00+00:00,413.0199890136719,414.1799011230469,412.94000244140625,413.9800109863281,353977
2026-02-06 17:45:00+00:00,414.0,414.29998779296875,413.80999755859375,414.010009765625,313430
2026-02-06 17:50:00+00:00,414.010009765625,414.54998779296875,413.4200134277344,413.9100036621094,385549
2026-02-06 17:55:00+00:00,413.885009765625,414.1700134277344,413.2300109863281,413.3799133300781,277539
2026-02-06 18:00:00+00:00,413.35009765625,413.8800048828125,413.0,413.135009765625,328516
2026-02-06 18:05:00+00:00,413.135009765625,413.3800048828125,412.7300109863281,412.94000244140625,343731
2026-02-06 18:10:00+00:00,412.82000732421875,412.8900146484375,412.70001220703125,412.82000732421875,125936
2026-02-06 18:15:00+00:00,413.0050048828125,413.44500732421875,412.94000244140625,413.0350036621094,562386
2026-02-06 18:20:00+00:00,413.0199890136719,413.2936096191406,411.7799987792969,411.8450012207031,371265
2026-02-06 18:25:00+00:00,411.85369873046875,412.260009765625,411.7300109863281,412.17498779296875,386922
2026-02-06 18:30:00+00:00,412.1650085449219,412.5,411.79998779296875,411.9700012207031,343239
2026-02-06 18:35:00+00:00,411.95001220703125,412.7898864746094,411.7200012207031,412.6437072753906,267034
2026-02-06 18:40:00+00:00,412.6400146484375,412.67999267578125,411.5799865722656,412.0,254031
2026-02-06 18:45:00+00:00,411.9200134277344,412.8999938964844,411.8699951171875,412.7799987792969,313534
2026-02-06 18:50:00+00:00,412.7974853515625,412.91558837890625,412.30999755859375,412.3882141113281,218497
2026-02-06 18:55:00+00:00,412.3599853515625,412.3699951171875,411.25,411.3399963378906,308376
2026-02-06 19:00:00+00:00,411.3200988769531,411.9106140136719,411.0799865722656,411.4993896484375,368923
2026-02-06 19:05:00+00:00,411.4750061035156,412.1499938964844,411.2349853515625,412.05999755859375,293486
2026-02-06 19:10:00+00:00,412.04998779296875,412.677001953125,411.95001220703125,412.0599060058594,280506
2026-02-06 19:15:00+00:00,412.07000732421875,412.75,411.57000732421875,412.68499755859375,373709
2026-02-06 19:20:00+00:00,412.6700134277344,413.6600036621094,412.54998779296875,413.64990234375,441241
2026-02-06 19:25:00+00:00,413.625,414.0400085449219,413.34051513671875,413.385009765625,445122
2026-02-06 19:30:00+00:00,413.3999938964844,414.20001220703125,413.2300109863281,414.0589904785156,383627
2026-02-06 19:35:00+00:00,414.0400085449219,414.5199890136719,413.9800109863281,414.3059997558594,359622
2026-02-06 19:40:00+00:00,414.3034973144531,414.4700012207031,413.99530029296875,414.19000244140625,300442
2026-02-06 19:45:00+00:00,414.1990051269531,414.54998779296875,414.12200927734375,414.2749938964844,395266
2026-02-06 19:50:00+00:00,414.2699890136719,414.2699890136719,413.45001220703125,413.4599914550781,358031
2026-02-06 19:55:00+00:00,413.4549865722656,413.8699951171875,413.2300109863281,413.57501220703125,307115
2026-02-06 20:00:00+00:00,413.55999755859375,413.55999755859375,412.8699951171875,413.1361999511719,391378
2026-02-06 20:05:00+00:00,413.1099853515625,413.6099853515625,412.8699951171875,412.9100036621094,323062
2026-02-06 20:10:00+00:00,412.9100036621094,413.9800109863281,412.7699890136719,413.85400390625,328612
2026-02-06 20:15:00+00:00,413.8399963378906,414.3800048828125,413.6200866699219,414.3500061035156,385092
2026-02-06 20:20:00+00:00,414.3599853515625,414.45001220703125,413.4700012207031,413.6300048828125,342799
2026-02-06 20:25:00+00:00,413.6300048828125,413.9700012207031,413.0213928222656,413.40618896484375,395281
2026-02-06 20:30:00+00:00,413.3699951171875,414.3900146484375,413.1000061035156,414.2699890136719,433721
2026-02-06 20:35:00+00:00,414.2601013183594,414.3900146484375,413.30999755859375,413.42999267578125,368819
2026-02-06 20:40:00+00:00,413.4200134277344,414.17999267578125,413.2900085449219,414.0199890136719,463634
2026-02-06 20:45:00+00:00,414.0400085449219,414.54998779296875,413.70001220703125,413.82000732421875,502842
2026-02-06 20:50:00+00:00,413.7699890136719,414.44000244140625,411.6499938964844,411.9100036621094,836325
2026-02-06 20:55:00+00:00,411.94000244140625,411.94000244140625,410.6099853515625,411.010009765625,1697672
2026-02-09 14:30:00+00:00,409.9049987792969,411.17999267578125,407.2900085449219,409.8699951171875,2247264
2026-02-09 14:35:00+00:00,409.78009033203125,411.1499938964844,409.20001220703125,410.6199951171875,1001695
2026-02-09 14:40:00+00:00,410.7049865722656,412.6116943359375,408.7200012207031,412.31280517578125,984536
2026-02-09 14:45:00+00:00,413.0,413.75,412.010009765625,412.6853942871094,1020009
2026-02-09 14:50:00+00:00,412.7300109863281,412.7998962402344,410.6499938964844,411.75,768856
2026-02-09 14:55:00+00:00,411.8039855957031,412.2998962402344,409.32000732421875,409.6499938964844,641282
2026-02-09 15:00:00+00:00,409.6474914550781,411.44000244140625,409.1400146484375,410.6400146484375,655163
2026-02-09 15:05:00+00:00,410.6000061035156,412.6400146484375,410.54998779296875,412.527587890625,582451
2026-02-09 15:10:00+00:00,412.5400085449219,413.7699890136719,412.0299987792969,413.6285095214844,4904418
2026-02-09 15:15:00+00:00,413.625,414.9800109863281,413.5199890136719,414.88641357421875,0
2026-02-09 15:20:00+00:00,414.8699951171875,415.3299865722656,413.5199890136719,413.94000244140625,724279
2026-02-09 15:25:00+00:00,413.9200134277344,414.1199951171875,412.6199951171875,412.9649963378906,617030
2026-02-09 15:30:00+00:00,412.9649963378906,413.92999267578125,412.70001220703125,413.3450012207031,436991
2026-02-09 15:35:00+00:00,413.3299865722656,414.8276062011719,413.2001037597656,414.2699890136719,533322
2026-02-09 15:40:00+00:00,414.2301940917969,415.6199951171875,414.19000244140625,414.7699890136719,670576
2026-02-09 15:45:00+00:00,414.7998962402344,415.6600036621094,414.6600036621094,415.625,428852
2026-02-09 15:50:00+00:00,415.6282043457031,416.54998779296875,415.0199890136719,416.29998779296875,585402
2026-02-09 15:55:00+00:00,416.3500061035156,418.5899963378906,416.3200988769531,417.92999267578125,994493
2026-02-09 16:00:00+00:00,417.9200134277344,418.70001220703125,417.6199951171875,417.869384765625,656467
2026-02-09 16:05:00+00:00,417.8800048828125,419.04998779296875,417.8599853515625,418.9598083496094,551337
2026-02-09 16:10:00+00:00,418.95001220703125,419.42999267578125,418.66009521484375,419.260009765625,608861
2026-02-09 16:15:00+00:00,419.2622985839844,419.30999755859375,418.17999267578125,418.2799987792969,471273
2026-02-09 16:20:00+00:00,418.29998779296875,418.6000061035156,417.45001220703125,417.6300048828125,461418
2026-02-09 16:25:00+00:00,417.6000061035156,418.79998779296875,417.4750061035156,418.6650085449219,444375
2026-02-09 16:30:00+00:00,418.6199951171875,418.7200012207031,417.9700012207031,418.5899963378906,327608
2026-02-09 16:35:00+00:00,418.57000732421875,419.42999267578125,418.4599914550781,419.110107421875,397570
2026-02-09 16:40:00+00:00,419.1499938964844,419.7699890136719,418.6000061035156,419.7300109863281,495188
2026-02-09 16:45:00+00:00,419.7156066894531,420.69000244140625,419.5155029296875,419.8717956542969,694626
2026-02-09 16:50:00+00:00,419.8900146484375,420.1600036621094,419.5299987792969,420.1000061035156,486141
2026-02-09 16:55:00+00:00,420.0899963378906,420.44000244140625,419.6600036621094,420.3999938964844,339407
2026-02-09 17:00:00+00:00,420.3800048828125,420.7900085449219,420.04998779296875,420.2099914550781,413941
2026-02-09 17:05:00+00:00,420.239990234375,420.71990966796875,419.8804016113281,420.0450134277344,387605
2026-02-09 17:10:00+00:00,420.05999755859375,420.9599914550781,420.0400085449219,420.7099914550781,339865
2026-02-09 17:15:00+00:00,420.7349853515625,421.25,420.5199890136719,420.9100036621094,753440
2026-02-09 17:20:00+00:00,420.8599853515625,421.239990234375,420.510009765625,420.93499755859375,339642
2026-02-09 17:25:00+00:00,420.9200134277344,420.9722900390625,420.2799987792969,420.5299987792969,309194
2026-02-09 17:30:00+00:00,420.54998779296875,421.20989990234375,420.42999267578125,420.8699951171875,257613
2026-02-09 17:35:00+00:00,420.8599853515625,421.20001220703125,420.4100036621094,421.0299987792969,291519
2026-02-09 17:40:00+00:00,421.0299987792969,421.07000732421875,420.2300109863281,420.2550048828125,209531
2026-02-09 17:45:00+00:00,420.260009765625,420.3999938964844,419.760009765625,420.2799987792969,290225
2026-02-09 17:50:00+00:00,420.3299865722656,420.3800048828125,419.8999938964844,420.07000732421875,193651
2026-02-09 17:55:00+00:00,420.1050109863281,420.2900085449219,419.5299987792969,419.6199951171875,240200
2026-02-09 18:00:00+00:00,419.6499938964844,419.9800109863281,419.20001220703125,419.72979736328125,352813
2026-02-09 18:05:00+00:00,419.7049865722656,419.82000732421875,419.0600891113281,419.25,252822
2026-02-09 18:10:00+00:00,419.27508544921875,419.7297058105469,418.9599914550781,419.0950927734375,252589
2026-02-09 18:15:00+00:00,419.1099853515625,419.9200134277344,418.9200134277344,419.75,309995
2026-02-09 18:20:00+00:00,419.7898864746094,419.94000244140625,417.70001220703125,418.43499755859375,553316
2026-02-09 18:25:00+00:00,418.45001220703125,418.5199890136719,417.8599853515625,418.34991455078125,343808
2026-02-09 18:30:00+00:00,418.30230712890625,419.0198974609375,417.7099914550781,418.9100036621094,352988
2026-02-09 18:35:00+00:00,418.8999938964844,419.3999938964844,418.7001037597656,419.3299865722656,296009
2026-02-09 18:40:00+00:00,419.3299865722656,419.94000244140625,419.28009033203125,419.8500061035156,318938
2026-02-09 18:45:00+00:00,419.82000732421875,419.95001220703125,418.8100891113281,418.8699951171875,10924566
2026-02-09 18:50:00+00:00,418.8900146484375,419.6400146484375,418.6600036621094,419.45001220703125,0
2026-02-09 18:55:00+00:00,419.4700012207031,419.8599853515625,419.3900146484375,419.54998779296875,201673
2026-02-09 19:00:00+00:00,419.5299987792969,420.47979736328125,419.42999267578125,420.3699951171875,319971
2026-02-09 19:05:00+00:00,420.3699951171875,420.6600036621094,420.0199890136719,420.19500732421875,250916
2026-02-09 19:10:00+00:00,420.18499755859375,420.2300109863281,419.69000244140625,419.7349853515625,233358
2026-02-09 19:15:00+00:00,419.76300048828125,420.2300109863281,419.6300048828125,419.739990234375,222206
2026-02-09 19:20:00+00:00,419.7449951171875,419.8599853515625,419.4599914550781,419.760009765625,248225
2026-02-09 19:25:00+00:00,419.7749938964844,420.5299987792969,419.7749938964844,420.1697082519531,296057
2026-02-09 19:30:00+00:00,420.19000244140625,420.79998779296875,419.8599853515625,420.7799987792969,279964
2026-02-09 19:35:00+00:00,420.7699890136719,420.8999938964844,420.3800048828125,420.4432067871094,218239
2026-02-09 19:40:00+00:00,420.4200134277344,420.44000244140625,419.9100036621094,420.2099914550781,324433
2026-02-09 19:45:00+00:00,420.1914978027344,420.42999267578125,419.7547912597656,420.1199951171875,270731
2026-02-09 19:50:00+00:00,420.1099853515625,420.5899963378906,420.0799865722656,420.377685546875,273608
2026-02-09 19:55:00+00:00,420.4039001464844,420.4039001464844,419.8511962890625,419.92498779296875,242815
2026-02-09 20:00:00+00:00,419.9800109863281,420.17950439453125,419.5199890136719,419.65380859375,309829
2026-02-09 20:05:00+00:00,419.6700134277344,420.2300109863281,419.5199890136719,420.1000061035156,285695
2026-02-09 20:10:00+00:00,420.0899963378906,420.4800109863281,419.8800964355469,420.17498779296875,276703
2026-02-09 20:15:00+00:00,420.1700134277344,420.42999267578125,419.6300048828125,420.1400146484375,291715
2026-02-09 20:20:00+00:00,420.20001220703125,420.2898864746094,419.8500061035156,420.0199890136719,263396
2026-02-09 20:25:00+00:00,420.0199890136719,420.30999755859375,419.4070129394531,420.1199951171875,352462
2026-02-09 20:30:00+00:00,420.0799865722656,420.4200134277344,419.6600036621094,419.6700134277344,371040
2026-02-09 20:35:00+00:00,419.6600036621094,419.9143981933594,418.82000732421875,419.8500061035156,467487
2026-02-09 20:40:00+00:00,419.8299865722656,420.3399963378906,419.75,420.135009765625,308197
2026-02-09 20:45:00+00:00,420.135009765625,420.17999267578125,419.1203918457031,419.2900085449219,350465
2026-02-09 20:50:00+00:00,419.260009765625,419.2799987792969,418.1300048828125,418.25,607887
2026-02-09 20:55:00+00:00,418.2799987792969,418.2799987792969,417.1300964355469,417.1600036621094,1078863
2026-02-10 14:30:00+00:00,418.0899963378906,423.92999267578125,417.0,422.25,2156345
2026-02-10 14:35:00+00:00,422.2950134277344,425.4599914550781,421.70001220703125,422.67999267578125,1413757
2026-02-10 14:40:00+00:00,422.739990234375,423.9700012207031,421.5299987792969,422.7900085449219,943599
2026-02-10 14:45:00+00:00,422.75,423.8399963378906,420.88800048828125,421.67999267578125,938740
2026-02-10 14:50:00+00:00,421.6400146484375,422.3399963378906,420.7200012207031,421.8299865722656,635663
2026-02-10 14:55:00+00:00,421.8900146484375,423.9700012207031,421.29998779296875,422.32000732421875,756729
2026-02-10 15:00:00+00:00,422.32000732421875,422.5899963378906,419.9700012207031,420.2799987792969,813017
2026-02-10 15:05:00+00:00,420.29998779296875,422.1400146484375,420.1400146484375,421.6700134277344,715500
2026-02-10 15:10:00+00:00,421.6700134277344,423.7699890136719,421.4599914550781,423.1700134277344,877024
2026-02-10 15:15:00+00:00,423.1400146484375,423.3299865722656,421.54998779296875,422.5899963378906,600846
2026-02-10 15:20:00+00:00,422.5950012207031,423.4599914550781,422.05999755859375,422.2900085449219,491614
2026-02-10 15:25:00+00:00,422.2300109863281,423.95989990234375,421.82000732421875,423.34161376953125,600341
2026-02-10 15:30:00+00:00,423.3399963378906,424.6000061035156,423.05999755859375,424.0911865234375,710356
2026-02-10 15:35:00+00:00,424.07000732421875,424.3799133300781,423.1600036621094,423.67999267578125,505877
2026-02-10 15:40:00+00:00,423.6499938964844,424.2799987792969,423.30999755859375,424.210693359375,450470
2026-02-10 15:45:00+00:00,424.20001220703125,425.1199951171875,423.95001220703125,424.87908935546875,680695
2026-02-10 15:50:00+00:00,424.8599853515625,425.4200134277344,424.07000732421875,424.9800109863281,621983
2026-02-10 15:55:00+00:00,424.92999267578125,425.3299865722656,423.4728088378906,424.8900146484375,731469
2026-02-10 16:00:00+00:00,424.864990234375,425.2099914550781,423.8800048828125,424.1099853515625,490494
2026-02-10 16:05:00+00:00,424.1400146484375,424.19000244140625,422.0899963378906,422.0924987792969,546958
2026-02-10 16:10:00+00:00,422.1099853515625,423.19000244140625,421.94000244140625,422.79998779296875,512390
2026-02-10 16:15:00+00:00,422.7904968261719,422.9700012207031,421.7099914550781,422.51220703125,421103
2026-02-10 16:20:00+00:00,422.4599914550781,422.4599914550781,421.0580139160156,421.2550048828125,460922
2026-02-10 16:25:00+00:00,421.25,421.9656066894531,420.71270751953125,421.7349853515625,482791
2026-02-10 16:30:00+00:00,421.7099914550781,422.1099853515625,421.05999755859375,421.885498046875,562377
2026-02-10 16:35:00+00:00,421.94000244140625,422.94989013671875,421.8949890136719,422.94500732421875,577300
2026-02-10 16:40:00+00:00,422.9200134277344,424.29998779296875,422.8900146484375,423.2799987792969,613518
2026-02-10 16:45:00+00:00,423.32000732421875,424.1499938964844,423.25,423.44500732421875,400436
2026-02-10 16:50:00+00:00,423.45001220703125,424.2099914550781,423.1003112792969,424.12359619140625,342137
2026-02-10 16:55:00+00:00,424.0299987792969,424.54998779296875,423.6449890136719,423.739990234375,402939
2026-02-10 17:00:00+00:00,423.7200012207031,423.9100036621094,422.8616027832031,423.0899963378906,315423
2026-02-10 17:05:00+00:00,423.1199951171875,424.17999267578125,422.9700012207031,424.0249938964844,319811
2026-02-10 17:10:00+00:00,424.04998779296875,424.5799865722656,423.82000732421875,424.5498962402344,303501
2026-02-10 17:15:00+00:00,424.5350036621094,426.989990234375,424.3086853027344,426.875,906431
2026-02-10 17:20:00+00:00,426.8764953613281,427.25,425.8699951171875,426.0799865722656,802395
2026-02-10 17:25:00+00:00,426.0614929199219,426.6000061035156,424.8301086425781,424.93499755859375,499257
2026-02-10 17:30:00+00:00,424.8800048828125,425.0799865722656,424.1499938964844,424.6300048828125,433148
2026-02-10 17:35:00+00:00,424.6099853515625,424.6099853515625,423.760009765625,423.864990234375,381914
2026-02-10 17:40:00+00:00,423.864990234375,424.5799865722656,423.840087890625,424.29998779296875,319455
2026-02-10 17:45:00+00:00,424.260009765625,425.260009765625,424.0899963378906,424.7887878417969,398046
2026-02-10 17:50:00+00:00,424.82000732421875,425.3900146484375,424.3999938964844,425.1650085449219,313439
2026-02-10 17:55:00+00:00,425.15069580078125,425.3800048828125,424.9209899902344,425.1099853515625,199885
2026-02-10 18:00:00+00:00,425.1099853515625,425.1499938964844,424.29998779296875,424.8699951171875,292313
2026-02-10 18:05:00+00:00,424.8299865722656,425.3999938964844,424.45001220703125,425.3450012207031,264446
2026-02-10 18:10:00+00:00,425.3450012207031,426.114990234375,424.79998779296875,425.5400085449219,428866
2026-02-10 18:15:00+00:00,425.5199890136719,425.79998779296875,424.92999267578125,425.67999267578125,364139
2026-02-10 18:20:00+00:00,425.6600036621094,425.76348876953125,424.6000061035156,424.95001220703125,414379
2026-02-10 18:25:00+00:00,424.9302978515625,424.9800109863281,423.1499938964844,423.32000732421875,447422
2026-02-10 18:30:00+00:00,423.2900085449219,423.67999267578125,422.8399963378906,423.0799865722656,324022
2026-02-10 18:35:00+00:00,423.0799865722656,424.1300048828125,423.0299987792969,423.8406982421875,352792
2026-02-10 18:40:00+00:00,423.8699951171875,424.25,423.6400146484375,424.06500244140625,249154
2026-02-10 18:45:00+00:00,424.04998779296875,424.04998779296875,422.79998779296875,423.0,313268
2026-02-10 18:50:00+00:00,423.010009765625,423.04998779296875,422.35009765625,422.625,330862
2026-02-10 18:55:00+00:00,422.6300048828125,424.8627014160156,422.5799865722656,424.5299987792969,425353
2026-02-10 19:00:00+00:00,424.55999755859375,424.8799133300781,424.239990234375,424.4898986816406,317921
2026-02-10 19:05:00+00:00,424.4200134277344,424.9599914550781,424.1700134277344,424.69989013671875,304748
2026-02-10 19:10:00+00:00,424.6650085449219,424.9800109863281,424.3800048828125,424.7250061035156,207902
2026-02-10 19:15:00+00:00,424.75,424.7998962402344,423.8500061035156,424.0350036621094,258887
2026-02-10 19:20:00+00:00,424.04998779296875,424.7699890136719,423.96771240234375,424.73651123046875,256340
2026-02-10 19:25:00+00:00,424.7135009765625,425.1000061035156,424.3599853515625,425.0398864746094,286743
2026-02-10 19:30:00+00:00,425.05999755859375,425.9700012207031,424.93109130859375,425.3299865722656,418561
2026-02-10 19:35:00+00:00,425.3299865722656,425.8500061035156,425.30999755859375,425.7049865722656,264508
2026-02-10 19:40:00+00:00,425.6600036621094,426.0,425.29010009765625,425.5249938964844,289549
2026-02-10 19:45:00+00:00,425.5,425.7300109863281,425.1499938964844,425.54998779296875,276871
2026-02-10 19:50:00+00:00,425.502197265625,425.6099853515625,425.1499938964844,425.3399963378906,228257
2026-02-10 19:55:00+00:00,425.3699951171875,425.95001220703125,425.2601013183594,425.8399963378906,276219
2026-02-10 20:00:00+00:00,425.82000732421875,426.3699951171875,425.0400085449219,425.1839904785156,452383
2026-02-10 20:05:00+00:00,425.1951904296875,425.2900085449219,424.5,424.5899963378906,342348
2026-02-10 20:10:00+00:00,424.5799865722656,424.75,424.04998779296875,424.1600036621094,358402
2026-02-10 20:15:00+00:00,424.17999267578125,424.6300048828125,423.7200012207031,424.29998779296875,341610
2026-02-10 20:20:00+00:00,424.260009765625,424.5400085449219,423.8999938964844,423.9473876953125,260828
2026-02-10 20:25:00+00:00,423.8999938964844,424.8699951171875,423.6600036621094,424.45001220703125,368181
2026-02-10 20:30:00+00:00,424.4100036621094,425.0799865722656,424.05999755859375,424.260009765625,341234
2026-02-10 20:35:00+00:00,424.2900085449219,424.62969970703125,424.0799865722656,424.239990234375,297990
2026-02-10 20:40:00+00:00,424.2539978027344,424.489990234375,423.95001220703125,424.07000732421875,364661
2026-02-10 20:45:00+00:00,424.07000732421875,424.92999267578125,423.8169860839844,424.7799987792969,498192
2026-02-10 20:50:00+00:00,424.79998779296875,427.20001220703125,424.6000061035156,426.8800048828125,1363575
2026-02-10 20:55:00+00:00,426.7900085449219,426.8598937988281,424.9599914550781,425.2200012207031,1599591
2026-02-11 14:30:00+00:00,427.9549865722656,435.8399963378906,427.9549865722656,434.25,2905897
2026-02-11 14:35:00+00:00,434.239990234375,436.3500061035156,432.2799987792969,433.0,1591317
2026-02-11 14:40:00+00:00,433.00250244140625,435.5199890136719,432.67999267578125,434.7250061035156,1063452
2026-02-11 14:45:00+00:00,434.7640075683594,435.8800048828125,433.9501037597656,435.114990234375,911938
2026-02-11 14:50:00+00:00,435.125,435.42999267578125,433.0199890136719,433.3999938964844,737675
2026-02-11 14:55:00+00:00,433.4200134277344,434.0,430.9200134277344,431.32000732421875,882575
2026-02-11 15:00:00+00:00,431.3399963378906,432.1000061035156,428.260009765625,428.2699890136719,1066115
2026-02-11 15:05:00+00:00,428.260009765625,428.3500061035156,426.3299865722656,426.4110107421875,1045816
2026-02-11 15:10:00+00:00,426.3500061035156,427.0199890136719,423.2699890136719,424.7300109863281,1302148
2026-02-11 15:15:00+00:00,424.70001220703125,424.8800048828125,422.2799987792969,422.55999755859375,1055950
2026-02-11 15:20:00+00:00,422.57000732421875,423.1400146484375,421.70001220703125,422.1300048828125,943526
2026-02-11 15:25:00+00:00,422.0950012207031,423.3800048828125,421.54998779296875,421.7200012207031,974202
2026-02-11 15:30:00+00:00,421.68231201171875,422.89990234375,420.95001220703125,421.05889892578125,878766
2026-02-11 15:35:00+00:00,421.001708984375,422.7698974609375,420.0299987792969,422.7149963378906,1023642
2026-02-11 15:40:00+00:00,422.75,423.6499938964844,422.2799987792969,423.5350036621094,828807
2026-02-11 15:45:00+00:00,423.44000244140625,423.5899963378906,422.010009765625,422.42498779296875,526872
2026-02-11 15:50:00+00:00,422.3900146484375,424.95001220703125,422.1099853515625,424.7550048828125,802331
2026-02-11 15:55:00+00:00,424.7301025390625,425.0,423.7099914550781,424.06500244140625,576037
2026-02-11 16:00:00+00:00,424.1099853515625,425.20001220703125,423.8299865722656,424.9049987792969,610993
2026-02-11 16:05:00+00:00,424.94500732421875,425.260009765625,423.5199890136719,423.94268798828125,425534
2026-02-11 16:10:00+00:00,423.9800109863281,426.5299072265625,423.8399963378906,426.4661865234375,625209
2026-02-11 16:15:00+00:00,426.4649963378906,426.56988525390625,425.3999938964844,426.24609375,543239
2026-02-11 16:20:00+00:00,426.29998779296875,426.8500061035156,425.8301086425781,426.5799865722656,423632
2026-02-11 16:25:00+00:00,426.54998779296875,427.06939697265625,426.1614990234375,426.4049987792969,599697
2026-02-11 16:30:00+00:00,426.4100036621094,426.6700134277344,425.3999938964844,425.8699951171875,562538
2026-02-11 16:35:00+00:00,425.8999938964844,426.2698974609375,424.7799987792969,426.0299987792969,609505
2026-02-11 16:40:00+00:00,426.0400085449219,426.42999267578125,424.32000732421875,424.7900085449219,461600
2026-02-11 16:45:00+00:00,424.81109619140625,425.4599914550781,424.4800109863281,424.8949890136719,416757
2026-02-11 16:50:00+00:00,424.8900146484375,425.1199951171875,424.0400085449219,424.2300109863281,333268
2026-02-11 16:55:00+00:00,424.1600036621094,424.3691101074219,423.2099914550781,423.6099853515625,357994
2026-02-11 17:00:00+00:00,423.5400085449219,423.5400085449219,422.2099914550781,422.2250061035156,436249
2026-02-11 17:05:00+00:00,422.2099914550781,423.20001220703125,422.05999755859375,423.114990234375,397408
2026-02-11 17:10:00+00:00,423.114990234375,423.3399963378906,422.5000915527344,422.8299865722656,300961
2026-02-11 17:15:00+00:00,422.8599853515625,423.57000732421875,422.510009765625,422.8500061035156,338933
2026-02-11 17:20:00+00:00,422.8699951171875,423.9700012207031,422.5400085449219,423.875,321423
2026-02-11 17:25:00+00:00,423.875,424.989990234375,423.8299865722656,424.7598876953125,518617
2026-02-11 17:30:00+00:00,424.760009765625,426.0,424.6199951171875,425.9450988769531,441068
2026-02-11 17:35:00+00:00,425.9649963378906,426.17999267578125,425.1099853515625,425.2945861816406,410877
2026-02-11 17:40:00+00:00,425.31500244140625,425.70001220703125,425.0799865722656,425.4150085449219,274358
2026-02-11 17:45:00+00:00,425.4010925292969,425.5198974609375,424.54998779296875,424.5700988769531,369852
2026-02-11 17:50:00+00:00,424.57000732421875,425.07000732421875,424.1499938964844,424.489990234375,302514
2026-02-11 17:55:00+00:00,424.5609130859375,424.5609130859375,423.1600036621094,423.66009521484375,361212
2026-02-11 18:00:00+00:00,423.67950439453125,423.94000244140625,422.91009521484375,423.4533996582031,281923
2026-02-11 18:05:00+00:00,423.43499755859375,423.5299987792969,422.7099914550781,422.8299865722656,221607
2026-02-11 18:10:00+00:00,422.80999755859375,422.8399963378906,422.1199951171875,422.6199951171875,343046
2026-02-11 18:15:00+00:00,422.6000061035156,423.8299865722656,422.4100036621094,423.125,360581
2026-02-11 18:20:00+00:00,423.1000061035156,423.9599914550781,422.8299865722656,423.5950012207031,247308
2026-02-11 18:25:00+00:00,423.57000732421875,424.9299011230469,423.510009765625,424.7449951171875,401739
2026-02-11 18:30:00+00:00,424.7200012207031,425.0299987792969,423.75,423.8500061035156,358861
2026-02-11 18:35:00+00:00,423.8301086425781,424.87939453125,423.6600036621094,424.625,333101
2026-02-11 18:40:00+00:00,424.5849914550781,424.63641357421875,423.6199951171875,424.29998779296875,231592
2026-02-11 18:45:00+00:00,424.29998779296875,425.2799987792969,424.1400146484375,425.2799987792969,275334
2026-02-11 18:50:00+00:00,425.2699890136719,425.6400146484375,424.20001220703125,425.5150146484375,379392
2026-02-11 18:55:00+00:00,425.510009765625,425.9100036621094,425.32000732421875,425.5249938964844,298183
2026-02-11 19:00:00+00:00,425.510009765625,425.8599853515625,424.94000244140625,425.4280090332031,269948
2026-02-11 19:05:00+00:00,425.3999938964844,425.79998779296875,424.6000061035156,425.04888916015625,289294
2026-02-11 19:10:00+00:00,425.010009765625,426.4100036621094,424.8088073730469,426.17999267578125,317234
2026-02-11 19:15:00+00:00,426.1700134277344,426.2846984863281,425.80999755859375,425.989990234375,233763
2026-02-11 19:20:00+00:00,425.9742126464844,427.1982116699219,425.7900085449219,427.1982116699219,377463
2026-02-11 19:25:00+00:00,427.1607971191406,427.7300109863281,427.0899963378906,427.55999755859375,443830
2026-02-11 19:30:00+00:00,427.5199890136719,427.5993957519531,426.57000732421875,426.69000244140625,357957
2026-02-11 19:35:00+00:00,426.69000244140625,427.64990234375,426.66009521484375,427.1007080078125,288448
2026-02-11 19:40:00+00:00,427.0950012207031,427.6300048828125,426.9599914550781,427.2799987792969,249052
2026-02-11 19:45:00+00:00,427.2850036621094,427.54998779296875,426.19000244140625,427.0299987792969,425197
2026-02-11 19:50:00+00:00,427.0299987792969,427.1700134277344,426.6300048828125,426.8900146484375,198491
2026-02-11 19:55:00+00:00,426.8900146484375,427.1000061035156,426.5400085449219,427.0119934082031,197531
2026-02-11 20:00:00+00:00,426.9700012207031,427.04998779296875,426.6499938964844,426.8500061035156,147886
2026-02-11 20:05:00+00:00,426.7699890136719,426.8900146484375,425.8500061035156,426.2699890136719,241894
2026-02-11 20:10:00+00:00,426.2301025390625,426.6799011230469,425.95001220703125,426.489990234375,234725
2026-02-11 20:15:00+00:00,426.4800109863281,427.04998779296875,426.1159973144531,426.7099914550781,344209
2026-02-11 20:20:00+00:00,426.7034912109375,426.8599853515625,425.8299865722656,425.9903869628906,258097
2026-02-11 20:25:00+00:00,426.0,426.19000244140625,425.6400146484375,425.8599853515625,271999
2026-02-11 20:30:00+00:00,425.82000732421875,426.4200134277344,425.4599914550781,426.19000244140625,319303
2026-02-11 20:35:00+00:00,426.1499938964844,426.864990234375,425.7799987792969,426.864990234375,324160
2026-02-11 20:40:00+00:00,426.8900146484375,427.260009765625,426.6400146484375,427.0,309286
2026-02-11 20:45:00+00:00,427.0,427.54998779296875,426.79998779296875,427.2601013183594,326552
2026-02-11 20:50:00+00:00,427.32000732421875,427.95001220703125,427.2301025390625,427.5899963378906,470602
2026-02-11 20:55:00+00:00,427.54998779296875,429.1000061035156,427.54998779296875,428.1499938964844,1351019
2026-02-12 14:30:00+00:00,430.3500061035156,434.8500061035156,429.7099914550781,433.3800964355469,2194001
2026-02-12 14:35:00+00:00,433.5299987792969,436.2300109863281,433.375,434.2699890136719,1506248
2026-02-12 14:40:00+00:00,434.2699890136719,435.69000244140625,433.6520080566406,434.0299987792969,1008156
2026-02-12 14:45:00+00:00,434.05999755859375,434.62109375,429.8599853515625,430.2195129394531,1103719
2026-02-12 14:50:00+00:00,430.20001220703125,430.5199890136719,428.739990234375,430.2049865722656,991600
2026-02-12 14:55:00+00:00,430.1700134277344,430.2300109863281,428.1401062011719,428.6400146484375,691561
2026-02-12 15:00:00+00:00,428.625,429.3599853515625,427.19000244140625,427.4299011230469,977933
2026-02-12 15:05:00+00:00,427.42999267578125,429.0,426.1300048828125,427.4599914550781,774432
2026-02-12 15:10:00+00:00,427.54998779296875,429.8999938964844,427.1499938964844,429.7900085449219,654915
2026-02-12 15:15:00+00:00,429.7900085449219,430.8089904785156,428.75,428.9800109863281,659863
2026-02-12 15:20:00+00:00,428.9100036621094,431.1199951171875,428.7821960449219,429.99951171875,598880
2026-02-12 15:25:00+00:00,430.0400085449219,430.8799133300781,429.44000244140625,429.6700134277344,459145
2026-02-12 15:30:00+00:00,429.7799987792969,430.489990234375,428.25,428.32000732421875,447150
2026-02-12 15:35:00+00:00,428.3399963378906,428.95001220703125,427.25,427.590087890625,420142
2026-02-12 15:40:00+00:00,427.760009765625,427.8399963378906,426.0400085449219,426.8013000488281,575540
2026-02-12 15:45:00+00:00,426.7575988769531,427.3699951171875,425.8599853515625,426.9901123046875,662944
2026-02-12 15:50:00+00:00,427.010009765625,427.1700134277344,425.5,425.57000732421875,567382
2026-02-12 15:55:00+00:00,425.57000732421875,425.8500061035156,424.5801086425781,425.1600036621094,582470
2026-02-12 16:00:00+00:00,425.1499938964844,425.5799865722656,424.29998779296875,424.5899963378906,545449
2026-02-12 16:05:00+00:00,424.6199951171875,424.7900085449219,423.1099853515625,423.2200012207031,687582
2026-02-12 16:10:00+00:00,423.2699890136719,423.8699951171875,422.70001220703125,422.760009765625,489906
2026-02-12 16:15:00+00:00,422.7699890136719,422.989990234375,421.57000732421875,422.2300109863281,655761
2026-02-12 16:20:00+00:00,422.239990234375,422.64898681640625,421.17999267578125,421.7300109863281,591729
2026-02-12 16:25:00+00:00,421.7598876953125,422.002685546875,419.2799987792969,419.4100036621094,949373
2026-02-12 16:30:00+00:00,419.4049987792969,420.19000244140625,418.1499938964844,419.0199890136719,964755
2026-02-12 16:35:00+00:00,419.1099853515625,421.409912109375,418.93499755859375,420.989990234375,802664
2026-02-12 16:40:00+00:00,420.9100036621094,421.1700134277344,419.55999755859375,419.9800109863281,518281
2026-02-12 16:45:00+00:00,419.8999938964844,420.5799865722656,418.6300048828125,419.57000732421875,491321
2026-02-12 16:50:00+00:00,419.5899963378906,419.8411865234375,418.239990234375,418.3999938964844,484227
2026-02-12 16:55:00+00:00,418.4200134277344,419.2099914550781,418.1000061035156,418.70001220703125,407743
2026-02-12 17:00:00+00:00,418.6400146484375,418.70001220703125,417.1600036621094,417.6199951171875,623792
2026-02-12 17:05:00+00:00,417.5827941894531,419.0400085449219,417.1199951171875,418.96051025390625,419030
2026-02-12 17:10:00+00:00,418.9200134277344,419.0199890136719,417.5799865722656,417.95550537109375,384104
2026-02-12 17:15:00+00:00,417.8900146484375,418.44989013671875,417.55999755859375,417.92999267578125,292101
2026-02-12 17:20:00+00:00,417.9100036621094,419.44000244140625,417.8797912597656,418.80999755859375,447885
2026-02-12 17:25:00+00:00,418.75,419.7799987792969,417.7200012207031,418.10980224609375,385388
2026-02-12 17:30:00+00:00,418.06500244140625,418.6600036621094,417.25,418.5299987792969,415528
2026-02-12 17:35:00+00:00,418.5249938964844,420.1000061035156,418.5199890136719,418.760009765625,407153
2026-02-12 17:40:00+00:00,418.8299865722656,419.4599914550781,418.3299865722656,418.5199890136719,332794
2026-02-12 17:45:00+00:00,418.5357971191406,418.8655090332031,417.53350830078125,417.69000244140625,294133
2026-02-12 17:50:00+00:00,417.68170166015625,418.3399963378906,415.75,416.0199890136719,500159
2026-02-12 17:55:00+00:00,416.010009765625,416.1698913574219,414.55999755859375,414.7049865722656,559465
2026-02-12 18:00:00+00:00,414.7149963378906,415.3500061035156,414.0,414.90838623046875,502963
2026-02-12 18:05:00+00:00,414.9700012207031,416.4798889160156,414.760009765625,415.9599914550781,427309
2026-02-12 18:10:00+00:00,415.94000244140625,416.3299865722656,415.3800048828125,415.95001220703125,330638
2026-02-12 18:15:00+00:00,415.8599853515625,415.9599914550781,414.6499938964844,414.9200134277344,353446
2026-02-12 18:20:00+00:00,414.9200134277344,416.9800109863281,414.9200134277344,416.6400146484375,426040
2026-02-12 18:25:00+00:00,416.6700134277344,417.0799865722656,415.4100036621094,416.7900085449219,424631
2026-02-12 18:30:00+00:00,416.79998779296875,416.79998779296875,415.6868896484375,416.54998779296875,225458
2026-02-12 18:35:00+00:00,416.6000061035156,417.54998779296875,416.3500061035156,417.3800048828125,336570
2026-02-12 18:40:00+00:00,417.4100036621094,417.6400146484375,416.54998779296875,417.3999938964844,361427
2026-02-12 18:45:00+00:00,417.385009765625,417.5899963378906,416.75,416.82000732421875,289470
2026-02-12 18:50:00+00:00,416.79998779296875,417.8699951171875,416.4599914550781,417.2749938964844,329333
2026-02-12 18:55:00+00:00,417.30999755859375,417.45001220703125,415.8599853515625,416.7349853515625,320091
2026-02-12 19:00:00+00:00,416.7799987792969,416.9097900390625,415.9236145019531,416.1700134277344,262513
2026-02-12 19:05:00+00:00,416.1499938964844,416.6199951171875,415.5299987792969,415.6000061035156,292275
2026-02-12 19:10:00+00:00,415.6700134277344,415.67999267578125,414.2500915527344,414.614990234375,471357
2026-02-12 19:15:00+00:00,414.6000061035156,415.9800109863281,414.5299987792969,415.7950134277344,366449
2026-02-12 19:20:00+00:00,415.82000732421875,416.3500061035156,415.42999267578125,415.8500061035156,320363
2026-02-12 19:25:00+00:00,415.84930419921875,415.9599914550781,414.6199951171875,414.6625061035156,282304
2026-02-12 19:30:00+00:00,414.6300048828125,415.6705017089844,414.6099853515625,414.93499755859375,325076
2026-02-12 19:35:00+00:00,414.93499755859375,416.0,414.8706970214844,415.8699951171875,287548
2026-02-12 19:40:00+00:00,415.8349914550781,416.47100830078125,415.5101013183594,415.84149169921875,291946
2026-02-12 19:45:00+00:00,415.8699951171875,416.3900146484375,415.80010986328125,416.17999267578125,243005
2026-02-12 19:50:00+00:00,416.19879150390625,416.67999267578125,415.6099853515625,416.1549987792969,311889
2026-02-12 19:55:00+00:00,416.1700134277344,416.8500061035156,414.9800109863281,415.2799987792969,324667
2026-02-12 20:00:00+00:00,415.2799987792969,416.6300048828125,415.19000244140625,416.6099853515625,287595
2026-02-12 20:05:00+00:00,416.6099853515625,416.7699890136719,415.07000732421875,415.4407043457031,316898
2026-02-12 20:10:00+00:00,415.4599914550781,415.82000732421875,414.79998779296875,415.65509033203125,309541
2026-02-12 20:15:00+00:00,415.6400146484375,416.2799987792969,415.32000732421875,415.864990234375,261835
2026-02-12 20:20:00+00:00,415.8760070800781,415.89990234375,414.6600036621094,414.7818908691406,292702
2026-02-12 20:25:00+00:00,414.8299865722656,415.4700012207031,414.5400085449219,414.80279541015625,319047
2026-02-12 20:30:00+00:00,414.7099914550781,416.2300109863281,414.54998779296875,415.7850036621094,363568
2026-02-12 20:35:00+00:00,415.82000732421875,416.29998779296875,415.739990234375,416.2449951171875,307828
2026-02-12 20:40:00+00:00,416.2200012207031,416.989990234375,416.2200012207031,416.7799987792969,479137
2026-02-12 20:45:00+00:00,416.80999755859375,416.8599853515625,415.5,415.7149963378906,410379
2026-02-12 20:50:00+00:00,415.69000244140625,416.39990234375,414.6199951171875,416.3299865722656,639525
2026-02-12 20:55:00+00:00,416.30999755859375,417.4200134277344,416.20001220703125,416.8399963378906,1312745
2026-02-13 14:30:00+00:00,414.1400146484375,417.70001220703125,412.4200134277344,414.7149963378906,2164334
2026-02-13 14:35:00+00:00,414.65008544921875,416.6600036621094,413.3999938964844,413.5150146484375,759417
2026-02-13 14:40:00+00:00,413.5450134277344,414.1300048828125,410.8800048828125,413.8500061035156,1120664
2026-02-13 14:45:00+00:00,413.79998779296875,416.8999938964844,413.5899963378906,414.81500244140625,1043291
2026-02-13 14:50:00+00:00,414.739990234375,415.7200012207031,412.5,414.1499938964844,799092
2026-02-13 14:55:00+00:00,414.1499938964844,416.25,412.75,413.5150146484375,663785
2026-02-13 15:00:00+00:00,413.4549865722656,414.83990478515625,412.75,413.9100036621094,641984
2026-02-13 15:05:00+00:00,413.9700012207031,415.6400146484375,412.1099853515625,415.6099853515625,675228
2026-02-13 15:10:00+00:00,415.62969970703125,416.3800048828125,414.42999267578125,414.57000732421875,599041
2026-02-13 15:15:00+00:00,414.70001220703125,415.92999267578125,413.75,413.8399963378906,483396
2026-02-13 15:20:00+00:00,413.8584899902344,415.75,413.3999938964844,415.2662048339844,446660
2026-02-13 15:25:00+00:00,415.2300109863281,416.95001220703125,414.8380126953125,416.1050109863281,534615
2026-02-13 15:30:00+00:00,416.1050109863281,418.20001220703125,415.69000244140625,417.010009765625,785684
2026-02-13 15:35:00+00:00,417.0098876953125,417.1585998535156,414.3299865722656,414.552490234375,525260
2026-02-13 15:40:00+00:00,414.44000244140625,415.2200012207031,413.3699951171875,413.45220947265625,449721
2026-02-13 15:45:00+00:00,413.510009765625,414.3500061035156,412.3900146484375,412.82000732421875,516365
2026-02-13 15:50:00+00:00,412.7699890136719,414.79998779296875,412.3800048828125,414.65380859375,563316
2026-02-13 15:55:00+00:00,414.66009521484375,416.1099853515625,414.6099853515625,415.2601013183594,538205
2026-02-13 16:00:00+00:00,415.30999755859375,415.94000244140625,414.7200012207031,415.4549865722656,339388
2026-02-13 16:05:00+00:00,415.45001220703125,417.3900146484375,415.2950134277344,416.79998779296875,536386
2026-02-13 16:10:00+00:00,416.79998779296875,417.55999755859375,415.05999755859375,417.53680419921875,536334
2026-02-13 16:15:00+00:00,417.5150146484375,417.8399963378906,416.7900085449219,416.8200988769531,529970
2026-02-13 16:20:00+00:00,416.82000732421875,417.2497863769531,415.80999755859375,416.9200134277344,374424
2026-02-13 16:25:00+00:00,416.9700012207031,418.3699951171875,416.5,417.92999267578125,484870
2026-02-13 16:30:00+00:00,417.9150085449219,418.2300109863281,416.4468078613281,417.8299865722656,472301
2026-02-13 16:35:00+00:00,417.8200988769531,419.20001220703125,417.70001220703125,419.010009765625,555738
2026-02-13 16:40:00+00:00,419.010009765625,419.04998779296875,417.94000244140625,418.4849853515625,312671
2026-02-13 16:45:00+00:00,418.6199951171875,419.0899963378906,417.8399963378906,418.32000732421875,340574
2026-02-13 16:50:00+00:00,418.31500244140625,419.5400085449219,418.010009765625,419.3299865722656,390315
2026-02-13 16:55:00+00:00,419.3320007324219,419.67999267578125,418.8999938964844,419.2170104980469,388039
2026-02-13 17:00:00+00:00,419.25,420.3599853515625,419.0000915527344,419.94268798828125,528998
2026-02-13 17:05:00+00:00,419.9599914550781,420.59991455078125,419.7200012207031,420.07769775390625,430245
2026-02-13 17:10:00+00:00,420.0899963378906,420.5400085449219,419.7799987792969,420.276611328125,338157
2026-02-13 17:15:00+00:00,420.3287048339844,420.3287048339844,419.25,419.6499938964844,308356
2026-02-13 17:20:00+00:00,419.67999267578125,420.760009765625,419.4700012207031,420.5718078613281,357908
2026-02-13 17:25:00+00:00,420.5899963378906,420.94000244140625,420.0799865722656,420.4200134277344,327357
2026-02-13 17:30:00+00:00,420.4800109863281,421.260009765625,420.25,421.0199890136719,365958
2026-02-13 17:35:00+00:00,421.0,421.25,420.48699951171875,421.010009765625,281077
2026-02-13 17:40:00+00:00,420.9599914550781,420.9999084472656,420.110107421875,420.4200134277344,285559
2026-02-13 17:45:00+00:00,420.3800048828125,420.4399108886719,419.75,420.30999755859375,327004
2026-02-13 17:50:00+00:00,420.2699890136719,420.6600036621094,419.6300048828125,419.8200988769531,330761
2026-02-13 17:55:00+00:00,419.7950134277344,420.05999755859375,419.1199951171875,419.3500061035156,286366
2026-02-13 18:00:00+00:00,419.3699951171875,419.7900085449219,418.80999755859375,419.1199951171875,295694
2026-02-13 18:05:00+00:00,419.1376037597656,419.95001220703125,418.8999938964844,419.7080078125,243998
2026-02-13 18:10:00+00:00,419.7300109863281,420.3500061035156,419.70001220703125,419.92999267578125,259323
2026-02-13 18:15:00+00:00,419.93499755859375,420.54998779296875,419.7200012207031,420.08050537109375,238751
2026-02-13 18:20:00+00:00,420.0799865722656,421.2099914550781,420.05999755859375,421.1199951171875,328294
2026-02-13 18:25:00+00:00,421.17999267578125,421.3299865722656,420.1499938964844,420.5798034667969,321972
2026-02-13 18:30:00+00:00,420.70001220703125,421.7099914550781,420.29998779296875,421.7099914550781,322140
2026-02-13 18:35:00+00:00,421.6700134277344,422.8999938964844,421.6300964355469,422.8699951171875,533728
2026-02-13 18:40:00+00:00,422.864990234375,423.42999267578125,422.2099914550781,423.2699890136719,469002
2026-02-13 18:45:00+00:00,423.2511901855469,424.05999755859375,422.9200134277344,423.6300048828125,472756
2026-02-13 18:50:00+00:00,423.6300048828125,423.69000244140625,421.9801025390625,422.3125,544530
2026-02-13 18:55:00+00:00,422.29998779296875,422.32861328125,421.54998779296875,421.7650146484375,316569
2026-02-13 19:00:00+00:00,421.7200012207031,422.06988525390625,421.1199951171875,421.42999267578125,274115
2026-02-13 19:05:00+00:00,421.43499755859375,422.2200012207031,421.260009765625,421.93499755859375,325873
2026-02-13 19:10:00+00:00,421.9599914550781,422.45001220703125,421.3599853515625,421.5851135253906,287818
2026-02-13 19:15:00+00:00,421.53009033203125,421.8599853515625,421.2799987792969,421.82501220703125,218734
2026-02-13 19:20:00+00:00,421.82501220703125,422.3900146484375,421.4400939941406,422.25,252899
2026-02-13 19:25:00+00:00,422.239990234375,422.2998962402344,420.4100036621094,420.5199890136719,340657
2026-02-13 19:30:00+00:00,420.6300048828125,421.3999938964844,420.4200134277344,421.3500061035156,296064
2026-02-13 19:35:00+00:00,421.3299865722656,421.8598937988281,420.90008544921875,421.29998779296875,238725
2026-02-13 19:40:00+00:00,421.2550048828125,421.52239990234375,420.3999938964844,420.9236145019531,278784
2026-02-13 19:45:00+00:00,420.9400939941406,421.3900146484375,420.5763854980469,420.8699951171875,242231
2026-02-13 19:50:00+00:00,420.8900146484375,421.0690002441406,420.05999755859375,420.45159912109375,263065
2026-02-13 19:55:00+00:00,420.4949951171875,420.75,419.3999938964844,419.6474914550781,308761
2026-02-13 20:00:00+00:00,419.6400146484375,420.1700134277344,419.5863037109375,419.6600036621094,235036
2026-02-13 20:05:00+00:00,419.6700134277344,419.7799987792969,418.29998779296875,418.82000732421875,483519
2026-02-13 20:10:00+00:00,418.7701110839844,418.8598937988281,418.0799865722656,418.125,347877
2026-02-13 20:15:00+00:00,418.1199951171875,419.44000244140625,418.0299987792969,419.32000732421875,394192
2026-02-13 20:20:00+00:00,419.30999755859375,419.4100036621094,418.6000061035156,418.6571044921875,326627
2026-02-13 20:25:00+00:00,418.6000061035156,418.739990234375,417.2099914550781,417.6099853515625,485333
2026-02-13 20:30:00+00:00,417.56988525390625,418.5382995605469,417.2099914550781,417.6099853515625,375934
2026-02-13 20:35:00+00:00,417.6600036621094,418.239990234375,417.2900085449219,418.0,329608
2026-02-13 20:40:00+00:00,418.0199890136719,418.4898986816406,417.2336120605469,417.5,388306
2026-02-13 20:45:00+00:00,417.4599914550781,418.3399963378906,417.1099853515625,418.1400146484375,348145
2026-02-13 20:50:00+00:00,418.1099853515625,418.5899963378906,416.69000244140625,417.7449951171875,500946
2026-02-13 20:55:00+00:00,417.7799987792969,417.79998779296875,416.5199890136719,417.4200134277344,912499
2026-02-17 14:30:00+00:00,412.4020080566406,413.69000244140625,407.4100036621094,409.3623962402344,2048622
2026-02-17 14:35:00+00:00,409.3500061035156,412.760009765625,408.57000732421875,412.3999938964844,995891
2026-02-17 14:40:00+00:00,412.3699951171875,412.9898986816406,408.8900146484375,409.3450012207031,840841
2026-02-17 14:45:00+00:00,409.3999938964844,410.2799987792969,407.4800109863281,408.6300048828125,943125
2026-02-17 14:50:00+00:00,408.67999267578125,408.7200012207031,403.6340026855469,403.8599853515625,1366908
2026-02-17 14:55:00+00:00,403.8599853515625,405.1700134277344,402.6700134277344,403.1400146484375,1227092
2026-02-17 15:00:00+00:00,403.1099853515625,404.55999755859375,402.6000061035156,403.06500244140625,946415
2026-02-17 15:05:00+00:00,403.1600036621094,403.54998779296875,401.739990234375,402.2850036621094,775074
2026-02-17 15:10:00+00:00,402.29998779296875,403.67999267578125,401.7799987792969,402.5400085449219,696850
2026-02-17 15:15:00+00:00,402.3999938964844,405.4700012207031,401.6499938964844,405.2850036621094,890131
2026-02-17 15:20:00+00:00,405.2950134277344,405.3901062011719,401.1000061035156,401.3399963378906,937844
2026-02-17 15:25:00+00:00,401.4620056152344,402.07000732421875,400.92999267578125,401.32501220703125,704829
2026-02-17 15:30:00+00:00,401.3251037597656,401.9176025390625,400.70001220703125,400.9722900390625,622841
2026-02-17 15:35:00+00:00,400.9800109863281,402.010009765625,400.5199890136719,400.6589050292969,630633
2026-02-17 15:40:00+00:00,400.6451110839844,402.4700012207031,400.510009765625,402.385009765625,615627
2026-02-17 15:45:00+00:00,402.4036865234375,404.3500061035156,402.30999755859375,403.9750061035156,706204
2026-02-17 15:50:00+00:00,403.92999267578125,404.67999267578125,403.1700134277344,403.80499267578125,582945
2026-02-17 15:55:00+00:00,403.8215026855469,404.5989990234375,403.1099853515625,404.56500244140625,522287
2026-02-17 16:00:00+00:00,404.59991455078125,405.7799987792969,404.3299865722656,405.0220031738281,651595
2026-02-17 16:05:00+00:00,405.06500244140625,407.010009765625,404.82000732421875,406.9150085449219,637776
2026-02-17 16:10:00+00:00,406.8900146484375,408.8599853515625,406.8299865722656,408.18011474609375,895734
2026-02-17 16:15:00+00:00,408.19000244140625,409.0899963378906,407.6199951171875,408.79998779296875,535105
2026-02-17 16:20:00+00:00,408.7799987792969,409.4800109863281,408.1700134277344,409.135009765625,557535
2026-02-17 16:25:00+00:00,409.1000061035156,409.6400146484375,407.9200134277344,408.17498779296875,589640
2026-02-17 16:30:00+00:00,408.18499755859375,408.389892578125,406.95001220703125,407.6099853515625,630687
2026-02-17 16:35:00+00:00,407.6700134277344,408.5899963378906,407.19000244140625,407.8599853515625,486013
2026-02-17 16:40:00+00:00,407.8399963378906,408.25,407.1300048828125,407.3599853515625,358804
2026-02-17 16:45:00+00:00,407.2799987792969,407.80999755859375,407.0,407.17999267578125,290126
2026-02-17 16:50:00+00:00,407.1700134277344,407.79998779296875,406.79998779296875,407.56988525390625,431570
2026-02-17 16:55:00+00:00,407.5101013183594,408.29998779296875,407.010009765625,407.55499267578125,396977
2026-02-17 17:00:00+00:00,407.54998779296875,407.7099914550781,406.3299865722656,407.0249938964844,472883
2026-02-17 17:05:00+00:00,407.0199890136719,407.5799865722656,406.6499938964844,406.760009765625,320951
2026-02-17 17:10:00+00:00,406.75,407.0899963378906,405.5400085449219,405.9601135253906,454945
2026-02-17 17:15:00+00:00,405.9849853515625,406.4100036621094,405.4599914550781,405.7200927734375,388179
2026-02-17 17:20:00+00:00,405.7799987792969,406.0799865722656,404.8299865722656,405.17999267578125,439535
2026-02-17 17:25:00+00:00,405.19000244140625,406.6499938964844,405.1000061035156,406.6300048828125,430176
2026-02-17 17:30:00+00:00,406.635009765625,406.79998779296875,405.05999755859375,405.8699951171875,428542
2026-02-17 17:35:00+00:00,405.8550109863281,406.3999938964844,405.5,406.1099853515625,316625
2026-02-17 17:40:00+00:00,406.1050109863281,406.1300048828125,404.1400146484375,404.260009765625,484734
2026-02-17 17:45:00+00:00,404.2013854980469,405.1600036621094,403.4200134277344,404.80999755859375,517595
2026-02-17 17:50:00+00:00,404.8999938964844,405.45001220703125,404.20001220703125,404.3800048828125,362062
2026-02-17 17:55:00+00:00,404.375,405.6499938964844,403.9800109863281,405.3699951171875,342117
2026-02-17 18:00:00+00:00,405.3200988769531,405.6000061035156,404.6600036621094,404.9849853515625,293154
2026-02-17 18:05:00+00:00,404.9613952636719,405.2900085449219,404.54998779296875,404.9342041015625,259177
2026-02-17 18:10:00+00:00,404.9800109863281,406.1499938964844,404.6000061035156,405.6885986328125,364164
2026-02-17 18:15:00+00:00,405.6199951171875,406.1199951171875,405.260009765625,405.8399963378906,232792
2026-02-17 18:20:00+00:00,405.7799987792969,410.30999755859375,405.7488098144531,410.0704040527344,960247
2026-02-17 18:25:00+00:00,410.09161376953125,410.25,408.8100891113281,409.4200134277344,503895
2026-02-17 18:30:00+00:00,409.43798828125,409.7799987792969,408.79010009765625,409.6199951171875,375396
2026-02-17 18:35:00+00:00,409.52130126953125,410.94000244140625,408.79998779296875,410.93121337890625,415589
2026-02-17 18:40:00+00:00,410.94000244140625,412.0,410.82000732421875,411.5386962890625,587134
2026-02-17 18:45:00+00:00,411.5400085449219,412.0899963378906,410.6199951171875,411.42498779296875,470818
2026-02-17 18:50:00+00:00,411.3699951171875,412.44000244140625,410.93011474609375,412.3900146484375,432118
2026-02-17 18:55:00+00:00,412.3999938964844,412.6600036621094,412.0199890136719,412.45220947265625,463265
2026-02-17 19:00:00+00:00,412.45001220703125,412.6099853515625,411.8999938964844,412.260009765625,336447
2026-02-17 19:05:00+00:00,412.29998779296875,412.7998962402344,411.82000732421875,412.1199951171875,452336
2026-02-17 19:10:00+00:00,412.1199951171875,412.57720947265625,411.45001220703125,412.44500732421875,338725
2026-02-17 19:15:00+00:00,412.4700012207031,412.5299987792969,411.8500061035156,412.07501220703125,284779
2026-02-17 19:20:00+00:00,412.07501220703125,413.1698913574219,412.0150146484375,412.6400146484375,393832
2026-02-17 19:25:00+00:00,412.6400146484375,413.0199890136719,411.2300109863281,411.3999938964844,464299
2026-02-17 19:30:00+00:00,411.4200134277344,412.3699951171875,411.17999267578125,412.1050109863281,299742
2026-02-17 19:35:00+00:00,412.0600891113281,412.5,411.67291259765625,412.2049865722656,237317
2026-02-17 19:40:00+00:00,412.239990234375,412.83099365234375,412.1199951171875,412.53509521484375,215056
2026-02-17 19:45:00+00:00,412.5350036621094,412.7499084472656,412.0299987792969,412.4800109863281,218766
2026-02-17 19:50:00+00:00,412.4649963378906,412.7099914550781,411.489990234375,411.7655029296875,315231
2026-02-17 19:55:00+00:00,411.7300109863281,411.8900146484375,410.70001220703125,410.9100036621094,298546
2026-02-17 20:00:00+00:00,410.8399963378906,411.71661376953125,410.75,411.0799865722656,344559
2026-02-17 20:05:00+00:00,411.07000732421875,411.1700134277344,410.04998779296875,410.1300048828125,340409
2026-02-17 20:10:00+00:00,410.1907043457031,410.32818603515625,409.82000732421875,410.1698913574219,361077
2026-02-17 20:15:00+00:00,410.1199951171875,410.5599060058594,409.760009765625,409.7900085449219,312563
2026-02-17 20:20:00+00:00,409.8699951171875,410.2427978515625,409.7113952636719,409.77081298828125,297558
2026-02-17 20:25:00+00:00,409.7749938964844,410.92999267578125,409.75,410.5599060058594,363749
2026-02-17 20:30:00+00:00,410.4700012207031,410.739990234375,409.70001220703125,409.9750061035156,358698
2026-02-17 20:35:00+00:00,409.9750061035156,410.4667053222656,409.739990234375,410.1050109863281,272506
2026-02-17 20:40:00+00:00,410.1000061035156,411.8800048828125,410.1000061035156,411.6400146484375,435958
2026-02-17 20:45:00+00:00,411.6499938964844,411.7059020996094,410.25,410.66009521484375,413629
2026-02-17 20:50:00+00:00,410.6600036621094,411.5,409.70001220703125,409.8900146484375,524746
2026-02-17 20:55:00+00:00,409.989990234375,410.8500061035156,409.6400146484375,410.5899963378906,986771
2026-02-18 14:30:00+00:00,410.6700134277344,414.0971984863281,409.75,411.1098937988281,1662679
2026-02-18 14:35:00+00:00,411.0400085449219,412.2200012207031,409.8599853515625,410.2699890136719,721232
2026-02-18 14:40:00+00:00,410.2781982421875,412.26959228515625,409.5799865722656,411.29998779296875,770214
2026-02-18 14:45:00+00:00,411.29998779296875,412.9700012207031,410.2799987792969,410.3500061035156,732738
2026-02-18 14:50:00+00:00,410.3357849121094,411.79998779296875,410.1300048828125,411.5400085449219,565113
2026-02-18 14:55:00+00:00,411.42010498046875,413.1400146484375,411.20001220703125,412.489990234375,597807
2026-02-18 15:00:00+00:00,412.5400085449219,415.5199890136719,412.32000732421875,415.43499755859375,925957
2026-02-18 15:05:00+00:00,415.45001220703125,415.6299133300781,414.2701110839844,414.7699890136719,725029
2026-02-18 15:10:00+00:00,414.739990234375,415.37298583984375,413.9115905761719,415.168701171875,660936
2026-02-18 15:15:00+00:00,415.1702880859375,415.6700134277344,414.6199951171875,414.8500061035156,544906
2026-02-18 15:20:00+00:00,414.82000732421875,415.3999938964844,413.3299865722656,413.3800048828125,515159
2026-02-18 15:25:00+00:00,413.3900146484375,413.8500061035156,412.9200134277344,413.2699890136719,584280
2026-02-18 15:30:00+00:00,413.2698974609375,413.3900146484375,411.5899963378906,412.06939697265625,608024
2026-02-18 15:35:00+00:00,412.068115234375,413.7099914550781,411.8800048828125,413.6400146484375,603066
2026-02-18 15:40:00+00:00,413.5862121582031,414.6499938964844,413.32000732421875,413.9549865722656,657387
2026-02-18 15:45:00+00:00,413.9800109863281,414.70001220703125,413.8382873535156,414.1700134277344,363787
2026-02-18 15:50:00+00:00,414.17498779296875,414.2099914550781,412.9200134277344,413.92999267578125,446601
2026-02-18 15:55:00+00:00,413.92999267578125,415.3800048828125,413.8500061035156,415.2300109863281,569620
2026-02-18 16:00:00+00:00,415.2099914550781,416.20001220703125,415.2099914550781,415.95001220703125,688455
2026-02-18 16:05:00+00:00,415.94000244140625,416.32000732421875,415.0,415.4100036621094,518484
2026-02-18 16:10:00+00:00,415.4150085449219,415.5799865722656,414.75,415.0350036621094,401557
2026-02-18 16:15:00+00:00,415.0350036621094,415.45001220703125,414.3599853515625,414.8299865722656,390090
2026-02-18 16:20:00+00:00,414.81500244140625,414.9800109863281,414.5,414.8599853515625,279633
2026-02-18 16:25:00+00:00,414.8799133300781,414.92999267578125,414.29998779296875,414.3800048828125,304126
2026-02-18 16:30:00+00:00,414.4100036621094,415.3717956542969,414.3572998046875,414.8999938964844,344076
2026-02-18 16:35:00+00:00,415.0,415.760009765625,414.70001220703125,415.68499755859375,317908
2026-02-18 16:40:00+00:00,415.68499755859375,415.7099914550781,414.7099914550781,414.760009765625,295762
2026-02-18 16:45:00+00:00,414.760009765625,415.6000061035156,414.7099914550781,415.1351013183594,306523
2026-02-18 16:50:00+00:00,415.090087890625,415.1600036621094,414.1600036621094,414.2699890136719,341350
2026-02-18 16:55:00+00:00,414.3139953613281,414.70989990234375,413.8399963378906,413.864990234375,324003
2026-02-18 17:00:00+00:00,413.96099853515625,415.1000061035156,413.760009765625,415.05499267578125,342669
2026-02-18 17:05:00+00:00,415.0979919433594,416.1499938964844,415.0606994628906,415.6300048828125,410308
2026-02-18 17:10:00+00:00,415.6199951171875,416.1000061035156,414.8500061035156,415.1499938964844,285025
2026-02-18 17:15:00+00:00,415.1449890136719,415.7799987792969,414.79998779296875,415.6199951171875,262849
2026-02-18 17:20:00+00:00,415.5942077636719,415.8500061035156,415.4100036621094,415.5873107910156,213311
2026-02-18 17:25:00+00:00,415.6050109863281,415.6050109863281,415.0769958496094,415.2149963378906,223325
2026-02-18 17:30:00+00:00,415.17999267578125,415.6199951171875,415.04010009765625,415.6000061035156,241537
2026-02-18 17:35:00+00:00,415.5813903808594,415.8800048828125,415.3500061035156,415.55999755859375,298790
2026-02-18 17:40:00+00:00,415.55999755859375,415.6000061035156,415.0,415.4200134277344,207524
2026-02-18 17:45:00+00:00,415.4292907714844,416.25,415.2250061035156,416.0299987792969,335914
2026-02-18 17:50:00+00:00,416.0299987792969,416.6400146484375,416.0,416.42999267578125,374032
2026-02-18 17:55:00+00:00,416.4093933105469,416.6099853515625,416.1000061035156,416.23590087890625,246049
2026-02-18 18:00:00+00:00,416.2099914550781,416.8999938964844,416.1000061035156,416.2250061035156,317958
2026-02-18 18:05:00+00:00,416.19000244140625,416.6000061035156,415.63580322265625,415.6400146484375,283665
2026-02-18 18:10:00+00:00,415.6650085449219,415.8699951171875,414.5799865722656,414.7449951171875,336570
2026-02-18 18:15:00+00:00,414.7200927734375,414.8599853515625,414.44000244140625,414.5400085449219,297482
2026-02-18 18:20:00+00:00,414.5299987792969,414.6795959472656,413.92999267578125,414.010009765625,297816
2026-02-18 18:25:00+00:00,413.989990234375,414.0400085449219,413.42999267578125,413.92999267578125,369303
2026-02-18 18:30:00+00:00,413.92999267578125,414.20989990234375,413.57000732421875,413.8949890136719,294268
2026-02-18 18:35:00+00:00,413.8900146484375,414.0,413.3800048828125,413.44000244140625,283615
2026-02-18 18:40:00+00:00,413.4200134277344,413.489990234375,412.5400085449219,413.02880859375,450016
2026-02-18 18:45:00+00:00,413.027587890625,413.42999267578125,412.79998779296875,413.1300048828125,301002
2026-02-18 18:50:00+00:00,413.1549987792969,413.7799987792969,412.510009765625,413.7099914550781,380856
2026-02-18 18:55:00+00:00,413.70001220703125,413.8500061035156,413.2900085449219,413.4700012207031,246347
2026-02-18 19:00:00+00:00,413.44500732421875,413.8900146484375,413.0201110839844,413.7792053222656,301973
2026-02-18 19:05:00+00:00,413.75,413.92999267578125,413.4100036621094,413.66009521484375,203092
2026-02-18 19:10:00+00:00,413.67999267578125,414.0400085449219,413.3999938964844,413.4750061035156,240217
2026-02-18 19:15:00+00:00,413.5,413.5299987792969,412.92999267578125,413.0249938964844,268516
2026-02-18 19:20:00+00:00,413.0498962402344,413.6199951171875,412.9200134277344,413.1700134277344,238220
2026-02-18 19:25:00+00:00,413.1400146484375,413.30999755859375,412.5,412.6000061035156,317046
2026-02-18 19:30:00+00:00,412.6000061035156,412.8399963378906,411.610107421875,412.0299987792969,418415
2026-02-18 19:35:00+00:00,412.0,412.1000061035156,410.6300048828125,410.95001220703125,432302
2026-02-18 19:40:00+00:00,410.93011474609375,411.1199035644531,410.29998779296875,410.80999755859375,445305
2026-02-18 19:45:00+00:00,410.7950134277344,411.6000061035156,410.6664123535156,411.2821044921875,451756
2026-02-18 19:50:00+00:00,411.3349914550781,411.3800048828125,410.510009765625,410.8299865722656,323120
2026-02-18 19:55:00+00:00,410.7749938964844,411.07989501953125,409.90008544921875,410.44061279296875,413947
2026-02-18 20:00:00+00:00,410.4700012207031,411.4700012207031,410.3900146484375,410.95001220703125,422398
2026-02-18 20:05:00+00:00,410.9700012207031,411.2698059082031,410.82000732421875,410.9599914550781,278334
2026-02-18 20:10:00+00:00,411.0,411.20001220703125,410.5299987792969,410.8999938964844,316131
2026-02-18 20:15:00+00:00,410.82220458984375,411.0299987792969,410.010009765625,410.6300048828125,307195
2026-02-18 20:20:00+00:00,410.590087890625,410.8299865722656,410.1199951171875,410.82000732421875,295877
2026-02-18 20:25:00+00:00,410.760009765625,411.1700134277344,410.6000061035156,410.67999267578125,332016
2026-02-18 20:30:00+00:00,410.6199951171875,411.5398864746094,410.4100036621094,411.30999755859375,430335
2026-02-18 20:35:00+00:00,411.30999755859375,411.6000061035156,411.0,411.59991455078125,282644
2026-02-18 20:40:00+00:00,411.6000061035156,411.6499938964844,411.0899963378906,411.44000244140625,317001
2026-02-18 20:45:00+00:00,411.4649963378906,411.6700134277344,411.2101135253906,411.389892578125,322119
2026-02-18 20:50:00+00:00,411.3999938964844,411.9100036621094,410.6600036621094,411.55499267578125,536780
2026-02-18 20:55:00+00:00,411.6000061035156,412.1210021972656,411.20001220703125,411.20001220703125,1064435
2026-02-19 14:30:00+00:00,407.33349609375,407.42999267578125,404.4599914550781,405.8949890136719,1708241
2026-02-19 14:35:00+00:00,405.93499755859375,406.3500061035156,404.1099853515625,405.2799987792969,937764
2026-02-19 14:40:00+00:00,405.2900085449219,406.8299865722656,404.57000732421875,406.17999267578125,720505
2026-02-19 14:45:00+00:00,406.18499755859375,407.1400146484375,404.6300048828125,406.4827880859375,765549
2026-02-19 14:50:00+00:00,406.42999267578125,408.79998779296875,406.4200134277344,407.9100036621094,835430
2026-02-19 14:55:00+00:00,407.8599853515625,409.5400085449219,407.75,408.6528015136719,652326
2026-02-19 15:00:00+00:00,408.6400146484375,410.29998779296875,408.04998779296875,409.69000244140625,754276
2026-02-19 15:05:00+00:00,409.75,410.20001220703125,408.5,408.760009765625,483108
2026-02-19 15:10:00+00:00,408.79998779296875,409.55999755859375,408.3699951171875,409.0299987792969,559513
2026-02-19 15:15:00+00:00,409.07000732421875,410.6600036621094,408.9100036621094,409.489990234375,603922
2026-02-19 15:20:00+00:00,409.4494934082031,410.5,408.75,410.3500061035156,549860
2026-02-19 15:25:00+00:00,410.32501220703125,410.3699951171875,408.6400146484375,408.69000244140625,490798
2026-02-19 15:30:00+00:00,408.69000244140625,411.4700012207031,408.4599914550781,411.44000244140625,815163
2026-02-19 15:35:00+00:00,411.43499755859375,411.8699951171875,410.1099853515625,411.0354919433594,699152
2026-02-19 15:40:00+00:00,410.92999267578125,411.4200134277344,410.3999938964844,410.635009765625,379037
2026-02-19 15:45:00+00:00,410.6400146484375,411.6600036621094,410.5,411.2898864746094,401441
2026-02-19 15:50:00+00:00,411.2699890136719,411.3500061035156,409.8999938964844,410.8450012207031,424134
2026-02-19 15:55:00+00:00,410.8599853515625,412.9700012207031,410.7900085449219,412.8900146484375,597291
2026-02-19 16:00:00+00:00,412.92999267578125,413.3691101074219,412.25,412.30999755859375,678624
2026-02-19 16:05:00+00:00,412.2900085449219,412.6400146484375,411.1700134277344,412.54058837890625,550407
2026-02-19 16:10:00+00:00,412.6000061035156,413.1199951171875,411.8500061035156,413.0400085449219,446870
2026-02-19 16:15:00+00:00,413.07000732421875,414.7200012207031,412.8100891113281,414.3351135253906,835211
2026-02-19 16:20:00+00:00,414.3399963378906,414.9800109863281,414.1199951171875,414.7099914550781,434039
2026-02-19 16:25:00+00:00,414.7073059082031,414.7699890136719,413.75,413.8500061035156,430951
2026-02-19 16:30:00+00:00,413.8599853515625,414.45001220703125,413.45001220703125,414.3599853515625,373844
2026-02-19 16:35:00+00:00,414.3399963378906,414.8500061035156,413.25,414.57000732421875,411722
2026-02-19 16:40:00+00:00,414.6000061035156,414.8599853515625,413.2900085449219,413.3699951171875,306965
2026-02-19 16:45:00+00:00,413.4100036621094,413.8399963378906,412.44000244140625,412.7349853515625,519622
2026-02-19 16:50:00+00:00,412.7099914550781,413.3999938964844,411.94000244140625,413.3494873046875,558624
2026-02-19 16:55:00+00:00,413.3599853515625,413.4599914550781,412.56500244140625,412.9800109863281,414501
2026-02-19 17:00:00+00:00,412.9800109863281,413.239990234375,412.4800109863281,412.8399963378906,265541
2026-02-19 17:05:00+00:00,412.79998779296875,413.9490051269531,412.57000732421875,413.3550109863281,426670
2026-02-19 17:10:00+00:00,413.3599853515625,414.0,413.1600036621094,413.7149963378906,259669
2026-02-19 17:15:00+00:00,413.75,414.6698913574219,413.17999267578125,414.5849914550781,342413
2026-02-19 17:20:00+00:00,414.5929870605469,415.2499084472656,414.3900146484375,414.7300109863281,530274
2026-02-19 17:25:00+00:00,414.69500732421875,414.739990234375,413.6499938964844,413.7449951171875,328790
2026-02-19 17:30:00+00:00,413.7449951171875,413.80999755859375,413.04998779296875,413.1050109863281,317307
2026-02-19 17:35:00+00:00,413.0899963378906,413.5400085449219,412.4800109863281,412.6600036621094,371800
2026-02-19 17:40:00+00:00,412.6600036621094,413.05999755859375,412.4599914550781,412.55999755859375,302921
2026-02-19 17:45:00+00:00,412.5679016113281,412.59991455078125,410.54998779296875,410.7200012207031,553154
2026-02-19 17:50:00+00:00,410.715087890625,410.9100036621094,409.2699890136719,409.9700012207031,661583
2026-02-19 17:55:00+00:00,409.8999938964844,410.3299865722656,409.30999755859375,409.5899963378906,420628
2026-02-19 18:00:00+00:00,409.5950012207031,409.9599914550781,408.8999938964844,409.05499267578125,466549
2026-02-19 18:05:00+00:00,409.1099853515625,409.8699951171875,408.7900085449219,409.6400146484375,408768
2026-02-19 18:10:00+00:00,409.6650085449219,410.6400146484375,409.3299865722656,410.4100036621094,541479
2026-02-19 18:15:00+00:00,410.4100036621094,410.4700012207031,409.0,409.1199951171875,438400
2026-02-19 18:20:00+00:00,409.0899963378906,409.5199890136719,408.5799865722656,409.4100036621094,445509
2026-02-19 18:25:00+00:00,409.3599853515625,410.19000244140625,409.04010009765625,409.77508544921875,357192
2026-02-19 18:30:00+00:00,409.7699890136719,410.08990478515625,409.1000061035156,409.260009765625,316785
2026-02-19 18:35:00+00:00,409.2749938964844,409.5899963378906,408.6700134277344,409.4649963378906,382322
2026-02-19 18:40:00+00:00,409.4649963378906,409.75,409.1499938964844,409.5806884765625,302635
2026-02-19 18:45:00+00:00,409.55999755859375,410.5622863769531,409.53070068359375,410.4599914550781,381549
2026-02-19 18:50:00+00:00,410.489990234375,410.510009765625,409.82000732421875,410.1689147949219,269102
2026-02-19 18:55:00+00:00,410.1099853515625,410.9200134277344,409.8800964355469,410.75,307265
2026-02-19 19:00:00+00:00,410.7699890136719,411.1700134277344,410.5,410.7001037597656,360881
2026-02-19 19:05:00+00:00,410.67498779296875,410.989990234375,410.3900146484375,410.6300048828125,262244
2026-02-19 19:10:00+00:00,410.6700134277344,410.70001220703125,409.55999755859375,409.6549987792969,356728
2026-02-19 19:15:00+00:00,409.6600036621094,410.239990234375,409.5899963378906,410.0762939453125,282023
2026-02-19 19:20:00+00:00,410.1000061035156,410.4200134277344,409.6700134277344,410.2699890136719,215583
2026-02-19 19:25:00+00:00,410.2699890136719,410.6000061035156,409.32000732421875,409.7749938964844,253316
2026-02-19 19:30:00+00:00,409.760009765625,410.3599853515625,409.635009765625,410.19000244140625,213497
2026-02-19 19:35:00+00:00,410.1300964355469,410.21990966796875,408.9100036621094,408.9800109863281,207924
2026-02-19 19:40:00+00:00,408.989990234375,409.3299865722656,408.79998779296875,409.0199890136719,232726
2026-02-19 19:45:00+00:00,409.0382995605469,409.47198486328125,408.5199890136719,408.8941955566406,426706
2026-02-19 19:50:00+00:00,408.9200134277344,409.75,408.9100036621094,409.6600036621094,329316
2026-02-19 19:55:00+00:00,409.6300964355469,410.17999267578125,409.489990234375,410.0,248515
2026-02-19 20:00:00+00:00,409.92999267578125,410.81988525390625,409.8999938964844,410.5199890136719,256574
2026-02-19 20:05:00+00:00,410.5498962402344,410.7200012207031,410.17498779296875,410.32000732421875,250072
2026-02-19 20:10:00+00:00,410.3299865722656,411.2799987792969,410.29010009765625,411.1300048828125,280535
2026-02-19 20:15:00+00:00,411.1600036621094,411.2799987792969,410.55999755859375,411.2650146484375,308407
2026-02-19 20:20:00+00:00,411.2699890136719,411.3699951171875,410.6099853515625,410.69000244140625,211771
2026-02-19 20:25:00+00:00,410.6549987792969,410.70001220703125,409.92999267578125,409.9700012207031,253885
2026-02-19 20:30:00+00:00,409.94000244140625,410.91259765625,409.760009765625,410.8399963378906,333992
2026-02-19 20:35:00+00:00,410.82159423828125,410.9599914550781,410.30059814453125,410.3299865722656,210824
2026-02-19 20:40:00+00:00,410.3599853515625,410.7698974609375,410.1600036621094,410.7099914550781,225463
2026-02-19 20:45:00+00:00,410.7145080566406,411.8999938964844,410.6499938964844,411.8699951171875,359130
2026-02-19 20:50:00+00:00,411.80999755859375,411.80999755859375,410.6499938964844,411.20001220703125,451170
2026-02-19 20:55:00+00:00,411.2449951171875,411.75,410.4200134277344,411.72119140625,831817
2026-02-20 14:30:00+00:00,408.2850036621094,408.8699035644531,405.5,408.3478088378906,1910208
2026-02-20 14:35:00+00:00,408.42999267578125,410.3800048828125,407.7900085449219,409.92999267578125,913120
2026-02-20 14:40:00+00:00,410.010009765625,410.44000244140625,408.91009521484375,410.25,660825
2026-02-20 14:45:00+00:00,410.2124938964844,410.739990234375,409.1600036621094,409.25,662620
2026-02-20 14:50:00+00:00,409.2688903808594,409.45001220703125,407.6400146484375,408.04998779296875,753560
2026-02-20 14:55:00+00:00,408.1300048828125,408.5199890136719,407.6700134277344,408.44000244140625,483240
2026-02-20 15:00:00+00:00,408.4700012207031,413.2398986816406,408.25,410.9599914550781,1416541
2026-02-20 15:05:00+00:00,410.9100036621094,411.1400146484375,406.9100036621094,409.2799987792969,1022848
2026-02-20 15:10:00+00:00,409.2900085449219,411.29998779296875,408.41009521484375,408.5111999511719,867955
2026-02-20 15:15:00+00:00,408.5450134277344,410.2298889160156,407.1099853515625,409.35809326171875,949326
2026-02-20 15:20:00+00:00,409.2615966796875,411.1499938964844,409.04998779296875,410.0799865722656,613440
2026-02-20 15:25:00+00:00,410.0799865722656,410.8999938964844,409.20001220703125,409.8099060058594,504038
2026-02-20 15:30:00+00:00,409.80999755859375,410.42999267578125,408.6000061035156,409.8371887207031,505909
2026-02-20 15:35:00+00:00,409.79998779296875,411.5299987792969,409.5799865722656,411.4800109863281,578396
2026-02-20 15:40:00+00:00,411.5,411.79998779296875,409.6700134277344,411.75830078125,581088
2026-02-20 15:45:00+00:00,411.70001220703125,413.0899963378906,411.19000244140625,413.04998779296875,672729
2026-02-20 15:50:00+00:00,413.0899963378906,413.3900146484375,412.2300109863281,412.82000732421875,567576
2026-02-20 15:55:00+00:00,412.8399963378906,413.6000061035156,412.5299987792969,413.3599853515625,501945
2026-02-20 16:00:00+00:00,413.3399963378906,414.70001220703125,413.05010986328125,414.3800048828125,691018
2026-02-20 16:05:00+00:00,414.3800048828125,414.489990234375,413.260009765625,413.32000732421875,472677
2026-02-20 16:10:00+00:00,413.32000732421875,413.6300048828125,412.400390625,412.56500244140625,476035
2026-02-20 16:15:00+00:00,412.5799865722656,412.7099914550781,410.9100036621094,411.0950012207031,496030
2026-02-20 16:20:00+00:00,411.0849914550781,411.3299865722656,410.3999938964844,410.5299987792969,460909
2026-02-20 16:25:00+00:00,410.5599060058594,410.5599060058594,409.25,409.3973083496094,655603
2026-02-20 16:30:00+00:00,409.3800048828125,410.19000244140625,409.1300048828125,410.0400085449219,476053
2026-02-20 16:35:00+00:00,410.1499938964844,410.9523010253906,409.54998779296875,410.9200134277344,376846
2026-02-20 16:40:00+00:00,410.9200134277344,411.29998779296875,410.5299987792969,410.860107421875,310544
2026-02-20 16:45:00+00:00,410.8699951171875,411.45001220703125,410.6600036621094,410.9750061035156,324317
2026-02-20 16:50:00+00:00,410.989990234375,411.0299987792969,410.3800048828125,410.7149963378906,280373
2026-02-20 16:55:00+00:00,410.7049865722656,411.489990234375,410.7049865722656,410.9049987792969,356840
2026-02-20 17:00:00+00:00,410.9599914550781,411.2699890136719,410.281494140625,410.364990234375,336821
2026-02-20 17:05:00+00:00,410.364990234375,410.5762023925781,409.8901062011719,410.0199890136719,279344
2026-02-20 17:10:00+00:00,409.9700012207031,409.9700012207031,408.760009765625,408.8879089355469,501800
2026-02-20 17:15:00+00:00,408.8599853515625,408.8599853515625,407.7699890136719,407.875,544578
2026-02-20 17:20:00+00:00,407.8399963378906,408.0198974609375,406.0199890136719,406.06500244140625,679048
2026-02-20 17:25:00+00:00,406.07000732421875,407.44000244140625,405.8900146484375,407.4100036621094,722918
2026-02-20 17:30:00+00:00,407.44000244140625,407.8190002441406,406.8900146484375,407.2699890136719,443035
2026-02-20 17:35:00+00:00,407.3299865722656,407.8699951171875,406.3900146484375,407.79998779296875,508915
2026-02-20 17:40:00+00:00,407.7749938964844,408.1400146484375,407.20001220703125,407.9800109863281,655390
2026-02-20 17:45:00+00:00,408.0199890136719,408.7598876953125,407.19000244140625,408.6343994140625,471227
2026-02-20 17:50:00+00:00,408.6018981933594,409.6299133300781,408.19000244140625,409.3699951171875,523763
2026-02-20 17:55:00+00:00,409.32000732421875,409.82861328125,408.1499938964844,409.6300048828125,441406
2026-02-20 18:00:00+00:00,409.6000061035156,410.6697998046875,409.42999267578125,409.9800109863281,572438
2026-02-20 18:05:00+00:00,410.0085144042969,410.8500061035156,409.9599914550781,410.375,376083
2026-02-20 18:10:00+00:00,410.3760070800781,410.5392150878906,410.0400085449219,410.2401123046875,304583
2026-02-20 18:15:00+00:00,410.25,410.5799865722656,409.6300048828125,410.14300537109375,406359
2026-02-20 18:20:00+00:00,410.1199951171875,410.3799133300781,408.6000061035156,409.9549865722656,440642
2026-02-20 18:25:00+00:00,409.9400939941406,410.0299987792969,408.7099914550781,409.3599853515625,297062
2026-02-20 18:30:00+00:00,409.3876037597656,411.4490051269531,408.6600036621094,411.0400085449219,501091
2026-02-20 18:35:00+00:00,411.010009765625,411.7037048339844,409.8500061035156,411.1199951171875,509092
2026-02-20 18:40:00+00:00,411.1449890136719,412.6099853515625,411.010009765625,412.55999755859375,549754
2026-02-20 18:45:00+00:00,412.55999755859375,413.3999938964844,412.2799987792969,412.5400085449219,497819
2026-02-20 18:50:00+00:00,412.55999755859375,412.989990234375,411.7500915527344,412.8800048828125,422127
2026-02-20 18:55:00+00:00,412.92999267578125,413.6300048828125,412.7699890136719,413.3900146484375,401048
2026-02-20 19:00:00+00:00,413.3800048828125,413.760009765625,413.05999755859375,413.2950134277344,342128
2026-02-20 19:05:00+00:00,413.29998779296875,413.29998779296875,412.3800048828125,412.4898986816406,310425
2026-02-20 19:10:00+00:00,412.42498779296875,412.7298889160156,411.92059326171875,412.06500244140625,339958
2026-02-20 19:15:00+00:00,412.1000061035156,412.5,411.8299865722656,412.20001220703125,211025
2026-02-20 19:20:00+00:00,412.20001220703125,412.67999267578125,412.0387878417969,412.1650085449219,189983
2026-02-20 19:25:00+00:00,412.17999267578125,412.2099914550781,410.8500061035156,411.0799865722656,325322
2026-02-20 19:30:00+00:00,411.1099853515625,411.5899963378906,410.9119873046875,411.0899963378906,312943
2026-02-20 19:35:00+00:00,411.07501220703125,411.1099853515625,410.4599914550781,410.5,248525
2026-02-20 19:40:00+00:00,410.510009765625,410.75,410.0299987792969,410.2701110839844,280940
2026-02-20 19:45:00+00:00,410.3399963378906,410.55999755859375,410.0400085449219,410.385009765625,228105
2026-02-20 19:50:00+00:00,410.3399963378906,410.95001220703125,410.17999267578125,410.57000732421875,243383
2026-02-20 19:55:00+00:00,410.55999755859375,410.6499938964844,409.6600036621094,409.7937927246094,331202
2026-02-20 20:00:00+00:00,409.79998779296875,410.3489074707031,409.6499938964844,410.2200012207031,282348
2026-02-20 20:05:00+00:00,410.2200012207031,411.30499267578125,410.19000244140625,411.0000915527344,357061
2026-02-20 20:10:00+00:00,411.0199890136719,411.3699951171875,410.8699951171875,411.0199890136719,269436
2026-02-20 20:15:00+00:00,411.0398864746094,411.04998779296875,409.8599853515625,409.9049987792969,276669
2026-02-20 20:20:00+00:00,409.9200134277344,410.1700134277344,409.5299987792969,409.95001220703125,323186
2026-02-20 20:25:00+00:00,409.95001220703125,410.20001220703125,409.6069030761719,409.7900085449219,257742
2026-02-20 20:30:00+00:00,409.7850036621094,410.2099914550781,409.6700134277344,409.989990234375,236741
2026-02-20 20:35:00+00:00,409.9549865722656,410.5799865722656,409.7799987792969,410.4750061035156,313314
2026-02-20 20:40:00+00:00,410.4700012207031,411.2550048828125,410.42999267578125,411.2550048828125,371802
2026-02-20 20:45:00+00:00,411.260009765625,411.5,411.0799865722656,411.0870056152344,293395
2026-02-20 20:50:00+00:00,411.1199951171875,411.8599853515625,411.07000732421875,411.74749755859375,475002
2026-02-20 20:55:00+00:00,411.760009765625,412.239990234375,411.5849914550781,411.7099914550781,906195
2026-02-23 14:30:00+00:00,407.2850036621094,407.70001220703125,404.45001220703125,406.3599853515625,1804477
2026-02-23 14:35:00+00:00,406.30999755859375,406.69000244140625,404.3999938964844,404.9247131347656,1098468
2026-02-23 14:40:00+00:00,404.885009765625,405.1700134277344,402.69000244140625,402.94000244140625,1129069
2026-02-23 14:45:00+00:00,402.8599853515625,403.8800048828125,402.4800109863281,403.04998779296875,906589
2026-02-23 14:50:00+00:00,403.09991455078125,404.17999267578125,402.4100036621094,402.6449890136719,3557872
2026-02-23 14:55:00+00:00,402.6199951171875,403.25,402.32000732421875,402.7799987792969,0
2026-02-23 15:00:00+00:00,402.739990234375,404.1700134277344,402.4599914550781,402.6441955566406,840544
2026-02-23 15:05:00+00:00,402.7099914550781,404.1000061035156,402.0,403.6000061035156,797912
2026-02-23 15:10:00+00:00,403.64990234375,404.6000061035156,403.6000061035156,404.1449890136719,659106
2026-02-23 15:15:00+00:00,404.1700134277344,404.75,403.4599914550781,404.2049865722656,622216
2026-02-23 15:20:00+00:00,404.2049865722656,405.04998779296875,403.2799987792969,403.69000244140625,666376
2026-02-23 15:25:00+00:00,403.6600036621094,403.7898864746094,403.0,403.3800048828125,472532
2026-02-23 15:30:00+00:00,403.3999938964844,404.07000732421875,402.8599853515625,402.9800109863281,598443
2026-02-23 15:35:00+00:00,402.9999084472656,403.1300048828125,402.29998779296875,402.67999267578125,536136
2026-02-23 15:40:00+00:00,402.6499938964844,403.25,402.2799987792969,402.3700866699219,442550
2026-02-23 15:45:00+00:00,402.3999938964844,402.94000244140625,402.19000244140625,402.4566955566406,430461
2026-02-23 15:50:00+00:00,402.44000244140625,402.6700134277344,400.95001220703125,401.1300048828125,801841
2026-02-23 15:55:00+00:00,401.1199951171875,401.3999938964844,400.6400146484375,400.9100036621094,598477
2026-02-23 16:00:00+00:00,400.92999267578125,401.3900146484375,400.1202087402344,400.364990234375,599014
2026-02-23 16:05:00+00:00,400.364990234375,400.45001220703125,398.5,398.92999267578125,1157235
2026-02-23 16:10:00+00:00,398.9599914550781,399.4100036621094,397.9700012207031,398.17999267578125,921962
2026-02-23 16:15:00+00:00,398.19000244140625,398.39990234375,397.25,398.2300109863281,843284
2026-02-23 16:20:00+00:00,398.2200012207031,398.4800109863281,396.9700012207031,397.1099853515625,784890
2026-02-23 16:25:00+00:00,397.0899963378906,398.0799865722656,396.6199951171875,397.9700012207031,747701
2026-02-23 16:30:00+00:00,397.989990234375,398.5599060058594,397.54998779296875,398.5199890136719,7795186
2026-02-23 16:35:00+00:00,398.49200439453125,399.2598876953125,398.1600036621094,398.3699951171875,0
2026-02-23 16:40:00+00:00,398.3900146484375,399.2698974609375,398.20001220703125,398.90509033203125,422744
2026-02-23 16:45:00+00:00,398.93499755859375,399.0,397.8999938964844,398.6400146484375,514670
2026-02-23 16:50:00+00:00,398.6300048828125,399.0,398.17999267578125,398.79998779296875,8127896
2026-02-23 16:55:00+00:00,398.82989501953125,399.0,398.0950012207031,398.3550109863281,0
2026-02-23 17:00:00+00:00,398.3299865722656,398.9800109863281,398.0299987792969,398.375,352635
2026-02-23 17:05:00+00:00,398.3500061035156,399.0,397.95001220703125,398.20001220703125,359380
2026-02-23 17:10:00+00:00,398.18499755859375,398.55999755859375,397.9200134277344,398.2099914550781,294545
2026-02-23 17:15:00+00:00,398.2099914550781,398.8734130859375,398.1600036621094,398.5299987792969,332410
2026-02-23 17:20:00+00:00,398.5299987792969,398.70001220703125,398.1600036621094,398.2699890136719,260371
2026-02-23 17:25:00+00:00,398.25,398.3399963378906,397.3900146484375,397.4200134277344,378539
2026-02-23 17:30:00+00:00,397.41009521484375,397.4599914550781,396.239990234375,396.3900146484375,621050
2026-02-23 17:35:00+00:00,396.3800048828125,396.409912109375,394.79998779296875,394.79998779296875,958541
2026-02-23 17:40:00+00:00,394.81500244140625,395.85980224609375,394.5,395.31451416015625,745199
2026-02-23 17:45:00+00:00,395.32000732421875,395.75,394.4200134277344,394.4800109863281,562349
2026-02-23 17:50:00+00:00,394.489990234375,395.45001220703125,394.239990234375,395.2099914550781,679211
2026-02-23 17:55:00+00:00,395.2099914550781,395.6283874511719,394.82000732421875,395.0,497165
2026-02-23 18:00:00+00:00,394.9849853515625,396.5799865722656,394.92999267578125,396.10009765625,592971
2026-02-23 18:05:00+00:00,396.1000061035156,396.75,395.94000244140625,396.54998779296875,403742
2026-02-23 18:10:00+00:00,396.5299987792969,396.739990234375,395.8399963378906,396.5950012207031,415798
2026-02-23 18:15:00+00:00,396.59991455078125,396.75,395.5799865722656,395.5899963378906,371406
2026-02-23 18:20:00+00:00,395.5801086425781,396.79998779296875,395.29998779296875,396.64990234375,491402
2026-02-23 18:25:00+00:00,396.6099853515625,396.7200012207031,395.9100036621094,396.0400085449219,434638
2026-02-23 18:30:00+00:00,396.05999755859375,396.1000061035156,395.4100036621094,395.9700012207031,421382
2026-02-23 18:35:00+00:00,395.9700927734375,395.989990234375,395.2900085449219,395.56500244140625,11549692
2026-02-23 18:40:00+00:00,395.5799865722656,396.260009765625,395.2799987792969,396.1199951171875,0
2026-02-23 18:45:00+00:00,396.114990234375,396.3599853515625,395.53009033203125,396.2200012207031,11770330
2026-02-23 18:50:00+00:00,396.2099914550781,396.2799987792969,394.6700134277344,394.81500244140625,0
2026-02-23 18:55:00+00:00,394.8280029296875,394.92999267578125,394.1700134277344,394.44989013671875,12247606
2026-02-23 19:00:00+00:00,394.3999938964844,394.94000244140625,394.3599853515625,394.7099914550781,0
2026-02-23 19:05:00+00:00,394.7007141113281,395.1965026855469,394.6600036621094,395.135009765625,343678
2026-02-23 19:10:00+00:00,395.1600036621094,395.3500061035156,394.8901062011719,395.0199890136719,301710
2026-02-23 19:15:00+00:00,395.010009765625,395.2799987792969,394.6512145996094,394.70001220703125,302520
2026-02-23 19:20:00+00:00,394.70001220703125,394.909912109375,394.45001220703125,394.6000061035156,315753
2026-02-23 19:25:00+00:00,394.6000061035156,394.79998779296875,394.2799987792969,394.3949890136719,322055
2026-02-23 19:30:00+00:00,394.3951110839844,394.80999755859375,394.19000244140625,394.55499267578125,13340539
2026-02-23 19:35:00+00:00,394.5350036621094,394.67999267578125,394.2101135253906,394.43499755859375,0
2026-02-23 19:40:00+00:00,394.44000244140625,394.4898986816406,394.0400085449219,394.3349914550781,361097
2026-02-23 19:45:00+00:00,394.3299865722656,394.8800048828125,394.1499938964844,394.8699951171875,346164
2026-02-23 19:50:00+00:00,394.8599853515625,395.1300048828125,394.57000732421875,395.07000732421875,419896
2026-02-23 19:55:00+00:00,395.07501220703125,396.0299987792969,394.9100036621094,395.3373107910156,638833
2026-02-23 20:00:00+00:00,395.3349914550781,395.81988525390625,395.1199951171875,395.4888000488281,471495
2026-02-23 20:05:00+00:00,395.489990234375,395.6000061035156,394.9599914550781,395.1199951171875,423923
2026-02-23 20:10:00+00:00,395.1173095703125,395.2099914550781,394.4200134277344,394.5299987792969,432915
2026-02-23 20:15:00+00:00,394.5450134277344,395.3500061035156,394.489990234375,395.1000061035156,390748
2026-02-23 20:20:00+00:00,395.0700988769531,395.1199951171875,394.6199951171875,395.07000732421875,366222
2026-02-23 20:25:00+00:00,395.06500244140625,395.6600036621094,394.9800109863281,395.53118896484375,423442
2026-02-23 20:30:00+00:00,395.5299987792969,396.3299865722656,395.45001220703125,396.18499755859375,534155
2026-02-23 20:35:00+00:00,396.20001220703125,396.260009765625,395.6000061035156,396.1449890136719,445329
2026-02-23 20:40:00+00:00,396.1400146484375,396.760009765625,395.95001220703125,396.5350036621094,598982
2026-02-23 20:45:00+00:00,396.5299987792969,396.54998779296875,395.75,396.4580078125,597471
2026-02-23 20:50:00+00:00,396.45001220703125,397.3299865722656,396.0199890136719,397.0705871582031,931053
2026-02-23 20:55:00+00:00,397.07000732421875,400.0,397.0299987792969,399.8500061035156,2952614
2026-02-24 14:30:00+00:00,399.54998779296875,401.5199890136719,397.6400146484375,401.18951416015625,2124255
2026-02-24 14:35:00+00:00,401.239990234375,402.5398864746094,399.4306945800781,401.7799987792969,1143105
2026-02-24 14:40:00+00:00,401.840087890625,402.5799865722656,400.55999755859375,402.510009765625,708060
2026-02-24 14:45:00+00:00,402.5,403.3900146484375,401.8299865722656,403.239990234375,882666
2026-02-24 14:50:00+00:00,403.2200012207031,403.6499938964844,402.3299865722656,402.5249938964844,3093877
2026-02-24 14:55:00+00:00,402.5,403.69000244140625,401.8999938964844,402.5199890136719,0
2026-02-24 15:00:00+00:00,402.5199890136719,402.8500061035156,401.2701110839844,401.4372863769531,711441
2026-02-24 15:05:00+00:00,401.4208068847656,402.64801025390625,401.1000061035156,402.4599914550781,592738
2026-02-24 15:10:00+00:00,402.47509765625,403.32000732421875,401.7699890136719,402.17999267578125,652746
2026-02-24 15:15:00+00:00,402.19000244140625,403.6000061035156,401.8900146484375,403.4200134277344,530124
2026-02-24 15:20:00+00:00,403.4200134277344,405.94000244140625,403.29998779296875,405.92999267578125,4626701
2026-02-24 15:25:00+00:00,405.9100036621094,407.5400085449219,405.6099853515625,407.44500732421875,0
2026-02-24 15:30:00+00:00,407.45001220703125,407.5899963378906,406.6199951171875,407.31500244140625,879982
2026-02-24 15:35:00+00:00,407.3026123046875,407.7099914550781,406.6499938964844,407.3800048828125,652729
2026-02-24 15:40:00+00:00,407.3450012207031,407.5,406.6200866699219,407.0899963378906,509424
2026-02-24 15:45:00+00:00,407.1099853515625,407.20001220703125,406.3800048828125,406.4216003417969,545288
2026-02-24 15:50:00+00:00,406.44000244140625,406.44000244140625,405.1000061035156,405.17999267578125,648325
2026-02-24 15:55:00+00:00,405.16180419921875,405.54998779296875,404.30999755859375,404.635009765625,600876
2026-02-24 16:00:00+00:00,404.6400146484375,405.739990234375,404.45001220703125,405.489990234375,589778
2026-02-24 16:05:00+00:00,405.4501037597656,405.4501037597656,404.1700134277344,404.409912109375,5743530
2026-02-24 16:10:00+00:00,404.3500061035156,404.5299987792969,403.9200134277344,404.05999755859375,0
2026-02-24 16:15:00+00:00,404.04998779296875,404.1000061035156,403.0799865722656,403.4800109863281,535725
2026-02-24 16:20:00+00:00,403.4800109863281,403.8492126464844,402.88018798828125,403.3550109863281,6157460
2026-02-24 16:25:00+00:00,403.375,403.8999938964844,402.80999755859375,403.3299865722656,0
2026-02-24 16:30:00+00:00,403.3299865722656,403.44000244140625,402.7799987792969,403.1000061035156,6342950
2026-02-24 16:35:00+00:00,403.0799865722656,404.0799865722656,402.9599914550781,403.8500061035156,0
2026-02-24 16:40:00+00:00,403.75,403.989990234375,402.3699951171875,402.45001220703125,484442
2026-02-24 16:45:00+00:00,402.42999267578125,402.9800109863281,402.260009765625,402.6799011230469,402542
2026-02-24 16:50:00+00:00,402.6099853515625,403.2200012207031,402.3699951171875,403.0849914550781,342662
2026-02-24 16:55:00+00:00,403.0849914550781,404.7099914550781,402.9200134277344,404.6099853515625,584728
2026-02-24 17:00:00+00:00,404.635009765625,404.6700134277344,404.07000732421875,404.32000732421875,354453
2026-02-24 17:05:00+00:00,404.32000732421875,404.82000732421875,404.21978759765625,404.6899108886719,345157
2026-02-24 17:10:00+00:00,404.69000244140625,405.6700134277344,404.5,404.9200134277344,494740
2026-02-24 17:15:00+00:00,404.92999267578125,405.0899963378906,404.1300048828125,404.2200012207031,355117
2026-02-24 17:20:00+00:00,404.2200012207031,404.6300048828125,404.1099853515625,404.56109619140625,298531
2026-02-24 17:25:00+00:00,404.57000732421875,404.67999267578125,403.8999938964844,404.04010009765625,295497
2026-02-24 17:30:00+00:00,404.0899963378906,404.9800109863281,403.8500061035156,404.85321044921875,355527
2026-02-24 17:35:00+00:00,404.8299865722656,405.1741943359375,404.7001037597656,404.8599853515625,7267542
2026-02-24 17:40:00+00:00,404.8500061035156,404.8999938964844,404.25,404.2699890136719,0
2026-02-24 17:45:00+00:00,404.260009765625,404.30499267578125,403.70001220703125,404.2720031738281,277771
2026-02-24 17:50:00+00:00,404.25,404.7900085449219,404.2200012207031,404.4661865234375,254365
2026-02-24 17:55:00+00:00,404.44000244140625,404.8999938964844,404.05999755859375,404.739990234375,222104
2026-02-24 18:00:00+00:00,404.7200012207031,406.0299987792969,404.6700134277344,405.9399108886719,435984
2026-02-24 18:05:00+00:00,405.92999267578125,405.92999267578125,405.2900085449219,405.3699951171875,354584
2026-02-24 18:10:00+00:00,405.3500061035156,405.7300109863281,405.29998779296875,405.7200012207031,253421
2026-02-24 18:15:00+00:00,405.739990234375,405.739990234375,405.3599853515625,405.5,223712
2026-02-24 18:20:00+00:00,405.4800109863281,405.6300048828125,405.1000061035156,405.4800109863281,271553
2026-02-24 18:25:00+00:00,405.4800109863281,405.5799865722656,405.17999267578125,405.32989501953125,192125
2026-02-24 18:30:00+00:00,405.3399963378906,406.0899963378906,405.260009765625,405.8399963378906,323727
2026-02-24 18:35:00+00:00,405.8399963378906,406.1000061035156,405.6199951171875,406.0400085449219,272546
2026-02-24 18:40:00+00:00,406.04998779296875,406.3500061035156,405.239990234375,405.32000732421875,319423
2026-02-24 18:45:00+00:00,405.2799987792969,406.0400085449219,405.1499938964844,405.9849853515625,286357
2026-02-24 18:50:00+00:00,405.9849853515625,406.6400146484375,405.9849853515625,406.614990234375,356620
2026-02-24 18:55:00+00:00,406.6210021972656,406.80999755859375,406.30999755859375,406.6099853515625,8258307
2026-02-24 19:00:00+00:00,406.6000061035156,409.1300048828125,406.510009765625,408.6099853515625,0
2026-02-24 19:05:00+00:00,408.6199951171875,409.44000244140625,408.260009765625,408.9800109863281,9200606
2026-02-24 19:10:00+00:00,408.9798889160156,409.1499938964844,408.25,408.7699890136719,0
2026-02-24 19:15:00+00:00,408.7601013183594,408.8800048828125,408.0799865722656,408.38861083984375,405284
2026-02-24 19:20:00+00:00,408.375,408.9729919433594,408.2601013183594,408.739990234375,450540
2026-02-24 19:25:00+00:00,408.75,409.54998779296875,408.4750061035156,408.6400146484375,515785
2026-02-24 19:30:00+00:00,408.6400146484375,408.8399963378906,407.9200134277344,407.9700012207031,9535225
2026-02-24 19:35:00+00:00,407.9800109863281,408.6199951171875,407.9100036621094,408.3399963378906,0
2026-02-24 19:40:00+00:00,408.3500061035156,409.2099914550781,408.32000732421875,408.8800048828125,380103
2026-02-24 19:45:00+00:00,408.86981201171875,409.19000244140625,408.7099914550781,409.0450134277344,313381
2026-02-24 19:50:00+00:00,409.0450134277344,409.6499938964844,408.7300109863281,408.7900085449219,372590
2026-02-24 19:55:00+00:00,408.79998779296875,408.9549865722656,408.42999267578125,408.7048034667969,310157
2026-02-24 20:00:00+00:00,408.7300109863281,409.1600036621094,408.3299865722656,408.3699951171875,367454
2026-02-24 20:05:00+00:00,408.3599853515625,408.7698974609375,408.1000061035156,408.2200012207031,355678
2026-02-24 20:10:00+00:00,408.2099914550781,408.73980712890625,408.0199890136719,408.42498779296875,292535
2026-02-24 20:15:00+00:00,408.4100036621094,409.1300048828125,408.19000244140625,409.1199951171875,316627
2026-02-24 20:20:00+00:00,409.0799865722656,410.10101318359375,409.0799865722656,409.9254150390625,602802
2026-02-24 20:25:00+00:00,409.9200134277344,410.4100036621094,408.70001220703125,408.760009765625,618254
2026-02-24 20:30:00+00:00,408.79998779296875,409.55999755859375,408.6700134277344,409.489990234375,10808150
2026-02-24 20:35:00+00:00,409.4949951171875,409.739990234375,409.3399963378906,409.6099853515625,0
2026-02-24 20:40:00+00:00,409.5799865722656,410.4299011230469,409.489990234375,410.3399963378906,466378
2026-02-24 20:45:00+00:00,410.32000732421875,410.7900085449219,410.010009765625,410.44000244140625,457835
2026-02-24 20:50:00+00:00,410.4700012207031,410.82000732421875,409.9200134277344,410.1968078613281,706628
2026-02-24 20:55:00+00:00,410.17999267578125,410.17999267578125,408.8999938964844,409.3599853515625,1244583
2026-02-25 14:30:00+00:00,412.1499938964844,419.56500244140625,412.1499938964844,418.3800048828125,2878268
2026-02-25 14:35:00+00:00,418.3900146484375,420.3399963378906,417.79998779296875,418.95001220703125,1366593
2026-02-25 14:40:00+00:00,418.8800048828125,419.2200012207031,416.8999938964844,416.9359130859375,1093244
2026-02-25 14:45:00+00:00,416.94000244140625,418.1199951171875,416.739990234375,416.7699890136719,852418
2026-02-25 14:50:00+00:00,416.75079345703125,417.3299865722656,415.4200134277344,415.6141052246094,802832
2026-02-25 14:55:00+00:00,415.5950012207031,416.2799072265625,415.1600036621094,415.7850036621094,804380
2026-02-25 15:00:00+00:00,415.760009765625,416.3999938964844,415.010009765625,415.1600036621094,809242
2026-02-25 15:05:00+00:00,415.1600036621094,415.20989990234375,413.6099853515625,414.0389099121094,4688635
2026-02-25 15:10:00+00:00,414.03509521484375,414.79998779296875,413.54998779296875,414.6036071777344,0
2026-02-25 15:15:00+00:00,414.6300048828125,414.8699951171875,413.739990234375,413.864990234375,4856265
2026-02-25 15:20:00+00:00,413.864990234375,414.489990234375,413.57000732421875,414.1400146484375,645581
2026-02-25 15:25:00+00:00,414.1549987792969,414.8699951171875,413.7799987792969,414.8299865722656,0
2026-02-25 15:30:00+00:00,414.80999755859375,415.2300109863281,414.10009765625,414.2099914550781,621942
2026-02-25 15:35:00+00:00,414.2398986816406,415.05999755859375,413.8900146484375,414.56500244140625,592663
2026-02-25 15:40:00+00:00,414.5899963378906,415.3299865722656,414.5899963378906,415.2749938964844,489381
2026-02-25 15:45:00+00:00,415.2749938964844,415.79998779296875,414.9154052734375,415.4195861816406,515228
2026-02-25 15:50:00+00:00,415.385009765625,415.489990234375,414.4070129394531,414.8800048828125,449131
2026-02-25 15:55:00+00:00,414.8900146484375,415.75,414.6199951171875,415.4014892578125,507537
2026-02-25 16:00:00+00:00,415.3999938964844,415.6000061035156,414.6499938964844,415.2401123046875,521405
2026-02-25 16:05:00+00:00,415.260009765625,415.2898864746094,414.45001220703125,414.9700012207031,6203038
2026-02-25 16:10:00+00:00,414.9601135253906,415.3793029785156,414.3500061035156,414.489990234375,0
2026-02-25 16:15:00+00:00,414.4700012207031,414.4700012207031,413.3599853515625,413.9949951171875,6654051
2026-02-25 16:20:00+00:00,414.010009765625,414.20001220703125,413.5,413.7699890136719,0
2026-02-25 16:25:00+00:00,413.77911376953125,414.0690002441406,413.6099853515625,413.9601135253906,329535
2026-02-25 16:30:00+00:00,413.95001220703125,414.5199890136719,413.739990234375,413.7650146484375,388357
2026-02-25 16:35:00+00:00,413.7650146484375,414.3500061035156,413.6700134277344,414.31500244140625,393728
2026-02-25 16:40:00+00:00,414.3299865722656,414.7200012207031,413.44000244140625,413.7250061035156,7066559
2026-02-25 16:45:00+00:00,413.70001220703125,414.04998779296875,413.1600036621094,413.5138854980469,0
2026-02-25 16:50:00+00:00,413.4800109863281,414.29998779296875,413.2619934082031,413.7749938964844,478184
2026-02-25 16:55:00+00:00,413.79150390625,414.5799865722656,413.6499938964844,414.56500244140625,7332831
2026-02-25 17:00:00+00:00,414.5899963378906,416.2900085449219,414.510009765625,416.17999267578125,0
2026-02-25 17:05:00+00:00,416.2119140625,416.9200134277344,416.19000244140625,416.6199951171875,664197
2026-02-25 17:10:00+00:00,416.63519287109375,416.8999938964844,416.2799987792969,416.5199890136719,8086655
2026-02-25 17:15:00+00:00,416.5400085449219,416.5400085449219,415.1600036621094,415.2300109863281,0
2026-02-25 17:20:00+00:00,415.2099914550781,415.4991149902344,414.7799987792969,414.95001220703125,431857
2026-02-25 17:25:00+00:00,414.95001220703125,415.29998779296875,414.010009765625,414.0849914550781,418678
2026-02-25 17:30:00+00:00,414.0950012207031,414.3299865722656,413.79998779296875,414.2900085449219,405721
2026-02-25 17:35:00+00:00,414.29010009765625,414.55499267578125,413.9599914550781,414.1199951171875,343234
2026-02-25 17:40:00+00:00,414.1163024902344,414.67999267578125,414.04901123046875,414.590087890625,294449
2026-02-25 17:45:00+00:00,414.6099853515625,415.04998779296875,414.5400085449219,414.8995056152344,269413
2026-02-25 17:50:00+00:00,414.8900146484375,415.07000732421875,414.75,414.94000244140625,8738498
2026-02-25 17:55:00+00:00,414.9100036621094,415.260009765625,414.6000061035156,415.1499938964844,0
2026-02-25 18:00:00+00:00,415.1600036621094,415.2298889160156,414.6400146484375,414.7900085449219,231660
2026-02-25 18:05:00+00:00,414.7900085449219,414.8900146484375,414.2099914550781,414.7991027832031,294577
2026-02-25 18:10:00+00:00,414.760009765625,415.0589904785156,414.67999267578125,414.8599853515625,226227
2026-02-25 18:15:00+00:00,414.8550109863281,414.95001220703125,414.4800109863281,414.6000061035156,212527
2026-02-25 18:20:00+00:00,414.6050109863281,415.1199035644531,414.42999267578125,414.79998779296875,9199840
2026-02-25 18:25:00+00:00,414.79998779296875,415.30999755859375,414.7799987792969,415.1300048828125,0
2026-02-25 18:30:00+00:00,415.1499938964844,415.45001220703125,414.8999938964844,414.94000244140625,220069
2026-02-25 18:35:00+00:00,414.9599914550781,415.30999755859375,414.9100036621094,415.0692138671875,9453568
2026-02-25 18:40:00+00:00,415.05499267578125,416.3450012207031,415.0400085449219,416.18499755859375,0
2026-02-25 18:45:00+00:00,416.18499755859375,416.3500061035156,415.6300048828125,415.6700134277344,295120
2026-02-25 18:50:00+00:00,415.67999267578125,416.0299987792969,415.6600036621094,415.9200134277344,246483
2026-02-25 18:55:00+00:00,415.90399169921875,416.2200012207031,415.7300109863281,415.7401123046875,218226
2026-02-25 19:00:00+00:00,415.739990234375,416.1700134277344,415.70001220703125,416.1600036621094,195324
2026-02-25 19:05:00+00:00,416.1700134277344,416.4599914550781,415.8999938964844,416.260009765625,283346
2026-02-25 19:10:00+00:00,416.2650146484375,416.42498779296875,416.1099853515625,416.3299865722656,223214
2026-02-25 19:15:00+00:00,416.32000732421875,416.54998779296875,416.2099914550781,416.45489501953125,229855
2026-02-25 19:20:00+00:00,416.46051025390625,416.46051025390625,415.8599853515625,416.2200927734375,241865
2026-02-25 19:25:00+00:00,416.2300109863281,416.260009765625,415.6700134277344,415.9200134277344,265330
2026-02-25 19:30:00+00:00,415.9516906738281,416.3096923828125,415.5899963378906,415.6099853515625,269029
2026-02-25 19:35:00+00:00,415.57000732421875,416.20001220703125,415.4599914550781,415.9700012207031,326693
2026-02-25 19:40:00+00:00,415.9800109863281,416.1499938964844,415.7401123046875,415.9200134277344,208540
2026-02-25 19:45:00+00:00,415.9599914550781,416.010009765625,415.6499938964844,415.840087890625,188595
2026-02-25 19:50:00+00:00,415.8800048828125,416.0799865722656,415.635009765625,415.99700927734375,216091
2026-02-25 19:55:00+00:00,416.0014953613281,416.2019958496094,415.80010986328125,415.9325866699219,220549
2026-02-25 20:00:00+00:00,415.92999267578125,416.4200134277344,415.8399963378906,416.18011474609375,305019
2026-02-25 20:05:00+00:00,416.18499755859375,416.6000061035156,416.0199890136719,416.5400085449219,259804
2026-02-25 20:10:00+00:00,416.5400085449219,416.55999755859375,416.0,416.1050109863281,280885
2026-02-25 20:15:00+00:00,416.10089111328125,416.25,415.7300109863281,416.07000732421875,325633
2026-02-25 20:20:00+00:00,416.07501220703125,416.2099914550781,415.5899963378906,415.6589050292969,383101
2026-02-25 20:25:00+00:00,415.64019775390625,415.8699951171875,415.45001220703125,415.7073059082031,309749
2026-02-25 20:30:00+00:00,415.69390869140625,415.7799987792969,414.9700012207031,415.2300109863281,538336
2026-02-25 20:35:00+00:00,415.2099914550781,415.6099853515625,414.8500061035156,415.5299987792969,432504
2026-02-25 20:40:00+00:00,415.5,415.8699951171875,415.37451171875,415.4949951171875,424127
2026-02-25 20:45:00+00:00,415.4800109863281,416.05999755859375,415.3301086425781,415.9549865722656,420465
2026-02-25 20:50:00+00:00,415.92999267578125,417.4100036621094,415.8900146484375,416.9700012207031,881535
2026-02-25 20:55:00+00:00,416.9700012207031,417.6400146484375,416.80999755859375,417.3900146484375,1321092
2026-02-26 14:30:00+00:00,414.5,416.79998779296875,410.9200134277344,411.57000732421875,1913258
2026-02-26 14:35:00+00:00,411.6449890136719,412.3500061035156,410.3699951171875,411.32989501953125,1071744
2026-02-26 14:40:00+00:00,411.2200012207031,412.3500061035156,410.1199951171875,412.17498779296875,1104074
2026-02-26 14:45:00+00:00,412.05999755859375,413.1000061035156,410.760009765625,411.8699951171875,899094
2026-02-26 14:50:00+00:00,411.8406066894531,412.9413146972656,411.70001220703125,412.6299133300781,726461
2026-02-26 14:55:00+00:00,412.6300048828125,413.6300048828125,412.4800109863281,413.1022033691406,726243
2026-02-26 15:00:00+00:00,413.1000061035156,413.8800048828125,412.0,412.75250244140625,769242
2026-02-26 15:05:00+00:00,412.7900085449219,413.2200012207031,412.1400146484375,412.6485900878906,3255853
2026-02-26 15:10:00+00:00,412.6300048828125,413.4599914550781,411.1400146484375,411.2650146484375,0
2026-02-26 15:15:00+00:00,411.20001220703125,411.2699890136719,407.67999267578125,407.8599853515625,1175492
2026-02-26 15:20:00+00:00,407.79071044921875,408.3599853515625,406.8800048828125,407.1440124511719,954058
2026-02-26 15:25:00+00:00,407.1650085449219,408.6000061035156,406.4700012207031,407.8175048828125,960389
2026-02-26 15:30:00+00:00,407.80999755859375,407.92999267578125,404.8301086425781,405.125,5241840
2026-02-26 15:35:00+00:00,405.0914001464844,407.8399963378906,405.0914001464844,407.79998779296875,0
2026-02-26 15:40:00+00:00,407.7703857421875,408.8599853515625,407.5,408.44500732421875,584374
2026-02-26 15:45:00+00:00,408.45001220703125,409.3999938964844,408.32000732421875,409.1177978515625,505467
2026-02-26 15:50:00+00:00,409.07501220703125,409.5299987792969,408.0899963378906,409.44000244140625,439526
2026-02-26 15:55:00+00:00,409.447998046875,410.0,408.8999938964844,409.2715148925781,439642
2026-02-26 16:00:00+00:00,409.29998779296875,409.7900085449219,408.4664001464844,409.1400146484375,392988
2026-02-26 16:05:00+00:00,409.19000244140625,409.6199951171875,408.739990234375,409.3399963378906,336724
2026-02-26 16:10:00+00:00,409.3900146484375,410.07000732421875,409.1900939941406,409.74700927734375,349835
2026-02-26 16:15:00+00:00,409.74700927734375,410.29998779296875,409.5,409.5299987792969,335523
2026-02-26 16:20:00+00:00,409.510009765625,409.7200012207031,408.79998779296875,408.9200134277344,302455
2026-02-26 16:25:00+00:00,408.9599914550781,409.7300109863281,408.8399963378906,409.08331298828125,279456
2026-02-26 16:30:00+00:00,409.0799865722656,410.1700134277344,408.95001220703125,409.739990234375,6422148
2026-02-26 16:35:00+00:00,409.75,409.79998779296875,407.7701110839844,407.78009033203125,0
2026-02-26 16:40:00+00:00,407.7900085449219,408.1099853515625,406.57000732421875,406.7699890136719,6859230
2026-02-26 16:45:00+00:00,406.77520751953125,406.83990478515625,405.7200927734375,406.54998779296875,915520
2026-02-26 16:50:00+00:00,406.55999755859375,406.7699890136719,405.45001220703125,405.55499267578125,0
2026-02-26 16:55:00+00:00,405.5751953125,405.6589050292969,404.2799987792969,404.6400146484375,767039
2026-02-26 17:00:00+00:00,404.6499938964844,406.2298889160156,404.5400085449219,405.95001220703125,787670
2026-02-26 17:05:00+00:00,405.9100036621094,406.1050109863281,405.0899963378906,405.4999084472656,7979048
2026-02-26 17:10:00+00:00,405.489990234375,405.7799987792969,404.7001037597656,404.75,478132
2026-02-26 17:15:00+00:00,404.7550048828125,405.3800048828125,404.6000061035156,404.8900146484375,0
2026-02-26 17:20:00+00:00,404.8500061035156,405.29998779296875,404.67999267578125,405.1700134277344,327321
2026-02-26 17:25:00+00:00,405.1650085449219,405.75,404.94000244140625,405.2099914550781,331030
2026-02-26 17:30:00+00:00,405.2099914550781,406.46990966796875,404.9200134277344,406.19500732421875,520132
2026-02-26 17:35:00+00:00,406.17498779296875,406.2300109863281,404.8800048828125,405.07000732421875,394348
2026-02-26 17:40:00+00:00,405.09698486328125,405.1199951171875,404.3200988769531,404.4219970703125,387554
2026-02-26 17:45:00+00:00,404.3999938964844,404.4800109863281,403.75,403.9014892578125,478375
2026-02-26 17:50:00+00:00,403.8800048828125,404.79998779296875,403.6600036621094,404.6499938964844,461105
2026-02-26 17:55:00+00:00,404.61199951171875,405.0,404.2200012207031,404.54998779296875,402704
2026-02-26 18:00:00+00:00,404.5412902832031,405.29998779296875,404.1600036621094,404.43499755859375,352555
2026-02-26 18:05:00+00:00,404.42999267578125,404.6199951171875,404.1000061035156,404.5799865722656,326147
2026-02-26 18:10:00+00:00,404.58990478515625,404.8299865722656,404.1000061035156,404.75,316010
2026-02-26 18:15:00+00:00,404.7300109863281,405.25,404.17999267578125,405.2049865722656,297201
2026-02-26 18:20:00+00:00,405.2200012207031,405.58990478515625,404.7546081542969,405.5799865722656,318938
2026-02-26 18:25:00+00:00,405.54998779296875,405.6300048828125,405.1300048828125,405.2099914550781,212229
2026-02-26 18:30:00+00:00,405.2200012207031,406.6300048828125,405.0799865722656,406.4700012207031,358433
2026-02-26 18:35:00+00:00,406.510009765625,407.260009765625,406.3299865722656,407.05999755859375,485891
2026-02-26 18:40:00+00:00,407.07000732421875,407.4800109863281,406.94000244140625,407.2799987792969,317689
2026-02-26 18:45:00+00:00,407.2820129394531,407.9100036621094,406.82000732421875,407.260009765625,397931
2026-02-26 18:50:00+00:00,407.260009765625,407.3500061035156,406.760009765625,407.1499938964844,259967
2026-02-26 18:55:00+00:00,407.1730041503906,407.8699951171875,407.05010986328125,407.3399963378906,283042
2026-02-26 19:00:00+00:00,407.29998779296875,408.1199951171875,407.0950012207031,408.0350036621094,277177
2026-02-26 19:05:00+00:00,408.0799865722656,408.2799987792969,407.80999755859375,408.17999267578125,252097
2026-02-26 19:10:00+00:00,408.1600036621094,408.6000061035156,408.1000061035156,408.55999755859375,284956
2026-02-26 19:15:00+00:00,408.54168701171875,408.989990234375,408.4800109863281,408.590087890625,357761
2026-02-26 19:20:00+00:00,408.6499938964844,409.3890075683594,408.5199890136719,409.0150146484375,376334
2026-02-26 19:25:00+00:00,408.95001220703125,408.98089599609375,407.94000244140625,408.1899108886719,394744
2026-02-26 19:30:00+00:00,408.17999267578125,408.8500061035156,408.0799865722656,408.5299987792969,345784
2026-02-26 19:35:00+00:00,408.5150146484375,408.70001220703125,408.1600036621094,408.2701110839844,211499
2026-02-26 19:40:00+00:00,408.3299865722656,408.5,408.1499938964844,408.3699951171875,192306
2026-02-26 19:45:00+00:00,408.385009765625,409.0799865722656,408.3699951171875,408.7507019042969,287264
2026-02-26 19:50:00+00:00,408.739990234375,408.78509521484375,408.1499938964844,408.39111328125,261830
2026-02-26 19:55:00+00:00,408.3999938964844,408.69000244140625,407.4801025390625,407.6199951171875,295476
2026-02-26 20:00:00+00:00,407.6400146484375,408.8599853515625,407.5899963378906,408.7749938964844,304825
2026-02-26 20:05:00+00:00,408.760009765625,408.9244079589844,407.8299865722656,407.8999938964844,262929
2026-02-26 20:10:00+00:00,407.8999938964844,408.0899963378906,407.3500061035156,407.4200134277344,263150
2026-02-26 20:15:00+00:00,407.3900146484375,408.54998779296875,407.1199951171875,408.19000244140625,428084
2026-02-26 20:20:00+00:00,408.17999267578125,408.33990478515625,407.5199890136719,407.8622131347656,333430
2026-02-26 20:25:00+00:00,407.8550109863281,408.07000732421875,407.62860107421875,407.7099914550781,240330
2026-02-26 20:30:00+00:00,407.70001220703125,408.5799865722656,407.69000244140625,408.3550109863281,304730
2026-02-26 20:35:00+00:00,408.3599853515625,408.8800048828125,408.1099853515625,408.8800048828125,359116
2026-02-26 20:40:00+00:00,408.8876037597656,408.9200134277344,408.44000244140625,408.8599853515625,285172
2026-02-26 20:45:00+00:00,408.8800048828125,408.9100036621094,408.4700012207031,408.7550048828125,287872
2026-02-26 20:50:00+00:00,408.739990234375,409.20001220703125,408.510009765625,408.7200012207031,526548
2026-02-26 20:55:00+00:00,408.7200012207031,408.8904113769531,408.1007080078125,408.4800109863281,881194
2026-02-27 14:30:00+00:00,402.94000244140625,404.5,400.8999938964844,403.8900146484375,1764143
2026-02-27 14:35:00+00:00,403.9200134277344,405.5199890136719,403.3731994628906,405.2095031738281,861209
2026-02-27 14:40:00+00:00,405.1545104980469,405.2099914550781,401.4100036621094,402.80999755859375,2367479
2026-02-27 14:45:00+00:00,403.029296875,404.42999267578125,402.42010498046875,404.04998779296875,941126
2026-02-27 14:50:00+00:00,404.07501220703125,404.32989501953125,403.0,403.2799987792969,0
2026-02-27 14:55:00+00:00,403.2799987792969,403.6600036621094,402.6499938964844,403.2049865722656,450432
2026-02-27 15:00:00+00:00,403.1700134277344,405.1499938964844,403.0,405.0094909667969,694478
2026-02-27 15:05:00+00:00,405.0090026855469,405.81500244140625,404.5,404.57000732421875,670719
2026-02-27 15:10:00+00:00,404.5614929199219,405.3999938964844,404.53009033203125,404.8999938964844,422448
2026-02-27 15:15:00+00:00,404.9599914550781,405.52508544921875,404.20001220703125,404.6106872558594,471549
2026-02-27 15:20:00+00:00,404.6000061035156,406.29998779296875,404.44000244140625,406.05999755859375,551161
2026-02-27 15:25:00+00:00,406.0299987792969,407.1099853515625,405.80999755859375,406.85400390625,632745
2026-02-27 15:30:00+00:00,406.8599853515625,406.9200134277344,405.6000061035156,406.07501220703125,552624
2026-02-27 15:35:00+00:00,406.05999755859375,406.32000732421875,405.12060546875,405.239990234375,445265
2026-02-27 15:40:00+00:00,405.239990234375,405.67999267578125,404.8299865722656,405.2200012207031,409133
2026-02-27 15:45:00+00:00,405.2200012207031,405.7900085449219,404.6700134277344,405.04998779296875,395552
2026-02-27 15:50:00+00:00,405.10150146484375,405.17779541015625,403.6600036621094,403.7799987792969,466943
2026-02-27 15:55:00+00:00,403.75,403.8500061035156,402.7699890136719,403.17010498046875,578700
2026-02-27 16:00:00+00:00,403.1700134277344,403.8598937988281,402.6199951171875,403.4949951171875,4724792
2026-02-27 16:05:00+00:00,403.42999267578125,403.5299987792969,401.8299865722656,401.9451904296875,740903
2026-02-27 16:10:00+00:00,401.9700012207031,403.3900146484375,401.8999938964844,403.0150146484375,0
2026-02-27 16:15:00+00:00,402.99798583984375,403.510009765625,402.7099914550781,402.9599914550781,409581
2026-02-27 16:20:00+00:00,402.95001220703125,402.9830017089844,401.9700012207031,402.739990234375,391193
2026-02-27 16:25:00+00:00,402.7099914550781,402.8999938964844,402.0,402.30999755859375,5254890
2026-02-27 16:30:00+00:00,402.260009765625,403.44000244140625,402.2200012207031,403.4150085449219,442136
2026-02-27 16:35:00+00:00,403.42999267578125,403.5400085449219,402.6499938964844,402.71600341796875,371348
2026-02-27 16:40:00+00:00,402.7200012207031,402.7200012207031,401.1400146484375,401.2300109863281,0
2026-02-27 16:45:00+00:00,401.239990234375,401.427001953125,400.8399963378906,400.9601135253906,533173
2026-02-27 16:50:00+00:00,400.989990234375,402.239990234375,400.94000244140625,402.23651123046875,5956052
2026-02-27 16:55:00+00:00,402.2200012207031,402.6099853515625,401.989990234375,402.04998779296875,0
2026-02-27 17:00:00+00:00,402.0350036621094,403.07989501953125,402.0201110839844,402.8399963378906,415428
2026-02-27 17:05:00+00:00,402.80999755859375,403.0398864746094,402.3900146484375,402.7850036621094,324971
2026-02-27 17:10:00+00:00,402.81781005859375,402.81781005859375,401.07000732421875,401.42999267578125,482732
2026-02-27 17:15:00+00:00,401.44000244140625,401.57000732421875,400.45001220703125,400.4800109863281,438131
2026-02-27 17:20:00+00:00,400.4516906738281,400.5899963378906,399.0299987792969,400.4949951171875,812101
2026-02-27 17:25:00+00:00,400.4700012207031,401.5,400.17999267578125,400.909912109375,533839
2026-02-27 17:30:00+00:00,400.9200134277344,401.6099853515625,400.54998779296875,401.3659973144531,443650
2026-02-27 17:35:00+00:00,401.3599853515625,401.4414978027344,399.95001220703125,400.0,368048
2026-02-27 17:40:00+00:00,400.0199890136719,400.1099853515625,399.3800048828125,399.96380615234375,427893
2026-02-27 17:45:00+00:00,399.9549865722656,400.05950927734375,399.54998779296875,399.8299865722656,293973
2026-02-27 17:50:00+00:00,399.8265075683594,399.989990234375,399.3299865722656,399.45001220703125,7546093
2026-02-27 17:55:00+00:00,399.4750061035156,399.9800109863281,399.3800964355469,399.5899963378906,0
2026-02-27 18:00:00+00:00,399.5799865722656,399.989990234375,399.30999755859375,399.8099060058594,299271
2026-02-27 18:05:00+00:00,399.7799987792969,400.2799987792969,399.7099914550781,399.8901062011719,365422
2026-02-27 18:10:00+00:00,399.8800048828125,400.44000244140625,399.6199951171875,400.30999755859375,282786
2026-02-27 18:15:00+00:00,400.3399963378906,400.45001220703125,399.2699890136719,399.29998779296875,8004473
2026-02-27 18:20:00+00:00,399.2950134277344,399.3500061035156,398.5299987792969,399.1000061035156,0
2026-02-27 18:25:00+00:00,399.1199951171875,399.82989501953125,398.83349609375,399.7300109863281,411143
2026-02-27 18:30:00+00:00,399.70001220703125,400.17999267578125,399.6000061035156,399.80499267578125,338479
2026-02-27 18:35:00+00:00,399.80999755859375,400.1799011230469,399.4100036621094,399.9049987792969,345544
2026-02-27 18:40:00+00:00,399.8800048828125,400.1099853515625,399.6000061035156,399.6650085449219,248159
2026-02-27 18:45:00+00:00,399.67999267578125,399.7799987792969,399.1444091796875,399.19000244140625,254007
2026-02-27 18:50:00+00:00,399.19500732421875,399.25,398.6000061035156,398.67999267578125,291181
2026-02-27 18:55:00+00:00,398.69000244140625,398.7149963378906,398.1199951171875,398.4700012207031,381692
2026-02-27 19:00:00+00:00,398.4599914550781,399.92999267578125,398.4200134277344,399.7349853515625,376977
2026-02-27 19:05:00+00:00,399.760009765625,400.4200134277344,399.32000732421875,399.5296936035156,387756
2026-02-27 19:10:00+00:00,399.5199890136719,400.1684875488281,399.3500061035156,399.90020751953125,303259
2026-02-27 19:15:00+00:00,399.9100036621094,400.1099853515625,399.44000244140625,399.4700012207031,240867
2026-02-27 19:20:00+00:00,399.4800109863281,399.95001220703125,399.3700866699219,399.7749938964844,229828
2026-02-27 19:25:00+00:00,399.7799987792969,400.0400085449219,399.510009765625,399.7300109863281,243594
2026-02-27 19:30:00+00:00,399.7349853515625,400.04998779296875,399.20111083984375,399.68499755859375,282321
2026-02-27 19:35:00+00:00,399.69500732421875,400.1000061035156,399.55999755859375,399.94500732421875,232247
2026-02-27 19:40:00+00:00,399.95989990234375,400.0299987792969,399.1300048828125,399.239990234375,265663
2026-02-27 19:45:00+00:00,399.2300109863281,399.6199951171875,399.1499938964844,399.2799987792969,251518
2026-02-27 19:50:00+00:00,399.2799987792969,399.42999267578125,399.0299987792969,399.25,214558
2026-02-27 19:55:00+00:00,399.2300109863281,399.6099853515625,398.75,398.8900146484375,332714
2026-02-27 20:00:00+00:00,398.8699951171875,399.614990234375,398.7709045410156,398.7709045410156,328331
2026-02-27 20:05:00+00:00,398.79998779296875,399.5799865722656,398.75,399.29998779296875,322071
2026-02-27 20:10:00+00:00,399.29998779296875,400.55999755859375,399.2701110839844,400.4800109863281,388605
2026-02-27 20:15:00+00:00,400.489990234375,400.69000244140625,400.1000061035156,400.5299072265625,376344
2026-02-27 20:20:00+00:00,400.5101013183594,401.0199890136719,400.10009765625,400.7712097167969,414776
2026-02-27 20:25:00+00:00,400.7699890136719,401.0199890136719,400.05999755859375,400.17999267578125,373683
2026-02-27 20:30:00+00:00,400.1300048828125,400.5,399.9100036621094,400.32000732421875,384841
2026-02-27 20:35:00+00:00,400.32000732421875,400.3800048828125,399.2799987792969,399.3236083984375,362064
2026-02-27 20:40:00+00:00,399.3453063964844,400.2699890136719,399.29998779296875,399.489990234375,485180
2026-02-27 20:45:00+00:00,399.489990234375,400.489990234375,399.3800048828125,400.489990234375,436279
2026-02-27 20:50:00+00:00,400.5,402.92999267578125,400.3399963378906,402.8299865722656,1063333
2026-02-27 20:55:00+00:00,402.8200988769531,403.3900146484375,402.0799865722656,402.4200134277344,1811930
2026-03-02 14:30:00+00:00,390.32000732421875,393.96990966796875,388.25,393.7200012207031,5314311
2026-03-02 14:35:00+00:00,393.7449951171875,395.82000732421875,393.6600036621094,395.5799865722656,0
2026-03-02 14:40:00+00:00,395.56048583984375,396.889404296875,394.30999755859375,396.5249938964844,3546273
2026-03-02 14:45:00+00:00,396.5,398.3121032714844,395.80010986328125,397.97601318359375,0
2026-03-02 14:50:00+00:00,398.010009765625,398.17999267578125,395.5400085449219,395.7149963378906,3972653
2026-03-02 14:55:00+00:00,395.7349853515625,396.67999267578125,395.4200134277344,395.9700012207031,0
2026-03-02 15:00:00+00:00,395.95001220703125,396.9800109863281,395.1000061035156,396.2099914550781,689359
2026-03-02 15:05:00+00:00,396.2300109863281,396.6000061035156,395.0400085449219,395.8099060058594,539045
2026-03-02 15:10:00+00:00,395.8299865722656,398.2499084472656,395.6400146484375,397.67999267578125,4399386
2026-03-02 15:15:00+00:00,397.70001220703125,398.7900085449219,397.0,398.57000732421875,0
2026-03-02 15:20:00+00:00,398.57000732421875,399.21868896484375,397.5201110839844,398.1542053222656,657175
2026-03-02 15:25:00+00:00,398.0899963378906,398.8799133300781,397.6401062011719,398.65411376953125,530091
2026-03-02 15:30:00+00:00,398.6650085449219,399.2699890136719,397.739990234375,399.1098937988281,4865799
2026-03-02 15:35:00+00:00,399.1099853515625,400.79998779296875,398.8399963378906,400.7318115234375,888035
2026-03-02 15:40:00+00:00,400.78961181640625,400.9700012207031,400.17999267578125,400.79998779296875,631365
2026-03-02 15:45:00+00:00,400.80999755859375,401.94000244140625,400.6000061035156,401.6000061035156,698467
2026-03-02 15:50:00+00:00,401.6099853515625,402.32000732421875,401.20001220703125,401.57000732421875,0
2026-03-02 15:55:00+00:00,401.59991455078125,402.6499938964844,400.92999267578125,402.02410888671875,556712
2026-03-02 16:00:00+00:00,401.9800109863281,402.1400146484375,401.1099853515625,401.760009765625,372246
2026-03-02 16:05:00+00:00,401.7701110839844,403.5899963378906,401.6401062011719,403.42498779296875,622265
2026-03-02 16:10:00+00:00,403.4200134277344,403.7090148925781,402.55999755859375,402.70001220703125,481643
2026-03-02 16:15:00+00:00,402.715087890625,403.0899963378906,401.8500061035156,401.94000244140625,6169504
2026-03-02 16:20:00+00:00,401.9100036621094,402.3900146484375,401.6000061035156,401.6499938964844,0
2026-03-02 16:25:00+00:00,401.67999267578125,401.7200012207031,400.05999755859375,400.1700134277344,530931
2026-03-02 16:30:00+00:00,400.2099914550781,400.82000732421875,399.739990234375,400.5,586305
2026-03-02 16:35:00+00:00,400.5,402.260009765625,400.2900085449219,402.2099914550781,581316
2026-03-02 16:40:00+00:00,402.2099914550781,403.7900085449219,402.1600036621094,403.56500244140625,7086132
2026-03-02 16:45:00+00:00,403.5849914550781,404.45001220703125,403.5,403.8380126953125,738951
2026-03-02 16:50:00+00:00,403.8677978515625,404.5398864746094,403.54998779296875,404.1549987792969,0
2026-03-02 16:55:00+00:00,404.1799011230469,404.29998779296875,403.1600036621094,403.41009521484375,436236
2026-03-02 17:00:00+00:00,403.1400146484375,403.739990234375,402.70001220703125,403.68548583984375,373606
2026-03-02 17:05:00+00:00,403.6600036621094,403.8999938964844,403.20001220703125,403.7936096191406,395546
2026-03-02 17:10:00+00:00,403.8399963378906,403.8399963378906,402.82000732421875,403.30999755859375,337832
2026-03-02 17:15:00+00:00,403.3299865722656,403.9198913574219,403.2300109863281,403.3399963378906,7570244
2026-03-02 17:20:00+00:00,403.3599853515625,403.82000732421875,403.110107421875,403.3349914550781,0
2026-03-02 17:25:00+00:00,403.30999755859375,403.32000732421875,402.3999938964844,402.5199890136719,360269
2026-03-02 17:30:00+00:00,402.4700012207031,403.19000244140625,401.9200134277344,401.95001220703125,377325
2026-03-02 17:35:00+00:00,401.9549865722656,402.6099853515625,401.0899963378906,401.114990234375,391486
2026-03-02 17:40:00+00:00,401.114990234375,401.9150085449219,400.9700012207031,401.44500732421875,402548
2026-03-02 17:45:00+00:00,401.4549865722656,402.3500061035156,401.3500061035156,401.75,8138213
2026-03-02 17:50:00+00:00,401.7550048828125,402.2300109863281,401.25,401.6300048828125,0
2026-03-02 17:55:00+00:00,401.6000061035156,402.04998779296875,401.32000732421875,401.8800048828125,222621
2026-03-02 18:00:00+00:00,401.8999938964844,402.1099853515625,401.3699951171875,401.81988525390625,248118
2026-03-02 18:05:00+00:00,401.8399963378906,401.9200134277344,401.0799865722656,401.0899963378906,225408
2026-03-02 18:10:00+00:00,401.0979919433594,402.4200134277344,401.0799865722656,402.3799133300781,358548
2026-03-02 18:15:00+00:00,402.3699951171875,402.5994873046875,402.0,402.19000244140625,8526811
2026-03-02 18:20:00+00:00,402.1499938964844,402.19989013671875,401.1099853515625,401.45001220703125,0
2026-03-02 18:25:00+00:00,401.42999267578125,402.1199951171875,401.1400146484375,401.75,240394
2026-03-02 18:30:00+00:00,401.7862854003906,401.8599853515625,400.9599914550781,401.05999755859375,294494
2026-03-02 18:35:00+00:00,401.07000732421875,401.0920104980469,400.3500061035156,400.6499938964844,312762
2026-03-02 18:40:00+00:00,400.6499938964844,401.5799865722656,400.2699890136719,401.2644958496094,452446
2026-03-02 18:45:00+00:00,401.25,401.5199890136719,400.6099853515625,400.7200012207031,284035
2026-03-02 18:50:00+00:00,400.7049865722656,401.42999267578125,400.5801086425781,401.2799987792969,246887
2026-03-02 18:55:00+00:00,401.3399963378906,401.44000244140625,400.2200012207031,400.2699890136719,226633
2026-03-02 19:00:00+00:00,400.2449951171875,401.239990234375,400.1000061035156,401.21148681640625,343441
2026-03-02 19:05:00+00:00,401.2049865722656,401.2799987792969,400.68011474609375,401.2290954589844,212867
2026-03-02 19:10:00+00:00,401.2300109863281,401.80999755859375,401.1000061035156,401.55999755859375,282807
2026-03-02 19:15:00+00:00,401.56500244140625,402.489990234375,401.56500244140625,402.1000061035156,344933
2026-03-02 19:20:00+00:00,402.07000732421875,402.5899963378906,402.0199890136719,402.42999267578125,249665
2026-03-02 19:25:00+00:00,402.44500732421875,402.8699951171875,402.2300109863281,402.6499938964844,233062
2026-03-02 19:30:00+00:00,402.6600036621094,402.79998779296875,402.07000732421875,402.489990234375,256770
2026-03-02 19:35:00+00:00,402.489990234375,402.7300109863281,402.35009765625,402.5150146484375,195549
2026-03-02 19:40:00+00:00,402.5199890136719,402.7300109863281,402.07000732421875,402.25,207982
2026-03-02 19:45:00+00:00,402.25,402.7799987792969,402.2149963378906,402.67999267578125,202091
2026-03-02 19:50:00+00:00,402.6890869140625,402.7799987792969,402.1650085449219,402.2301025390625,247451
2026-03-02 19:55:00+00:00,402.2099914550781,402.6499938964844,402.0799865722656,402.45001220703125,201245
2026-03-02 20:00:00+00:00,402.4200134277344,402.6600036621094,402.07000732421875,402.5450134277344,10570324
2026-03-02 20:05:00+00:00,402.56500244140625,402.67999267578125,400.5,400.8799133300781,758724
2026-03-02 20:10:00+00:00,400.8450012207031,400.8450012207031,399.2699890136719,399.32000732421875,790455
2026-03-02 20:15:00+00:00,399.32989501953125,400.7799987792969,398.9100036621094,400.3699951171875,621245
2026-03-02 20:20:00+00:00,400.5,401.2710876464844,399.80999755859375,399.8205871582031,540328
2026-03-02 20:25:00+00:00,399.8200988769531,399.94000244140625,399.25,399.55999755859375,489289
2026-03-02 20:30:00+00:00,399.57000732421875,400.55999755859375,399.55999755859375,400.51300048828125,594116
2026-03-02 20:35:00+00:00,400.50250244140625,400.7300109863281,400.1000061035156,400.57000732421875,441373
2026-03-02 20:40:00+00:00,400.5400085449219,400.8399963378906,400.1400146484375,400.7900085449219,359539
2026-03-02 20:45:00+00:00,400.7699890136719,401.6300048828125,400.5801086425781,401.5199890136719,770125
2026-03-02 20:50:00+00:00,401.5299987792969,402.5799865722656,401.44000244140625,402.5299987792969,816724
2026-03-02 20:55:00+00:00,402.5249938964844,403.489990234375,402.3599853515625,403.2349853515625,2285790
2026-03-03 14:30:00+00:00,395.0899963378906,396.3399963378906,392.625,393.67498779296875,4021380
2026-03-03 14:35:00+00:00,393.64581298828125,394.26971435546875,392.6300048828125,393.1199035644531,1424349
2026-03-03 14:40:00+00:00,393.1549987792969,393.3500061035156,391.510009765625,392.0400085449219,1392215
2026-03-03 14:45:00+00:00,392.010009765625,393.510009765625,390.4599914550781,390.875,1448350
2026-03-03 14:50:00+00:00,390.8599853515625,392.75,390.1499938964844,392.3800048828125,1284244
2026-03-03 14:55:00+00:00,392.3800048828125,392.45001220703125,389.6499938964844,390.6199951171875,1332609
2026-03-03 15:00:00+00:00,390.6000061035156,392.0849914550781,390.510009765625,391.2449951171875,935944
2026-03-03 15:05:00+00:00,391.2349853515625,392.5733947753906,390.6400146484375,391.885009765625,804392
2026-03-03 15:10:00+00:00,391.8999938964844,392.20001220703125,390.55999755859375,391.1700134277344,934576
2026-03-03 15:15:00+00:00,391.1650085449219,391.54998779296875,389.75,389.9700927734375,824738
2026-03-03 15:20:00+00:00,389.95001220703125,390.2699890136719,388.0799865722656,388.1700134277344,1420134
2026-03-03 15:25:00+00:00,388.17498779296875,388.17498779296875,386.55999755859375,386.7200012207031,1467126
2026-03-03 15:30:00+00:00,386.69000244140625,388.5198974609375,386.6000061035156,387.489990234375,1452073
2026-03-03 15:35:00+00:00,387.54998779296875,387.89459228515625,386.04998779296875,386.44500732421875,1036383
2026-03-03 15:40:00+00:00,386.4100036621094,387.54998779296875,385.3999938964844,386.2449951171875,1231795
2026-03-03 15:45:00+00:00,386.239990234375,387.5098876953125,386.1000061035156,387.0299987792969,927669
2026-03-03 15:50:00+00:00,386.9599914550781,387.57000732421875,385.6499938964844,385.9200134277344,842684
2026-03-03 15:55:00+00:00,385.92999267578125,387.94000244140625,385.8848876953125,387.5400085449219,977729
2026-03-03 16:00:00+00:00,387.5151062011719,389.0899963378906,387.239990234375,389.05999755859375,977724
2026-03-03 16:05:00+00:00,389.06500244140625,391.75,389.0455017089844,391.42999267578125,1450472
2026-03-03 16:10:00+00:00,391.4200134277344,391.82000732421875,390.8599853515625,391.6654968261719,706748
2026-03-03 16:15:00+00:00,391.6499938964844,392.3800048828125,391.0400085449219,391.1600036621094,876116
2026-03-03 16:20:00+00:00,391.1300048828125,392.989990234375,390.9100036621094,392.6911926269531,818073
2026-03-03 16:25:00+00:00,392.7196044921875,393.55999755859375,392.3900146484375,392.5400085449219,892840
2026-03-03 16:30:00+00:00,392.5299987792969,392.5350036621094,390.760009765625,391.94000244140625,847180
2026-03-03 16:35:00+00:00,391.85211181640625,392.3599853515625,391.05999755859375,391.5198974609375,490744
2026-03-03 16:40:00+00:00,391.4739990234375,392.1098937988281,390.4800109863281,391.57000732421875,759588
2026-03-03 16:45:00+00:00,391.5899963378906,393.54998779296875,391.55999755859375,392.6000061035156,755448
2026-03-03 16:50:00+00:00,392.57000732421875,392.92999267578125,391.6300964355469,392.2449951171875,412137
2026-03-03 16:55:00+00:00,392.2799987792969,392.7799987792969,391.67999267578125,391.80999755859375,362916
2026-03-03 17:00:00+00:00,391.7983093261719,392.13519287109375,391.0299987792969,391.7550048828125,430781
2026-03-03 17:05:00+00:00,391.7101135253906,392.54998779296875,390.7099914550781,390.7449951171875,501210
2026-03-03 17:10:00+00:00,390.7449951171875,390.9700012207031,389.8599853515625,390.55999755859375,678917
2026-03-03 17:15:00+00:00,390.5953063964844,391.8599853515625,390.293701171875,391.7200012207031,568287
2026-03-03 17:20:00+00:00,391.75,392.42999267578125,390.7699890136719,392.2449951171875,500651
2026-03-03 17:25:00+00:00,392.2799987792969,392.6300048828125,391.6400146484375,392.0,349963
2026-03-03 17:30:00+00:00,391.9599914550781,392.1000061035156,389.5400085449219,389.6300048828125,527534
2026-03-03 17:35:00+00:00,389.6099853515625,390.010009765625,389.0799865722656,389.55999755859375,606186
2026-03-03 17:40:00+00:00,389.64990234375,391.8442077636719,389.6199951171875,391.80999755859375,556819
2026-03-03 17:45:00+00:00,391.7900085449219,392.3699951171875,391.4960021972656,392.114990234375,493487
2026-03-03 17:50:00+00:00,392.1400146484375,392.17999267578125,390.6499938964844,390.8999938964844,412146
2026-03-03 17:55:00+00:00,390.9200134277344,391.43939208984375,390.7300109863281,391.1400146484375,343764
2026-03-03 18:00:00+00:00,391.1600036621094,392.3299865722656,390.989990234375,391.42999267578125,428421
2026-03-03 18:05:00+00:00,391.5199890136719,392.5899963378906,391.1099853515625,392.4700012207031,379933
2026-03-03 18:10:00+00:00,392.4599914550781,392.7499084472656,391.3699951171875,391.94500732421875,398329
2026-03-03 18:15:00+00:00,391.8999938964844,392.80499267578125,391.694091796875,392.7099914550781,361399
2026-03-03 18:20:00+00:00,392.6700134277344,393.9200134277344,392.6600036621094,393.5899963378906,588758
2026-03-03 18:25:00+00:00,393.5899963378906,393.760009765625,393.1426086425781,393.2900085449219,444547
2026-03-03 18:30:00+00:00,393.29998779296875,393.9800109863281,392.9715881347656,393.4800109863281,478000
2026-03-03 18:35:00+00:00,393.489990234375,394.55999755859375,393.1400146484375,394.54998779296875,524484
2026-03-03 18:40:00+00:00,394.5150146484375,394.7699890136719,393.8399963378906,393.94000244140625,518435
2026-03-03 18:45:00+00:00,393.9700012207031,394.3599853515625,393.4910888671875,394.2349853515625,444996
2026-03-03 18:50:00+00:00,394.2449951171875,394.42999267578125,393.0,393.1484069824219,513000
2026-03-03 18:55:00+00:00,393.0400085449219,393.2900085449219,392.606689453125,392.82501220703125,439522
2026-03-03 19:00:00+00:00,392.81500244140625,393.1400146484375,392.35009765625,392.9150085449219,374493
2026-03-03 19:05:00+00:00,392.9200134277344,393.04998779296875,391.510009765625,391.55999755859375,489745
2026-03-03 19:10:00+00:00,391.5799865722656,392.0400085449219,391.0,391.7799987792969,555693
2026-03-03 19:15:00+00:00,391.7900085449219,392.45001220703125,391.5799865722656,391.9400939941406,432551
2026-03-03 19:20:00+00:00,391.9599914550781,392.7099914550781,391.9599914550781,392.0899963378906,435212
2026-03-03 19:25:00+00:00,392.05999755859375,392.1499938964844,391.3500061035156,391.635009765625,351012
2026-03-03 19:30:00+00:00,391.6700134277344,392.114990234375,391.4800109863281,391.6300048828125,359355
2026-03-03 19:35:00+00:00,391.6499938964844,393.8800048828125,391.2300109863281,393.32000732421875,651306
2026-03-03 19:40:00+00:00,393.2950134277344,394.2601013183594,393.07000732421875,394.20709228515625,463276
2026-03-03 19:45:00+00:00,394.2699890136719,394.70001220703125,393.7799987792969,394.125,473820
2026-03-03 19:50:00+00:00,394.1000061035156,394.3599853515625,392.9100036621094,393.2950134277344,478869
2026-03-03 19:55:00+00:00,393.31500244140625,393.69000244140625,392.8800048828125,393.489990234375,399595
2026-03-03 20:00:00+00:00,393.489990234375,394.44000244140625,393.260009765625,393.4200134277344,424978
2026-03-03 20:05:00+00:00,393.4284973144531,393.54998779296875,392.8702087402344,393.1700134277344,322801
2026-03-03 20:10:00+00:00,393.1513977050781,393.6700134277344,392.3500061035156,392.3500061035156,439085
2026-03-03 20:15:00+00:00,392.3699951171875,392.760009765625,391.6099853515625,392.18499755859375,505187
2026-03-03 20:20:00+00:00,392.19000244140625,392.5299987792969,391.8349914550781,392.2900085449219,382168
2026-03-03 20:25:00+00:00,392.32000732421875,392.760009765625,391.8800048828125,392.54998779296875,367637
2026-03-03 20:30:00+00:00,392.54010009765625,392.8900146484375,392.29998779296875,392.4071044921875,371198
2026-03-03 20:35:00+00:00,392.44000244140625,393.260009765625,391.9700012207031,392.2699890136719,456844
2026-03-03 20:40:00+00:00,392.2900085449219,392.57000732421875,391.7950134277344,392.2586975097656,579993
2026-03-03 20:45:00+00:00,392.2850036621094,392.69549560546875,391.6700134277344,392.1499938964844,959529
2026-03-03 20:50:00+00:00,392.1499938964844,392.95001220703125,391.75,392.6300048828125,775811
2026-03-03 20:55:00+00:00,392.6400146484375,393.5,392.3299865722656,392.3500061035156,2164960
2026-03-04 14:30:00+00:00,397.8450012207031,403.4700012207031,394.5899963378906,402.7500915527344,5381736
2026-03-04 14:35:00+00:00,402.8236999511719,403.29998779296875,400.3999938964844,401.04998779296875,1822570
2026-03-04 14:40:00+00:00,401.07000732421875,401.1099853515625,399.2699890136719,399.94049072265625,1436677
2026-03-04 14:45:00+00:00,399.8900146484375,400.7699890136719,398.510009765625,399.25,1261242
2026-03-04 14:50:00+00:00,399.239990234375,399.4800109863281,398.1300048828125,398.44000244140625,907162
2026-03-04 14:55:00+00:00,398.44000244140625,398.64300537109375,396.7200012207031,397.9913024902344,1177382
2026-03-04 15:00:00+00:00,398.0,400.59991455078125,398.0,399.5299987792969,1377305
2026-03-04 15:05:00+00:00,399.5299987792969,401.57989501953125,398.9599914550781,401.44940185546875,1130547
2026-03-04 15:10:00+00:00,401.45001220703125,402.2799987792969,400.2699890136719,402.1499938964844,1354121
2026-03-04 15:15:00+00:00,402.24249267578125,403.989990234375,402.1050109863281,403.6449890136719,1814569
2026-03-04 15:20:00+00:00,403.69000244140625,405.9100036621094,403.6199951171875,405.80499267578125,1680187
2026-03-04 15:25:00+00:00,405.79998779296875,407.8523864746094,405.45001220703125,407.6700134277344,1397779
2026-03-04 15:30:00+00:00,407.6700134277344,407.7900085449219,406.3299865722656,406.739990234375,1205759
2026-03-04 15:35:00+00:00,406.7449951171875,407.1600036621094,405.9200134277344,406.1462097167969,939152
2026-03-04 15:40:00+00:00,406.16339111328125,406.5299987792969,405.3500061035156,405.4100036621094,988436
2026-03-04 15:45:00+00:00,405.4200134277344,405.6449890136719,404.0400085449219,404.2099914550781,965707
2026-03-04 15:50:00+00:00,404.2300109863281,404.95001220703125,403.5140075683594,404.7799987792969,957250
2026-03-04 15:55:00+00:00,404.75,405.8500061035156,404.55999755859375,405.1300964355469,947553
2026-03-04 16:00:00+00:00,405.1499938964844,405.7200012207031,404.6700134277344,404.7699890136719,722301
2026-03-04 16:05:00+00:00,404.760009765625,405.1600036621094,403.4100036621094,403.5849914550781,737375
2026-03-04 16:10:00+00:00,403.6000061035156,403.7300109863281,401.625,401.8800048828125,932100
2026-03-04 16:15:00+00:00,401.8699951171875,402.8800048828125,401.6499938964844,402.3999938964844,737515
2026-03-04 16:20:00+00:00,402.3999938964844,402.79998779296875,401.42999267578125,402.19500732421875,704792
2026-03-04 16:25:00+00:00,402.19000244140625,404.32000732421875,402.0851135253906,404.19500732421875,895286
2026-03-04 16:30:00+00:00,404.17999267578125,404.9700012207031,404.07159423828125,404.90008544921875,683877
2026-03-04 16:35:00+00:00,404.95098876953125,405.4700012207031,403.8800048828125,404.4501037597656,882853
2026-03-04 16:40:00+00:00,404.5150146484375,406.510009765625,404.20001220703125,406.010009765625,792503
2026-03-04 16:45:00+00:00,405.9901123046875,406.6199951171875,405.8699951171875,406.1700134277344,562658
2026-03-04 16:50:00+00:00,406.1524963378906,406.94000244140625,406.0,406.5151062011719,692767
2026-03-04 16:55:00+00:00,406.5,406.739990234375,406.0899963378906,406.5050048828125,627211
2026-03-04 17:00:00+00:00,406.510009765625,407.1499938964844,406.1099853515625,406.9100036621094,633396
2026-03-04 17:05:00+00:00,406.8599853515625,407.07000732421875,406.6000061035156,406.8699951171875,420196
2026-03-04 17:10:00+00:00,406.8999938964844,407.0,405.8599853515625,406.125,541730
2026-03-04 17:15:00+00:00,406.10009765625,406.42999267578125,405.6654052734375,405.9800109863281,494550
2026-03-04 17:20:00+00:00,405.9798889160156,406.27398681640625,405.1499938964844,405.4285888671875,542739
2026-03-04 17:25:00+00:00,405.42498779296875,405.7099914550781,404.6300048828125,404.8599853515625,487396
2026-03-04 17:30:00+00:00,404.864990234375,405.0400085449219,404.510009765625,404.8500061035156,471901
2026-03-04 17:35:00+00:00,404.8299865722656,404.9800109863281,404.25,404.3999938964844,524908
2026-03-04 17:40:00+00:00,404.3900146484375,404.8800048828125,404.20001220703125,404.8550109863281,519164
2026-03-04 17:45:00+00:00,404.8599853515625,404.9800109863281,403.67999267578125,403.7749938964844,560188
2026-03-04 17:50:00+00:00,403.7300109863281,404.6400146484375,403.6499938964844,404.1600036621094,565106
2026-03-04 17:55:00+00:00,404.1400146484375,404.2499084472656,403.3900146484375,404.1650085449219,555828
2026-03-04 18:00:00+00:00,404.1700134277344,404.510009765625,403.6000061035156,404.07501220703125,571860
2026-03-04 18:05:00+00:00,404.07000732421875,404.2591857910156,403.6499938964844,403.95001220703125,455101
2026-03-04 18:10:00+00:00,403.94000244140625,404.25,403.7101135253906,404.1000061035156,294105
2026-03-04 18:15:00+00:00,404.1300048828125,404.4320068359375,403.95001220703125,404.1400146484375,909511
2026-03-04 18:20:00+00:00,404.110107421875,404.3299865722656,403.45001220703125,403.56500244140625,395989
2026-03-04 18:25:00+00:00,403.54998779296875,403.9812927246094,403.2799987792969,403.7799987792969,385475
2026-03-04 18:30:00+00:00,403.7799987792969,405.20001220703125,403.7200012207031,404.7301025390625,777547
2026-03-04 18:35:00+00:00,404.75,405.3900146484375,404.3999938964844,405.1499938964844,437985
2026-03-04 18:40:00+00:00,405.1099853515625,405.5,404.8599853515625,404.9800109863281,354128
2026-03-04 18:45:00+00:00,404.989990234375,405.3399963378906,404.6200866699219,405.0849914550781,375676
2026-03-04 18:50:00+00:00,405.0600891113281,405.7699890136719,404.8599853515625,405.50860595703125,455977
2026-03-04 18:55:00+00:00,405.4862060546875,406.1400146484375,405.3500061035156,406.114990234375,426078
2026-03-04 19:00:00+00:00,406.1099853515625,406.7099914550781,406.05999755859375,406.489990234375,488179
2026-03-04 19:05:00+00:00,406.45001220703125,406.6499938964844,405.5799865722656,405.69000244140625,520419
2026-03-04 19:10:00+00:00,405.6600036621094,406.5,405.55999755859375,406.260009765625,423468
2026-03-04 19:15:00+00:00,406.260009765625,406.5,406.1600036621094,406.3800048828125,283389
2026-03-04 19:20:00+00:00,406.3599853515625,406.4800109863281,406.0400085449219,406.1700134277344,318624
2026-03-04 19:25:00+00:00,406.1401062011719,406.8399963378906,406.090087890625,406.32501220703125,428539
2026-03-04 19:30:00+00:00,406.3299865722656,406.57000732421875,405.1199951171875,405.5600891113281,467428
2026-03-04 19:35:00+00:00,405.5899963378906,405.739990234375,405.2300109863281,405.418701171875,349626
2026-03-04 19:40:00+00:00,405.4200134277344,405.6099853515625,405.04998779296875,405.2300109863281,388986
2026-03-04 19:45:00+00:00,405.2300109863281,405.4700012207031,404.92999267578125,405.3999938964844,313105
2026-03-04 19:50:00+00:00,405.4100036621094,405.57000732421875,404.989990234375,405.22369384765625,325154
2026-03-04 19:55:00+00:00,405.222412109375,405.67999267578125,404.8500061035156,405.42498779296875,365221
2026-03-04 20:00:00+00:00,405.4200134277344,406.6600036621094,405.4150085449219,406.6400146484375,541012
2026-03-04 20:05:00+00:00,406.6199951171875,406.6700134277344,405.840087890625,406.1199951171875,793270
2026-03-04 20:10:00+00:00,406.1274108886719,406.46990966796875,405.8500061035156,406.0812072753906,418864
2026-03-04 20:15:00+00:00,406.0799865722656,406.9330139160156,405.94000244140625,406.7200012207031,571641
2026-03-04 20:20:00+00:00,406.720703125,407.0400085449219,406.53009033203125,406.82000732421875,534426
2026-03-04 20:25:00+00:00,406.79998779296875,407.3800048828125,406.6400146484375,406.95001220703125,589107
2026-03-04 20:30:00+00:00,406.95001220703125,407.20001220703125,406.55999755859375,407.17010498046875,511029
2026-03-04 20:35:00+00:00,407.17999267578125,408.1199951171875,407.090087890625,407.364990234375,1081805
2026-03-04 20:40:00+00:00,407.3612976074219,408.239990234375,407.25,408.1000061035156,780962
2026-03-04 20:45:00+00:00,408.0899963378906,408.3299865722656,407.8399963378906,407.95318603515625,733705
2026-03-04 20:50:00+00:00,407.94000244140625,407.94000244140625,405.1300048828125,405.30999755859375,1334415
2026-03-04 20:55:00+00:00,405.2200012207031,406.3900146484375,404.75,406.07000732421875,2479304
2026-03-05 14:30:00+00:00,401.57000732421875,404.8800048828125,400.29998779296875,404.6752014160156,2814236
2026-03-05 14:35:00+00:00,404.7398986816406,405.5801086425781,403.0,404.625,1267992
2026-03-05 14:40:00+00:00,404.6099853515625,405.07000732421875,403.5299987792969,404.5799865722656,910311
2026-03-05 14:45:00+00:00,404.5304870605469,406.6000061035156,403.5799865722656,405.0,1328912
2026-03-05 14:50:00+00:00,404.9800109863281,406.5585021972656,404.4400939941406,406.3052978515625,1030047
2026-03-05 14:55:00+00:00,406.2699890136719,407.0799865722656,405.49139404296875,406.5799865722656,925747
2026-03-05 15:00:00+00:00,406.5799865722656,407.3800048828125,405.1499938964844,405.3500061035156,831121
2026-03-05 15:05:00+00:00,405.4200134277344,406.1499938964844,405.010009765625,405.25,760632
2026-03-05 15:10:00+00:00,405.2099914550781,406.54998779296875,405.2099914550781,406.29998779296875,691459
2026-03-05 15:15:00+00:00,406.30499267578125,406.69989013671875,404.239990234375,404.52899169921875,702737
2026-03-05 15:20:00+00:00,404.5350036621094,405.1199951171875,403.67999267578125,403.8799133300781,721428
2026-03-05 15:25:00+00:00,403.82000732421875,404.4200134277344,403.17999267578125,403.6400146484375,724912
2026-03-05 15:30:00+00:00,403.6700134277344,403.7699890136719,401.7699890136719,402.8500061035156,1100104
2026-03-05 15:35:00+00:00,402.8699951171875,404.79998779296875,402.5199890136719,404.7449951171875,732307
2026-03-05 15:40:00+00:00,404.739990234375,405.67999267578125,404.1099853515625,404.7850036621094,841134
2026-03-05 15:45:00+00:00,404.75,405.4800109863281,404.70001220703125,404.8475036621094,528192
2026-03-05 15:50:00+00:00,404.7701110839844,406.75,404.6700134277344,406.1499938964844,772442
2026-03-05 15:55:00+00:00,406.1300048828125,406.343505859375,405.2099914550781,406.0,498508
2026-03-05 16:00:00+00:00,405.9700012207031,406.7900085449219,405.1700134277344,405.2900085449219,526170
2026-03-05 16:05:00+00:00,405.260009765625,405.9700012207031,405.0899963378906,405.66009521484375,450130
2026-03-05 16:10:00+00:00,405.66009521484375,406.6983947753906,404.7099914550781,405.4200134277344,743212
2026-03-05 16:15:00+00:00,405.44000244140625,405.6499938964844,404.19879150390625,404.5799865722656,604798
2026-03-05 16:20:00+00:00,404.5519104003906,406.2900085449219,404.54998779296875,405.9599914550781,569004
2026-03-05 16:25:00+00:00,405.92999267578125,407.05999755859375,405.4100036621094,405.4153137207031,637265
2026-03-05 16:30:00+00:00,405.4599914550781,407.20001220703125,405.04998779296875,406.7099914550781,604389
2026-03-05 16:35:00+00:00,406.7149963378906,407.0899963378906,406.04998779296875,406.1300048828125,456737
2026-03-05 16:40:00+00:00,406.1199951171875,406.6600036621094,405.6700134277344,406.0249938964844,368973
2026-03-05 16:45:00+00:00,406.04998779296875,406.8999938964844,405.7699890136719,405.85089111328125,363399
2026-03-05 16:50:00+00:00,405.92999267578125,406.15869140625,405.1700134277344,405.7900085449219,372946
2026-03-05 16:55:00+00:00,405.7362976074219,407.5,405.7300109863281,406.9700012207031,511991
2026-03-05 17:00:00+00:00,406.9649963378906,408.2070007324219,406.1600036621094,408.1698913574219,624070
2026-03-05 17:05:00+00:00,408.125,408.6199035644531,406.54010009765625,406.5849914550781,675147
2026-03-05 17:10:00+00:00,406.5899963378906,406.6199951171875,405.3399963378906,405.6400146484375,551800
2026-03-05 17:15:00+00:00,405.7850036621094,405.8500061035156,404.20001220703125,404.360107421875,511178
2026-03-05 17:20:00+00:00,404.3999938964844,404.4549865722656,403.07000732421875,404.260009765625,701282
2026-03-05 17:25:00+00:00,404.2401123046875,404.489990234375,403.04998779296875,403.15008544921875,487563
2026-03-05 17:30:00+00:00,403.1700134277344,403.42999267578125,401.6400146484375,401.8500061035156,704307
2026-03-05 17:35:00+00:00,401.8558044433594,402.8312072753906,401.25,402.760009765625,721232
2026-03-05 17:40:00+00:00,402.7900085449219,403.2698974609375,401.9100036621094,402.3399963378906,573316
2026-03-05 17:45:00+00:00,402.3450012207031,402.489990234375,401.3999938964844,401.57501220703125,472462
2026-03-05 17:50:00+00:00,401.5899963378906,402.9200134277344,401.05999755859375,402.0799865722656,623981
2026-03-05 17:55:00+00:00,402.05499267578125,402.05499267578125,400.75201416015625,401.1300048828125,670840
2026-03-05 18:00:00+00:00,401.07000732421875,401.7799987792969,400.8500061035156,401.6300048828125,429990
2026-03-05 18:05:00+00:00,401.5299987792969,402.4298095703125,401.239990234375,402.1600036621094,485234
2026-03-05 18:10:00+00:00,402.1000061035156,403.0928039550781,401.6499938964844,402.67999267578125,440074
2026-03-05 18:15:00+00:00,402.635009765625,402.94989013671875,400.32000732421875,400.54998779296875,523848
2026-03-05 18:20:00+00:00,400.55999755859375,401.7799987792969,400.0,401.1099853515625,515227
2026-03-05 18:25:00+00:00,401.05999755859375,401.159912109375,399.4200134277344,399.7300109863281,601425
2026-03-05 18:30:00+00:00,399.70001220703125,401.04998779296875,399.55999755859375,400.6099853515625,568044
2026-03-05 18:35:00+00:00,400.60009765625,401.30999755859375,400.3301086425781,400.3301086425781,433885
2026-03-05 18:40:00+00:00,400.34320068359375,401.6000061035156,400.2699890136719,401.5014953613281,452018
2026-03-05 18:45:00+00:00,401.5350036621094,401.5799865722656,400.510009765625,400.8800964355469,336856
2026-03-05 18:50:00+00:00,400.9049987792969,401.0093994140625,400.1700134277344,400.3464050292969,262081
2026-03-05 18:55:00+00:00,400.3699951171875,401.6700134277344,400.3500061035156,401.32501220703125,338016
2026-03-05 19:00:00+00:00,401.32000732421875,402.0929870605469,401.19000244140625,401.42999267578125,405348
2026-03-05 19:05:00+00:00,401.4599914550781,402.17999267578125,401.42999267578125,401.6199951171875,308667
2026-03-05 19:10:00+00:00,401.6199951171875,402.2200012207031,401.25,402.07501220703125,306814
2026-03-05 19:15:00+00:00,402.07000732421875,402.52239990234375,401.5,402.5050048828125,327009
2026-03-05 19:20:00+00:00,402.5299987792969,402.7799987792969,401.5299987792969,401.94000244140625,358615
2026-03-05 19:25:00+00:00,401.93011474609375,402.14990234375,400.510009765625,401.75,468468
2026-03-05 19:30:00+00:00,401.70001220703125,401.70001220703125,400.4100036621094,400.4200134277344,362649
2026-03-05 19:35:00+00:00,400.4200134277344,400.6600036621094,399.760009765625,400.45001220703125,390742
2026-03-05 19:40:00+00:00,400.4400939941406,401.04998779296875,400.239990234375,400.9849853515625,284554
2026-03-05 19:45:00+00:00,400.9599914550781,401.9054870605469,400.760009765625,401.6400146484375,382526
2026-03-05 19:50:00+00:00,401.6400146484375,401.8399963378906,400.25,400.2799987792969,342361
2026-03-05 19:55:00+00:00,400.239990234375,400.8890075683594,399.8999938964844,400.43499755859375,409431
2026-03-05 20:00:00+00:00,400.44000244140625,401.8999938964844,400.2799987792969,401.7699890136719,495263
2026-03-05 20:05:00+00:00,401.7561950683594,402.3800048828125,400.5799865722656,402.17999267578125,481441
2026-03-05 20:10:00+00:00,402.20001220703125,402.8599853515625,402.17999267578125,402.3699951171875,580562
2026-03-05 20:15:00+00:00,402.3699035644531,402.7200012207031,401.8699951171875,402.4599914550781,376308
2026-03-05 20:20:00+00:00,402.4599914550781,403.44000244140625,402.3450927734375,403.2950134277344,587577
2026-03-05 20:25:00+00:00,403.32000732421875,404.3800048828125,402.75,402.7900085449219,817487
2026-03-05 20:30:00+00:00,402.7699890136719,404.0899963378906,402.57000732421875,403.95880126953125,549916
2026-03-05 20:35:00+00:00,403.92498779296875,404.4800109863281,403.510009765625,403.6099853515625,465353
2026-03-05 20:40:00+00:00,403.70001220703125,404.06988525390625,403.3335876464844,403.7799987792969,428564
2026-03-05 20:45:00+00:00,403.7650146484375,404.6499938964844,403.1600036621094,404.5899963378906,608434
2026-03-05 20:50:00+00:00,404.6000061035156,405.1400146484375,403.9100036621094,404.75,837008
2026-03-05 20:55:00+00:00,404.79998779296875,405.8900146484375,404.75,405.40130615234375,1947624
2026-03-06 14:30:00+00:00,398.18499755859375,398.2250061035156,395.3900146484375,396.5199890136719,4053081
2026-03-06 14:35:00+00:00,396.5199890136719,396.7799987792969,394.5169982910156,395.468994140625,1707702
2026-03-06 14:40:00+00:00,395.45941162109375,396.44000244140625,394.5600891113281,395.3904113769531,1390399
2026-03-06 14:45:00+00:00,395.385009765625,396.2200012207031,394.2200012207031,395.5,1447047
2026-03-06 14:50:00+00:00,395.510009765625,396.8900146484375,395.1400146484375,396.45001220703125,1061655
2026-03-06 14:55:00+00:00,396.4100036621094,396.54998779296875,394.8399963378906,396.04998779296875,1001701
2026-03-06 15:00:00+00:00,396.0299987792969,398.260009765625,395.8949890136719,397.7699890136719,1466538
2026-03-06 15:05:00+00:00,397.6965026855469,398.2900085449219,396.32000732421875,396.4599914550781,1044588
2026-03-06 15:10:00+00:00,396.4700012207031,398.4100036621094,396.4700012207031,397.989990234375,1050987
2026-03-06 15:15:00+00:00,398.0,398.5,397.1099853515625,398.0350036621094,936917
2026-03-06 15:20:00+00:00,398.026611328125,398.260009765625,397.20001220703125,398.05999755859375,861168
2026-03-06 15:25:00+00:00,398.0425109863281,398.07000732421875,396.6400146484375,397.30999755859375,916510
2026-03-06 15:30:00+00:00,397.2699890136719,397.7099914550781,396.8299865722656,397.1600036621094,745001
2026-03-06 15:35:00+00:00,397.2099914550781,398.989990234375,397.0401916503906,398.07440185546875,1209726
2026-03-06 15:40:00+00:00,398.0893859863281,398.1499938964844,396.6402893066406,397.0198974609375,1063689
2026-03-06 15:45:00+00:00,396.9800109863281,397.20001220703125,396.0,396.44000244140625,875797
2026-03-06 15:50:00+00:00,396.42999267578125,396.42999267578125,395.4100036621094,396.2300109863281,710100
2026-03-06 15:55:00+00:00,396.2300109863281,399.1199951171875,396.20001220703125,398.39990234375,1238947
2026-03-06 16:00:00+00:00,398.3699951171875,398.9200134277344,397.8110046386719,398.7250061035156,1055644
2026-03-06 16:05:00+00:00,398.715087890625,399.3599853515625,398.20001220703125,398.25,931448
2026-03-06 16:10:00+00:00,398.2799987792969,398.70001220703125,397.6600036621094,398.3299865722656,818360
2026-03-06 16:15:00+00:00,398.3399963378906,399.7799987792969,398.2101135253906,399.739990234375,1033671
2026-03-06 16:20:00+00:00,399.7200012207031,399.8299865722656,398.45001220703125,399.1400146484375,696063
2026-03-06 16:25:00+00:00,399.1499938964844,399.9549865722656,398.95001220703125,399.6199951171875,611015
2026-03-06 16:30:00+00:00,399.6300048828125,399.75,397.8699951171875,398.0400085449219,908658
2026-03-06 16:35:00+00:00,398.0199890136719,399.7698974609375,397.71099853515625,399.6300048828125,816037
2026-03-06 16:40:00+00:00,399.6499938964844,400.4599914550781,399.20001220703125,400.3599853515625,749955
2026-03-06 16:45:00+00:00,400.3500061035156,401.4100036621094,400.090087890625,400.9100036621094,827249
2026-03-06 16:50:00+00:00,400.8999938964844,401.32000732421875,399.8999938964844,400.0400085449219,870785
2026-03-06 16:55:00+00:00,400.0400085449219,400.9700012207031,399.6499938964844,399.7500915527344,729670
2026-03-06 17:00:00+00:00,399.7200012207031,400.1000061035156,399.2300109863281,399.5700988769531,698946
2026-03-06 17:05:00+00:00,399.62579345703125,399.62579345703125,398.1200866699219,398.2699890136719,648969
2026-03-06 17:10:00+00:00,398.32000732421875,399.04998779296875,398.30999755859375,398.8399963378906,400582
2026-03-06 17:15:00+00:00,398.8299865722656,399.3399963378906,398.5,399.3299865722656,422541
2026-03-06 17:20:00+00:00,399.29998779296875,400.0799865722656,399.1300048828125,399.44000244140625,633199
2026-03-06 17:25:00+00:00,399.44000244140625,399.531494140625,398.4100036621094,398.8599853515625,559047
2026-03-06 17:30:00+00:00,398.9100036621094,399.0899963378906,398.2799987792969,398.95001220703125,460382
2026-03-06 17:35:00+00:00,398.9599914550781,398.9700012207031,397.29998779296875,397.57000732421875,534604
2026-03-06 17:40:00+00:00,397.5497131347656,398.2349853515625,397.1499938964844,398.1499938964844,564026
2026-03-06 17:45:00+00:00,398.1199951171875,398.55499267578125,397.6600036621094,398.32000732421875,481221
2026-03-06 17:50:00+00:00,398.30999755859375,399.1000061035156,398.1499938964844,398.7699890136719,534574
2026-03-06 17:55:00+00:00,398.7994079589844,399.1000061035156,398.2265930175781,398.30999755859375,451540
2026-03-06 18:00:00+00:00,398.32000732421875,399.2300109863281,397.95001220703125,398.5400085449219,556103
2026-03-06 18:05:00+00:00,398.5799865722656,399.79998779296875,398.4750061035156,399.625,461581
2026-03-06 18:10:00+00:00,399.6700134277344,401.1288146972656,399.45001220703125,401.005615234375,732141
2026-03-06 18:15:00+00:00,401.0050964355469,401.8399963378906,400.79998779296875,401.5899963378906,729067
2026-03-06 18:20:00+00:00,401.55999755859375,402.3500061035156,401.1499938964844,401.6300048828125,681194
2026-03-06 18:25:00+00:00,401.6300048828125,401.6700134277344,400.7699890136719,401.1700134277344,454733
2026-03-06 18:30:00+00:00,401.1650085449219,401.75,400.8200988769531,401.0,417396
2026-03-06 18:35:00+00:00,401.010009765625,401.0643005371094,400.2500915527344,400.6000061035156,605488
2026-03-06 18:40:00+00:00,400.5799865722656,400.7900085449219,400.1600036621094,400.2749938964844,330151
2026-03-06 18:45:00+00:00,400.2950134277344,400.3550109863281,399.66009521484375,399.9700012207031,1153473
2026-03-06 18:50:00+00:00,399.9800109863281,400.0400085449219,398.6400146484375,398.739990234375,519204
2026-03-06 18:55:00+00:00,398.7550048828125,398.8399963378906,398.32000732421875,398.4717102050781,411453
2026-03-06 19:00:00+00:00,398.5299987792969,398.9849853515625,398.3599853515625,398.3999938964844,343938
2026-03-06 19:05:00+00:00,398.3699951171875,399.2300109863281,398.29998779296875,399.0799865722656,428138
2026-03-06 19:10:00+00:00,399.0799865722656,399.3999938964844,398.8800048828125,399.1499938964844,335676
2026-03-06 19:15:00+00:00,399.1400146484375,399.54998779296875,399.05999755859375,399.4299011230469,393167
2026-03-06 19:20:00+00:00,399.4150085449219,399.4700012207031,398.489990234375,398.7300109863281,408656
2026-03-06 19:25:00+00:00,398.760009765625,399.54998779296875,398.4700012207031,399.30999755859375,378685
2026-03-06 19:30:00+00:00,399.30999755859375,399.79998779296875,399.17010498046875,399.54998779296875,405813
2026-03-06 19:35:00+00:00,399.55999755859375,399.8299865722656,398.5199890136719,399.05499267578125,426728
2026-03-06 19:40:00+00:00,399.0799865722656,399.7300109863281,398.8599853515625,398.8999938964844,378553
2026-03-06 19:45:00+00:00,398.8800048828125,399.1000061035156,398.57000732421875,398.84991455078125,333206
2026-03-06 19:50:00+00:00,398.80999755859375,399.6400146484375,398.6499938964844,399.4800109863281,357062
2026-03-06 19:55:00+00:00,399.4599914550781,400.2300109863281,399.3700866699219,400.04998779296875,480868
2026-03-06 20:00:00+00:00,400.010009765625,400.8299865722656,399.8999938964844,400.69439697265625,550076
2026-03-06 20:05:00+00:00,400.6700134277344,400.75,400.04998779296875,400.2799987792969,450320
2026-03-06 20:10:00+00:00,400.239990234375,400.3699951171875,398.30999755859375,398.5799865722656,725449
2026-03-06 20:15:00+00:00,398.5404052734375,399.1400146484375,398.17169189453125,398.864990234375,497954
2026-03-06 20:20:00+00:00,398.8500061035156,398.9200134277344,397.45001220703125,397.5320129394531,642323
2026-03-06 20:25:00+00:00,397.5201110839844,397.56500244140625,396.5,396.7200012207031,734266
2026-03-06 20:30:00+00:00,396.7300109863281,397.05999755859375,396.340087890625,396.55999755859375,638346
2026-03-06 20:35:00+00:00,396.54998779296875,397.3793029785156,396.20001220703125,397.20001220703125,787457
2026-03-06 20:40:00+00:00,397.2200012207031,398.20001220703125,396.6300048828125,397.5880126953125,824176
2026-03-06 20:45:00+00:00,397.55999755859375,398.04998779296875,397.5199890136719,397.760009765625,478477
2026-03-06 20:50:00+00:00,397.7200012207031,397.8800048828125,396.6499938964844,397.3299865722656,928680
2026-03-06 20:55:00+00:00,397.30999755859375,397.5799865722656,396.5,396.55999755859375,1589313
2026-03-09 13:30:00+00:00,390.04998779296875,392.989990234375,389.50201416015625,392.3900146484375,3094840
2026-03-09 13:35:00+00:00,392.3599853515625,392.8500061035156,387.340087890625,387.4010925292969,1700919
2026-03-09 13:40:00+00:00,387.3999938964844,387.9599914550781,386.4200134277344,387.1311950683594,1450737
2026-03-09 13:45:00+00:00,387.1700134277344,387.1700134277344,384.79998779296875,385.1300048828125,1769904
2026-03-09 13:50:00+00:00,385.0851135253906,385.5799865722656,384.0400085449219,384.3399963378906,1419789
2026-03-09 13:55:00+00:00,384.3699951171875,385.0199890136719,383.04010009765625,384.5600891113281,1761524
2026-03-09 14:00:00+00:00,384.54998779296875,385.92999267578125,383.8999938964844,385.9200134277344,1234155
2026-03-09 14:05:00+00:00,385.8999938964844,386.1698913574219,382.5299987792969,383.2950134277344,1578114
2026-03-09 14:10:00+00:00,383.2900085449219,383.3799133300781,381.3999938964844,383.260009765625,1441914
2026-03-09 14:15:00+00:00,383.25,384.3900146484375,382.9100036621094,383.9700012207031,1025180
2026-03-09 14:20:00+00:00,383.92999267578125,385.07501220703125,382.4205017089844,384.79998779296875,1161696
2026-03-09 14:25:00+00:00,384.80999755859375,385.1600036621094,382.67999267578125,383.4800109863281,885582
2026-03-09 14:30:00+00:00,383.44000244140625,384.4700012207031,383.44000244140625,384.1600036621094,808167
2026-03-09 14:35:00+00:00,384.1700134277344,385.7633972167969,383.8299865722656,385.29400634765625,1016105
2026-03-09 14:40:00+00:00,385.260009765625,385.6300048828125,384.3699951171875,385.57000732421875,793750
2026-03-09 14:45:00+00:00,385.5950012207031,385.9880065917969,385.29998779296875,385.81988525390625,859905
2026-03-09 14:50:00+00:00,385.79998779296875,386.30999755859375,385.3800048828125,386.05999755859375,1125687
2026-03-09 14:55:00+00:00,385.9800109863281,386.3599853515625,385.1099853515625,385.7099914550781,828908
2026-03-09 15:00:00+00:00,385.69000244140625,387.1109924316406,385.69000244140625,386.55999755859375,911749
2026-03-09 15:05:00+00:00,386.5400085449219,387.32000732421875,386.3999938964844,386.5899963378906,649852
2026-03-09 15:10:00+00:00,386.5852966308594,387.3699951171875,386.24200439453125,386.989990234375,635061
2026-03-09 15:15:00+00:00,387.0249938964844,387.7200012207031,386.70098876953125,386.9949951171875,689594
2026-03-09 15:20:00+00:00,386.9599914550781,387.989990234375,386.52191162109375,387.68011474609375,642700
2026-03-09 15:25:00+00:00,387.69500732421875,388.5899963378906,387.3900146484375,388.3299865722656,657434
2026-03-09 15:30:00+00:00,388.2300109863281,388.3500061035156,387.5617980957031,387.94500732421875,573387
2026-03-09 15:35:00+00:00,387.95001220703125,388.4700012207031,387.5,388.3599853515625,586819
2026-03-09 15:40:00+00:00,388.30999755859375,388.30999755859375,387.17999267578125,387.4949951171875,520956
2026-03-09 15:45:00+00:00,387.5150146484375,388.54998779296875,387.32000732421875,388.41009521484375,522486
2026-03-09 15:50:00+00:00,388.460205078125,389.7900085449219,388.3599853515625,389.5000915527344,718636
2026-03-09 15:55:00+00:00,389.5,389.95001220703125,389.10888671875,389.56500244140625,619105
2026-03-09 16:00:00+00:00,389.5799865722656,390.010009765625,389.1325988769531,389.756103515625,596608
2026-03-09 16:05:00+00:00,389.7781066894531,389.8500061035156,389.1600036621094,389.2300109863281,485303
2026-03-09 16:10:00+00:00,389.2200012207031,389.4100036621094,388.5199890136719,389.1000061035156,719287
2026-03-09 16:15:00+00:00,389.076904296875,389.18170166015625,388.67999267578125,388.7944030761719,359512
2026-03-09 16:20:00+00:00,388.81500244140625,389.19000244140625,388.20001220703125,389.05499267578125,627622
2026-03-09 16:25:00+00:00,389.07501220703125,390.8900146484375,389.0450134277344,390.1000061035156,814682
2026-03-09 16:30:00+00:00,390.1600036621094,390.2799987792969,389.2300109863281,390.05999755859375,550547
2026-03-09 16:35:00+00:00,390.0899963378906,390.70880126953125,389.7101135253906,390.0694885253906,547121
2026-03-09 16:40:00+00:00,390.1000061035156,390.8800048828125,389.7799987792969,390.6499938964844,528487
2026-03-09 16:45:00+00:00,390.69000244140625,390.989990234375,390.25,390.4049987792969,708411
2026-03-09 16:50:00+00:00,390.3999938964844,390.67999267578125,390.07000732421875,390.29998779296875,413326
2026-03-09 16:55:00+00:00,390.2699890136719,390.5799865722656,389.8500061035156,390.04998779296875,465707
2026-03-09 17:00:00+00:00,390.07000732421875,390.6300048828125,389.7099914550781,390.0799865722656,582269
2026-03-09 17:05:00+00:00,390.0899963378906,390.260009765625,389.29998779296875,389.92999267578125,461684
2026-03-09 17:10:00+00:00,389.94000244140625,390.3999938964844,389.79998779296875,390.17999267578125,450900
2026-03-09 17:15:00+00:00,390.19000244140625,390.2099914550781,389.3399963378906,389.5201110839844,416371
2026-03-09 17:20:00+00:00,389.5199890136719,389.55999755859375,388.68499755859375,389.19500732421875,478768
2026-03-09 17:25:00+00:00,389.1499938964844,389.2900085449219,388.7809143066406,389.010009765625,395605
2026-03-09 17:30:00+00:00,389.0,389.8800048828125,388.9200134277344,389.2650146484375,470702
2026-03-09 17:35:00+00:00,389.25,389.92999267578125,388.67010498046875,388.9750061035156,539578
2026-03-09 17:40:00+00:00,388.94000244140625,389.3999938964844,388.510009765625,388.9849853515625,434196
2026-03-09 17:45:00+00:00,389.010009765625,389.8900146484375,388.94000244140625,389.56500244140625,355534
2026-03-09 17:50:00+00:00,389.55999755859375,390.1499938964844,389.1700134277344,389.989990234375,412872
2026-03-09 17:55:00+00:00,390.0150146484375,390.1300048828125,389.6600036621094,390.06500244140625,295194
2026-03-09 18:00:00+00:00,390.0899963378906,390.6099853515625,389.6600036621094,389.8299865722656,498784
2026-03-09 18:05:00+00:00,389.8399963378906,390.54998779296875,389.70001220703125,389.9867858886719,420279
2026-03-09 18:10:00+00:00,389.93499755859375,390.885009765625,389.8216857910156,390.7900085449219,410413
2026-03-09 18:15:00+00:00,390.7900085449219,391.5400085449219,390.3699951171875,391.4599914550781,587863
2026-03-09 18:20:00+00:00,391.42999267578125,391.7699890136719,390.8800048828125,391.4849853515625,488960
2026-03-09 18:25:00+00:00,391.4849853515625,391.58660888671875,390.9700012207031,391.2900085449219,340393
2026-03-09 18:30:00+00:00,391.2699890136719,392.1700134277344,391.04998779296875,392.1700134277344,420644
2026-03-09 18:35:00+00:00,392.1600036621094,392.3699951171875,391.8399963378906,392.3351135253906,547425
2026-03-09 18:40:00+00:00,392.3500061035156,393.05999755859375,392.1700134277344,392.4800109863281,727151
2026-03-09 18:45:00+00:00,392.4599914550781,393.7300109863281,392.3800048828125,393.2449951171875,716682
2026-03-09 18:50:00+00:00,393.25,393.29998779296875,392.69000244140625,392.82000732421875,479115
2026-03-09 18:55:00+00:00,392.82000732421875,392.82000732421875,392.260009765625,392.3800048828125,527845
2026-03-09 19:00:00+00:00,392.3599853515625,392.6700134277344,392.07000732421875,392.5299987792969,474652
2026-03-09 19:05:00+00:00,392.5199890136719,392.739990234375,391.9800109863281,392.010009765625,513433
2026-03-09 19:10:00+00:00,392.0050048828125,392.739990234375,391.70001220703125,392.3999938964844,521881
2026-03-09 19:15:00+00:00,392.3999938964844,396.159912109375,392.1499938964844,396.0,1155572
2026-03-09 19:20:00+00:00,395.989990234375,397.908203125,395.3399963378906,397.6000061035156,1578084
2026-03-09 19:25:00+00:00,397.6099853515625,400.70001220703125,397.1099853515625,400.6000061035156,1606152
2026-03-09 19:30:00+00:00,400.56500244140625,400.75,398.739990234375,400.1099853515625,1322366
2026-03-09 19:35:00+00:00,400.1099853515625,401.5780029296875,399.3299865722656,400.94000244140625,1300310
2026-03-09 19:40:00+00:00,400.9100036621094,400.9100036621094,398.6000061035156,399.45001220703125,1123975
2026-03-09 19:45:00+00:00,399.4800109863281,399.69000244140625,398.25,399.4200134277344,833508
2026-03-09 19:50:00+00:00,399.3900146484375,399.739990234375,397.6600036621094,397.7900085449219,1073541
2026-03-09 19:55:00+00:00,397.9100036621094,398.9700012207031,397.3299865722656,398.6400146484375,1551362
2026-03-10 13:30:00+00:00,402.05499267578125,405.6000061035156,401.1199951171875,403.9200134277344,3832786
2026-03-10 13:35:00+00:00,403.9800109863281,404.1099853515625,402.0799865722656,402.6885986328125,1360847
2026-03-10 13:40:00+00:00,402.6499938964844,403.8500061035156,401.82000732421875,403.6300964355469,1398224
2026-03-10 13:45:00+00:00,403.6033935546875,404.20001220703125,401.6600036621094,403.79998779296875,1363855
2026-03-10 13:50:00+00:00,403.80499267578125,406.5799865722656,403.6000061035156,405.7598876953125,1751117
2026-03-10 13:55:00+00:00,405.7300109863281,406.5799865722656,404.9400939941406,405.92999267578125,1312105
2026-03-10 14:00:00+00:00,406.07000732421875,406.25,403.760009765625,404.8200988769531,1211794
2026-03-10 14:05:00+00:00,404.8399963378906,405.7699890136719,402.6199951171875,402.80999755859375,1175086
2026-03-10 14:10:00+00:00,402.7900085449219,403.4200134277344,402.04998779296875,402.68499755859375,910987
2026-03-10 14:15:00+00:00,402.6600036621094,403.4100036621094,401.9599914550781,403.3017883300781,925829
2026-03-10 14:20:00+00:00,403.2900085449219,403.92999267578125,402.1000061035156,402.4849853515625,918840
2026-03-10 14:25:00+00:00,402.4804992675781,402.739990234375,400.8800048828125,401.2049865722656,910081
2026-03-10 14:30:00+00:00,401.1499938964844,402.0199890136719,400.85809326171875,401.69000244140625,1029379
2026-03-10 14:35:00+00:00,401.6499938964844,402.239990234375,401.3999938964844,401.5799865722656,736466
2026-03-10 14:40:00+00:00,401.56500244140625,402.0899963378906,401.25,401.6199951171875,696288
2026-03-10 14:45:00+00:00,401.6400146484375,402.6099853515625,401.60009765625,402.4100036621094,824916
2026-03-10 14:50:00+00:00,402.3999938964844,404.1499938964844,402.3800048828125,403.885009765625,842348
2026-03-10 14:55:00+00:00,403.8999938964844,404.94000244140625,403.57000732421875,404.7616882324219,848054
2026-03-10 15:00:00+00:00,404.7799987792969,406.1000061035156,404.6499938964844,405.5799865722656,1172915
2026-03-10 15:05:00+00:00,405.6099853515625,405.6299133300781,403.76361083984375,403.9200134277344,793992
2026-03-10 15:10:00+00:00,403.9549865722656,404.260009765625,403.3900146484375,403.5199890136719,643261
2026-03-10 15:15:00+00:00,403.4800109863281,404.8550109863281,403.45001220703125,404.30560302734375,638959
2026-03-10 15:20:00+00:00,404.30999755859375,404.4599914550781,403.55999755859375,403.8599853515625,511596
2026-03-10 15:25:00+00:00,403.8822021484375,404.05999755859375,403.5,403.5799865722656,456348
2026-03-10 15:30:00+00:00,403.54998779296875,403.80999755859375,402.32000732421875,402.4789123535156,623699
2026-03-10 15:35:00+00:00,402.4800109863281,402.8598937988281,402.2300109863281,402.25,532323
2026-03-10 15:40:00+00:00,402.2699890136719,403.4200134277344,401.9100036621094,402.6499938964844,790677
2026-03-10 15:45:00+00:00,402.6300048828125,402.95001220703125,401.8599853515625,402.6671142578125,569924
2026-03-10 15:50:00+00:00,402.7099914550781,403.0799865722656,402.2349853515625,402.44000244140625,476051
2026-03-10 15:55:00+00:00,402.41241455078125,402.8800048828125,402.2900085449219,402.6499938964844,341839
2026-03-10 16:00:00+00:00,402.5899963378906,402.6000061035156,402.0299987792969,402.19000244140625,442817
2026-03-10 16:05:00+00:00,402.2200012207031,402.260009765625,400.95001220703125,401.3299865722656,695855
2026-03-10 16:10:00+00:00,401.3399963378906,401.9424133300781,400.95001220703125,401.3699951171875,534101
2026-03-10 16:15:00+00:00,401.3550109863281,403.0,401.28009033203125,402.7298889160156,667714
2026-03-10 16:20:00+00:00,402.74200439453125,403.010009765625,402.3122863769531,402.5304870605469,501293
2026-03-10 16:25:00+00:00,402.5299987792969,403.45001220703125,402.260009765625,402.64599609375,660192
2026-03-10 16:30:00+00:00,402.6400146484375,403.30999755859375,402.43499755859375,402.76129150390625,518028
2026-03-10 16:35:00+00:00,402.768798828125,403.20001220703125,402.0899963378906,403.1400146484375,445163
2026-03-10 16:40:00+00:00,403.1449890136719,403.6000061035156,402.7300109863281,403.5700988769531,471420
2026-03-10 16:45:00+00:00,403.5799865722656,403.59930419921875,402.1000061035156,402.1000061035156,507401
2026-03-10 16:50:00+00:00,402.114990234375,403.75,402.07000732421875,403.4649963378906,543256
2026-03-10 16:55:00+00:00,403.4898986816406,403.75,403.2900085449219,403.4700012207031,387016
2026-03-10 17:00:00+00:00,403.45001220703125,403.9700012207031,403.0350036621094,403.760009765625,535729
2026-03-10 17:05:00+00:00,403.7650146484375,404.19000244140625,403.2099914550781,403.44000244140625,532862
2026-03-10 17:10:00+00:00,403.4200134277344,403.6600036621094,402.3999938964844,402.5379943847656,454077
2026-03-10 17:15:00+00:00,402.5429992675781,404.0199890136719,402.45001220703125,403.7650146484375,612266
2026-03-10 17:20:00+00:00,403.7650146484375,403.7650146484375,402.67999267578125,402.9032897949219,473928
2026-03-10 17:25:00+00:00,402.85009765625,403.57440185546875,402.75,403.3492126464844,384421
2026-03-10 17:30:00+00:00,403.3299865722656,403.3550109863281,402.1700134277344,402.1900939941406,544988
2026-03-10 17:35:00+00:00,402.25,402.510009765625,401.1099853515625,401.80950927734375,717383
2026-03-10 17:40:00+00:00,401.7900085449219,402.54998779296875,401.54998779296875,401.65069580078125,518949
2026-03-10 17:45:00+00:00,401.6499938964844,403.1000061035156,401.57000732421875,402.79998779296875,524385
2026-03-10 17:50:00+00:00,402.8487854003906,403.30999755859375,402.6700134277344,402.7799987792969,394770
2026-03-10 17:55:00+00:00,402.76629638671875,402.8299865722656,401.9100036621094,402.07501220703125,441569
2026-03-10 18:00:00+00:00,402.0899963378906,402.32000732421875,401.5801086425781,401.8500061035156,420628
2026-03-10 18:05:00+00:00,401.8800048828125,402.0400085449219,401.0799865722656,401.4540100097656,483796
2026-03-10 18:10:00+00:00,401.4700012207031,401.8999938964844,398.2900085449219,398.3800048828125,969318
2026-03-10 18:15:00+00:00,398.3500061035156,399.7184143066406,398.30999755859375,399.04998779296875,1027615
2026-03-10 18:20:00+00:00,399.0400085449219,399.5400085449219,398.19000244140625,399.0299987792969,774146
2026-03-10 18:25:00+00:00,399.0350036621094,401.2099914550781,398.9700927734375,400.5649108886719,690789
2026-03-10 18:30:00+00:00,400.58990478515625,401.1300048828125,399.9106140136719,400.94000244140625,492493
2026-03-10 18:35:00+00:00,400.95001220703125,401.2300109863281,399.67999267578125,400.14599609375,528536
2026-03-10 18:40:00+00:00,400.1200866699219,400.8500061035156,399.3450012207031,400.3900146484375,570186
2026-03-10 18:45:00+00:00,400.3500061035156,401.3800048828125,400.1300048828125,400.8800048828125,468829
2026-03-10 18:50:00+00:00,400.885009765625,401.8500061035156,400.55999755859375,401.1099853515625,557494
2026-03-10 18:55:00+00:00,401.1055908203125,401.3900146484375,400.1400146484375,400.5751037597656,401049
2026-03-10 19:00:00+00:00,400.57501220703125,401.1000061035156,400.3299865722656,400.44000244140625,357781
2026-03-10 19:05:00+00:00,400.4800109863281,401.07989501953125,400.260009765625,400.8500061035156,337802
2026-03-10 19:10:00+00:00,400.79998779296875,400.95001220703125,400.05010986328125,400.9200134277344,340609
2026-03-10 19:15:00+00:00,400.95001220703125,401.6400146484375,400.8700866699219,401.5849914550781,464359
2026-03-10 19:20:00+00:00,401.55999755859375,401.95001220703125,400.44281005859375,401.3699951171875,690670
2026-03-10 19:25:00+00:00,401.3699951171875,401.3699951171875,399.6199951171875,399.8999938964844,598224
2026-03-10 19:30:00+00:00,399.8565979003906,400.20001220703125,398.9100036621094,399.0249938964844,633279
2026-03-10 19:35:00+00:00,399.05499267578125,400.0400085449219,398.79998779296875,399.8706970214844,660088
2026-03-10 19:40:00+00:00,399.9049987792969,400.739990234375,399.239990234375,399.95001220703125,606489
2026-03-10 19:45:00+00:00,399.9599914550781,400.1499938964844,399.07000732421875,399.3800048828125,404623
2026-03-10 19:50:00+00:00,399.4599914550781,399.57000732421875,398.2699890136719,399.19500732421875,705131
2026-03-10 19:55:00+00:00,399.17999267578125,399.3900146484375,398.6000061035156,399.2349853515625,1028584
2026-03-11 13:30:00+00:00,402.2200012207031,409.6400146484375,402.1499938964844,408.8800048828125,4386543
2026-03-11 13:35:00+00:00,408.8999938964844,411.0199890136719,408.1499938964844,408.5,2233042
2026-03-11 13:40:00+00:00,408.5050048828125,410.20001220703125,408.2699890136719,408.8900146484375,1556200
2026-03-11 13:45:00+00:00,408.9100036621094,409.70001220703125,408.1499938964844,409.4700012207031,1383702
2026-03-11 13:50:00+00:00,409.4700012207031,410.75,408.489990234375,410.5851135253906,1347160
2026-03-11 13:55:00+00:00,410.5849914550781,412.4700012207031,410.1300964355469,412.2900085449219,2023220
2026-03-11 14:00:00+00:00,412.32000732421875,416.3799133300781,412.30999755859375,414.760009765625,3173139
2026-03-11 14:05:00+00:00,414.7101135253906,415.0299987792969,412.114990234375,412.30499267578125,1341071
2026-03-11 14:10:00+00:00,412.2900085449219,412.6199035644531,411.04998779296875,412.3999938964844,1271760
2026-03-11 14:15:00+00:00,412.3900146484375,413.19439697265625,411.6499938964844,412.71661376953125,1059168
2026-03-11 14:20:00+00:00,412.6520080566406,413.0199890136719,411.510009765625,411.7699890136719,961755
2026-03-11 14:25:00+00:00,411.760009765625,412.2998962402344,410.9302062988281,411.9112854003906,928404
2026-03-11 14:30:00+00:00,411.8500061035156,412.2200012207031,410.3999938964844,411.1300048828125,841088
2026-03-11 14:35:00+00:00,411.125,412.6000061035156,411.0799865722656,411.7950134277344,878078
2026-03-11 14:40:00+00:00,411.7674865722656,412.1700134277344,411.4248046875,411.70001220703125,634189
2026-03-11 14:45:00+00:00,411.67999267578125,411.9519958496094,410.1499938964844,410.501708984375,873640
2026-03-11 14:50:00+00:00,410.5,410.58990478515625,409.4800109863281,409.9949951171875,958499
2026-03-11 14:55:00+00:00,410.0,410.7099914550781,409.635009765625,410.5,719699
2026-03-11 15:00:00+00:00,410.5199890136719,411.19000244140625,410.0899963378906,411.19000244140625,917729
2026-03-11 15:05:00+00:00,411.20001220703125,411.5849914550781,410.5299987792969,410.8999938964844,658806
2026-03-11 15:10:00+00:00,410.8900146484375,411.3299865722656,409.0299987792969,409.7250061035156,845103
2026-03-11 15:15:00+00:00,409.7300109863281,409.8800048828125,409.2300109863281,409.3800048828125,543024
2026-03-11 15:20:00+00:00,409.3351135253906,411.08428955078125,409.2001037597656,411.0700988769531,702360
2026-03-11 15:25:00+00:00,411.1000061035156,411.20001220703125,408.9599914550781,409.0,676626
2026-03-11 15:30:00+00:00,409.010009765625,409.1000061035156,407.6600036621094,408.3599853515625,963102
2026-03-11 15:35:00+00:00,408.3949890136719,408.4100036621094,406.8999938964844,407.260009765625,793992
2026-03-11 15:40:00+00:00,407.2699890136719,408.0199890136719,406.9599914550781,407.07598876953125,624497
2026-03-11 15:45:00+00:00,407.125,407.2998962402344,406.3299865722656,407.0,795609
2026-03-11 15:50:00+00:00,407.010009765625,408.2049865722656,407.010009765625,408.18670654296875,681165
2026-03-11 15:55:00+00:00,408.1700134277344,408.2900085449219,406.75201416015625,406.8550109863281,638771
2026-03-11 16:00:00+00:00,406.8550109863281,407.1180114746094,406.3609924316406,406.95001220703125,611737
2026-03-11 16:05:00+00:00,406.9671936035156,407.19000244140625,406.4700012207031,406.7449951171875,419309
2026-03-11 16:10:00+00:00,406.7850036621094,407.20001220703125,406.2300109863281,406.8517150878906,568269
2026-03-11 16:15:00+00:00,406.8450012207031,407.5398864746094,406.4100036621094,406.5101013183594,537671
2026-03-11 16:20:00+00:00,406.53009033203125,407.5,406.5199890136719,407.15179443359375,458793
2026-03-11 16:25:00+00:00,407.1400146484375,407.55999755859375,406.9750061035156,407.4100036621094,395400
2026-03-11 16:30:00+00:00,407.4049987792969,408.54150390625,407.2699890136719,408.4200134277344,636222
2026-03-11 16:35:00+00:00,408.4399108886719,408.6600036621094,407.7300109863281,407.96099853515625,527270
2026-03-11 16:40:00+00:00,407.96990966796875,408.09991455078125,407.2200012207031,407.32000732421875,390609
2026-03-11 16:45:00+00:00,407.31988525390625,407.79998779296875,406.79998779296875,407.3949890136719,589141
2026-03-11 16:50:00+00:00,407.3699951171875,407.5899963378906,406.93011474609375,407.20001220703125,398699
2026-03-11 16:55:00+00:00,407.2099914550781,407.4800109863281,407.1000061035156,407.29998779296875,297132
2026-03-11 17:00:00+00:00,407.2950134277344,407.5899963378906,406.8999938964844,407.0851135253906,365577
2026-03-11 17:05:00+00:00,407.0849914550781,407.25,406.2301025390625,406.65509033203125,366526
2026-03-11 17:10:00+00:00,406.669189453125,406.8500061035156,406.3699951171875,406.4700927734375,361649
2026-03-11 17:15:00+00:00,406.4849853515625,407.0299987792969,406.3699951171875,406.7650146484375,481003
2026-03-11 17:20:00+00:00,406.7900085449219,407.6400146484375,406.7900085449219,407.6199951171875,486164
2026-03-11 17:25:00+00:00,407.6199951171875,408.32000732421875,407.3373107910156,408.2149963378906,496522
2026-03-11 17:30:00+00:00,408.2300109863281,408.3500061035156,407.6000061035156,407.6783142089844,419935
2026-03-11 17:35:00+00:00,407.6499938964844,408.0,404.7799987792969,405.6600036621094,957498
2026-03-11 17:40:00+00:00,405.6300048828125,406.5,405.239990234375,405.9649963378906,544963
2026-03-11 17:45:00+00:00,406.0,406.17999267578125,405.5400085449219,406.010009765625,396635
2026-03-11 17:50:00+00:00,406.010009765625,406.7200012207031,405.80999755859375,405.8399963378906,478871
2026-03-11 17:55:00+00:00,405.83099365234375,406.1830139160156,405.25,405.8609924316406,483227
2026-03-11 18:00:00+00:00,405.8900146484375,405.9700012207031,405.3999938964844,405.5299987792969,291510
2026-03-11 18:05:00+00:00,405.5150146484375,405.6199951171875,404.54010009765625,404.82501220703125,397013
2026-03-11 18:10:00+00:00,404.8500061035156,404.9100036621094,403.95001220703125,404.5199890136719,665249
2026-03-11 18:15:00+00:00,404.4800109863281,405.0899963378906,404.30999755859375,404.79998779296875,350586
2026-03-11 18:20:00+00:00,404.7843933105469,405.4200134277344,404.6127014160156,404.9790954589844,405474
2026-03-11 18:25:00+00:00,404.9599914550781,405.57000732421875,404.79998779296875,405.53009033203125,445866
2026-03-11 18:30:00+00:00,405.54998779296875,405.67999267578125,405.09600830078125,405.3999938964844,371393
2026-03-11 18:35:00+00:00,405.3999938964844,405.54998779296875,404.9200134277344,405.1401062011719,308375
2026-03-11 18:40:00+00:00,405.1499938964844,405.4779968261719,405.0000915527344,405.3349914550781,247630
2026-03-11 18:45:00+00:00,405.30999755859375,405.7699890136719,405.04998779296875,405.239990234375,334005
2026-03-11 18:50:00+00:00,405.2550964355469,406.6300048828125,405.2536926269531,406.5,505980
2026-03-11 18:55:00+00:00,406.5199890136719,406.80999755859375,405.8399963378906,406.2300109863281,463688
2026-03-11 19:00:00+00:00,406.25,406.7499084472656,405.82000732421875,406.6499938964844,435248
2026-03-11 19:05:00+00:00,406.67999267578125,406.7300109863281,406.1499938964844,406.4200134277344,293920
2026-03-11 19:10:00+00:00,406.45001220703125,406.489990234375,405.6199951171875,405.89129638671875,372144
2026-03-11 19:15:00+00:00,405.92999267578125,406.19000244140625,405.4100036621094,405.9338073730469,417289
2026-03-11 19:20:00+00:00,405.9205017089844,406.05999755859375,405.3599853515625,406.0244140625,373403
2026-03-11 19:25:00+00:00,405.99261474609375,406.5198974609375,405.989990234375,406.1300048828125,385675
2026-03-11 19:30:00+00:00,406.1499938964844,407.768310546875,406.1499938964844,407.6376037597656,810234
2026-03-11 19:35:00+00:00,407.67999267578125,407.7799987792969,407.0,407.3699951171875,547376
2026-03-11 19:40:00+00:00,407.3418884277344,407.989990234375,407.32000732421875,407.5799865722656,582113
2026-03-11 19:45:00+00:00,407.5799865722656,408.25,407.54998779296875,408.1199951171875,685492
2026-03-11 19:50:00+00:00,408.2200012207031,408.2200012207031,406.92999267578125,407.3901062011719,1015296
2026-03-11 19:55:00+00:00,407.4100036621094,407.9700012207031,407.0400085449219,407.8399963378906,1298404
2026-03-12 13:30:00+00:00,405.1000061035156,406.44000244140625,403.20001220703125,405.2650146484375,2758090
2026-03-12 13:35:00+00:00,405.260009765625,406.5,404.739990234375,405.5011901855469,1051551
2026-03-12 13:40:00+00:00,405.5732116699219,405.95001220703125,403.9700927734375,404.5199890136719,783977
2026-03-12 13:45:00+00:00,404.5,404.5,401.5400085449219,403.6700134277344,1511955
2026-03-12 13:50:00+00:00,403.625,404.3500061035156,401.2699890136719,401.55499267578125,1174416
2026-03-12 13:55:00+00:00,401.5199890136719,401.7799072265625,400.3399963378906,400.8450012207031,1091992
2026-03-12 14:00:00+00:00,400.8500061035156,401.94000244140625,400.7759094238281,401.13531494140625,1033249
2026-03-12 14:05:00+00:00,401.17999267578125,401.3800048828125,399.68011474609375,400.55999755859375,1219623
2026-03-12 14:10:00+00:00,400.5799865722656,402.3599853515625,400.4700012207031,402.32000732421875,996903
2026-03-12 14:15:00+00:00,402.2900085449219,402.4100036621094,400.7608947753906,401.260009765625,706599
2026-03-12 14:20:00+00:00,401.2373046875,401.6300048828125,400.78009033203125,400.9372863769531,674655
2026-03-12 14:25:00+00:00,400.9372863769531,401.5,399.42999267578125,399.5199890136719,1157285
2026-03-12 14:30:00+00:00,399.5299987792969,399.9599914550781,397.32000732421875,398.1400146484375,1490929
2026-03-12 14:35:00+00:00,398.1499938964844,398.3599853515625,396.43011474609375,396.864013671875,1371099
2026-03-12 14:40:00+00:00,396.8680114746094,397.6000061035156,396.2900085449219,397.5816955566406,966654
2026-03-12 14:45:00+00:00,397.6300048828125,398.75,395.0400085449219,395.3399963378906,1395806
2026-03-12 14:50:00+00:00,395.36248779296875,395.760009765625,394.6499938964844,395.3901062011719,1342817
2026-03-12 14:55:00+00:00,395.42999267578125,396.04998779296875,395.25,395.70001220703125,882267
2026-03-12 15:00:00+00:00,395.72918701171875,396.25,395.5400085449219,395.79998779296875,765559
2026-03-12 15:05:00+00:00,395.83990478515625,396.1499938964844,395.32000732421875,396.0199890136719,609893
2026-03-12 15:10:00+00:00,396.0199890136719,396.4798889160156,395.5,396.0711975097656,765423
2026-03-12 15:15:00+00:00,396.0215148925781,396.79998779296875,395.8999938964844,396.031005859375,663138
2026-03-12 15:20:00+00:00,396.05999755859375,396.8900146484375,395.6400146484375,396.8299865722656,676917
2026-03-12 15:25:00+00:00,396.87200927734375,397.70001220703125,396.6000061035156,396.99169921875,911975
2026-03-12 15:30:00+00:00,396.95001220703125,397.30999755859375,396.5799865722656,397.05010986328125,561568
2026-03-12 15:35:00+00:00,397.0758056640625,399.0400085449219,396.4200134277344,398.9150085449219,861245
2026-03-12 15:40:00+00:00,398.9150085449219,399.010009765625,397.9100036621094,398.385009765625,943196
2026-03-12 15:45:00+00:00,398.3599853515625,398.8500061035156,397.1343994140625,398.0950012207031,702465
2026-03-12 15:50:00+00:00,398.1055908203125,398.54998779296875,397.5,398.54998779296875,508286
2026-03-12 15:55:00+00:00,398.5299987792969,398.57000732421875,397.68951416015625,398.2699890136719,452197
2026-03-12 16:00:00+00:00,398.32000732421875,399.1700134277344,397.9800109863281,399.1390075683594,635575
2026-03-12 16:05:00+00:00,399.1400146484375,399.2398986816406,396.94000244140625,397.6499938964844,734574
2026-03-12 16:10:00+00:00,397.6199951171875,399.05999755859375,397.3768005371094,398.9150085449219,581994
2026-03-12 16:15:00+00:00,398.95001220703125,399.8598937988281,398.9010009765625,399.1700134277344,636616
2026-03-12 16:20:00+00:00,399.19000244140625,400.1400146484375,398.8739929199219,399.510009765625,693962
2026-03-12 16:25:00+00:00,399.5299987792969,399.5599060058594,398.6003112792969,398.8599853515625,503972
2026-03-12 16:30:00+00:00,398.8572998046875,400.1700134277344,398.4599914550781,399.8450927734375,563219
2026-03-12 16:35:00+00:00,399.8688049316406,400.8999938964844,399.75,400.6400146484375,687634
2026-03-12 16:40:00+00:00,400.6700134277344,400.6700134277344,399.82000732421875,400.1899108886719,556607
2026-03-12 16:45:00+00:00,400.1600036621094,400.29998779296875,399.17010498046875,400.139892578125,572775
2026-03-12 16:50:00+00:00,400.1099853515625,400.8999938964844,399.6600036621094,399.84539794921875,553870
2026-03-12 16:55:00+00:00,399.8299865722656,400.3599853515625,399.5,399.8399963378906,421156
2026-03-12 17:00:00+00:00,399.8450012207031,400.7699890136719,399.7500915527344,400.4898986816406,361484
2026-03-12 17:05:00+00:00,400.4533996582031,401.04998779296875,399.8326110839844,400.010009765625,483324
2026-03-12 17:10:00+00:00,400.0,400.9700012207031,399.92999267578125,400.03961181640625,448877
2026-03-12 17:15:00+00:00,400.0498046875,400.2398986816406,399.1300048828125,399.2900085449219,500808
2026-03-12 17:20:00+00:00,399.2734069824219,400.46990966796875,399.10089111328125,400.1676025390625,421574
2026-03-12 17:25:00+00:00,400.1777038574219,400.9684143066406,399.7099914550781,399.8900146484375,474605
2026-03-12 17:30:00+00:00,399.8299865722656,400.4599914550781,399.75,399.9700012207031,307241
2026-03-12 17:35:00+00:00,399.9205017089844,400.29998779296875,399.04998779296875,399.3800048828125,415169
2026-03-12 17:40:00+00:00,399.3900146484375,399.8500061035156,398.25,398.3399963378906,608201
2026-03-12 17:45:00+00:00,398.3399963378906,398.3399963378906,397.20001220703125,397.5050048828125,650547
2026-03-12 17:50:00+00:00,397.4599914550781,398.3699951171875,397.0,397.0899963378906,611587
2026-03-12 17:55:00+00:00,397.12908935546875,397.45831298828125,396.2500915527344,397.2749938964844,756473
2026-03-12 18:00:00+00:00,397.29998779296875,397.9700012207031,397.1700134277344,397.7300109863281,531269
2026-03-12 18:05:00+00:00,397.7699890136719,398.4800109863281,397.54998779296875,397.9700012207031,467948
2026-03-12 18:10:00+00:00,397.9619140625,398.54998779296875,397.8699951171875,398.32000732421875,402895
2026-03-12 18:15:00+00:00,398.3399963378906,398.6000061035156,397.6368103027344,397.8500061035156,435686
2026-03-12 18:20:00+00:00,397.8599853515625,397.8900146484375,397.0199890136719,397.6300048828125,473325
2026-03-12 18:25:00+00:00,397.610107421875,397.9800109863281,397.3599853515625,397.82501220703125,363762
2026-03-12 18:30:00+00:00,397.82501220703125,398.0,397.41009521484375,397.5849914550781,317132
2026-03-12 18:35:00+00:00,397.55999755859375,397.95001220703125,397.2701110839844,397.8351135253906,329146
2026-03-12 18:40:00+00:00,397.83441162109375,397.9200134277344,397.4949951171875,397.6400146484375,238539
2026-03-12 18:45:00+00:00,397.6300048828125,397.82000732421875,396.7799987792969,396.8399963378906,384314
2026-03-12 18:50:00+00:00,396.8599853515625,397.56988525390625,396.7099914550781,397.239990234375,523534
2026-03-12 18:55:00+00:00,397.17999267578125,397.3797912597656,396.8301086425781,396.98699951171875,382178
2026-03-12 19:00:00+00:00,396.95001220703125,397.80999755859375,396.5,396.8800964355469,649594
2026-03-12 19:05:00+00:00,396.8800048828125,397.25,396.4700012207031,396.85260009765625,504839
2026-03-12 19:10:00+00:00,396.8800048828125,396.9599914550781,396.2799987792969,396.7799987792969,539279
2026-03-12 19:15:00+00:00,396.79998779296875,397.79998779296875,396.57000732421875,397.5299987792969,636687
2026-03-12 19:20:00+00:00,397.5249938964844,398.0799865722656,397.1700134277344,397.7904968261719,510470
2026-03-12 19:25:00+00:00,397.7900085449219,397.9100036621094,397.3016052246094,397.5899963378906,508973
2026-03-12 19:30:00+00:00,397.6099853515625,398.1289978027344,397.5199890136719,397.8299865722656,521723
2026-03-12 19:35:00+00:00,397.8399963378906,397.92999267578125,397.0299987792969,397.1000061035156,512754
2026-03-12 19:40:00+00:00,397.139892578125,397.3500061035156,396.5899963378906,397.2650146484375,615330
2026-03-12 19:45:00+00:00,397.2799987792969,397.2900085449219,396.32000732421875,397.010009765625,634037
2026-03-12 19:50:00+00:00,396.989990234375,397.010009765625,395.6199951171875,396.8699951171875,1078845
2026-03-12 19:55:00+00:00,396.8900146484375,396.9700012207031,395.0,395.0050048828125,1611188
2026-03-13 13:30:00+00:00,399.1650085449219,400.1600036621094,396.6000061035156,397.3135070800781,2979479
2026-03-13 13:35:00+00:00,397.3117980957031,397.5,395.510009765625,396.3789978027344,1313295
2026-03-13 13:40:00+00:00,396.3999938964844,398.1400146484375,395.6199951171875,397.5849914550781,1241667
2026-03-13 13:45:00+00:00,397.54998779296875,399.1300048828125,397.5,398.32000732421875,1098880
2026-03-13 13:50:00+00:00,398.3299865722656,399.8800048828125,397.8999938964844,399.7250061035156,1072406
2026-03-13 13:55:00+00:00,399.760009765625,400.0,397.6000061035156,398.2244873046875,1030812
2026-03-13 14:00:00+00:00,398.3299865722656,399.19989013671875,396.9599914550781,397.2799987792969,1486420
2026-03-13 14:05:00+00:00,397.30999755859375,398.25,396.6705017089844,396.8699951171875,682591
2026-03-13 14:10:00+00:00,396.8800964355469,397.39990234375,396.45001220703125,396.5,575702
2026-03-13 14:15:00+00:00,396.4599914550781,397.010009765625,395.17999267578125,395.6300048828125,987677
2026-03-13 14:20:00+00:00,395.6099853515625,396.239013671875,395.2900085449219,396.0350036621094,682114
2026-03-13 14:25:00+00:00,396.0273132324219,396.510009765625,395.5400085449219,396.1427001953125,647128
2026-03-13 14:30:00+00:00,396.1449890136719,397.739990234375,395.8500061035156,396.8399963378906,982926
2026-03-13 14:35:00+00:00,396.8334045410156,396.9700012207031,394.7699890136719,395.3450012207031,966779
2026-03-13 14:40:00+00:00,395.3900146484375,395.4399108886719,394.1300048828125,394.639892578125,867272
2026-03-13 14:45:00+00:00,394.6400146484375,394.8399963378906,393.5,394.3599853515625,1021043
2026-03-13 14:50:00+00:00,394.3699951171875,394.7699890136719,393.29998779296875,393.82000732421875,762085
2026-03-13 14:55:00+00:00,393.79998779296875,394.0899963378906,392.3699951171875,392.5050048828125,944621
2026-03-13 15:00:00+00:00,392.510009765625,393.20001220703125,392.2200012207031,393.005615234375,826039
2026-03-13 15:05:00+00:00,393.0400085449219,394.64990234375,392.7500915527344,394.5882873535156,866802
2026-03-13 15:10:00+00:00,394.6000061035156,395.69000244140625,394.1300048828125,395.3999938964844,1071699
2026-03-13 15:15:00+00:00,395.4200134277344,395.9599914550781,395.1900939941406,395.4800109863281,753039
2026-03-13 15:20:00+00:00,395.4800109863281,395.8599853515625,394.17999267578125,394.4200134277344,656908
2026-03-13 15:25:00+00:00,394.3999938964844,394.4800109863281,393.8399963378906,394.05999755859375,547387
2026-03-13 15:30:00+00:00,394.05999755859375,394.9100036621094,393.6700134277344,394.4649963378906,599147
2026-03-13 15:35:00+00:00,394.489990234375,394.739990234375,393.3599853515625,393.8027038574219,595373
2026-03-13 15:40:00+00:00,393.7950134277344,394.1199951171875,392.29998779296875,392.8468017578125,682256
2026-03-13 15:45:00+00:00,392.82000732421875,394.2799987792969,392.44000244140625,393.69000244140625,872388
2026-03-13 15:50:00+00:00,393.7200012207031,393.94000244140625,392.8900146484375,393.6588134765625,540043
2026-03-13 15:55:00+00:00,393.6806945800781,393.7799987792969,392.68560791015625,393.4750061035156,468108
2026-03-13 16:00:00+00:00,393.4700012207031,394.12060546875,393.28009033203125,393.7349853515625,460579
2026-03-13 16:05:00+00:00,393.7300109863281,394.6099853515625,393.2200012207031,394.3172912597656,551686
2026-03-13 16:10:00+00:00,394.3550109863281,394.9700012207031,393.57000732421875,394.239013671875,517506
2026-03-13 16:15:00+00:00,394.239990234375,394.82000732421875,394.0115051269531,394.6900939941406,472273
2026-03-13 16:20:00+00:00,394.6734924316406,395.1700134277344,394.510009765625,394.8550109863281,572326
2026-03-13 16:25:00+00:00,394.8500061035156,395.1400146484375,394.4100036621094,395.0,553907
2026-03-13 16:30:00+00:00,394.9800109863281,395.6400146484375,394.864990234375,395.1400146484375,569539
2026-03-13 16:35:00+00:00,395.1300048828125,395.95989990234375,395.0,395.05999755859375,634774
2026-03-13 16:40:00+00:00,395.04998779296875,395.4599914550781,394.6000061035156,394.67498779296875,567162
2026-03-13 16:45:00+00:00,394.69000244140625,395.07000732421875,394.1099853515625,395.010009765625,665638
2026-03-13 16:50:00+00:00,395.0799865722656,395.8999938964844,394.94000244140625,395.80999755859375,523897
2026-03-13 16:55:00+00:00,395.80999755859375,395.8999938964844,393.8999938964844,394.5799865722656,598175
2026-03-13 17:00:00+00:00,394.6299133300781,394.8761901855469,393.1099853515625,393.5400085449219,672340
2026-03-13 17:05:00+00:00,393.5249938964844,394.0299987792969,392.90899658203125,393.8100891113281,565785
2026-03-13 17:10:00+00:00,393.80499267578125,395.07000732421875,393.4400939941406,395.07000732421875,486363
2026-03-13 17:15:00+00:00,395.05999755859375,395.8349914550781,394.8699951171875,395.485595703125,639295
2026-03-13 17:20:00+00:00,395.4700012207031,395.70001220703125,395.0,395.3800048828125,414830
2026-03-13 17:25:00+00:00,395.3800048828125,395.4700012207031,394.7300109863281,395.0150146484375,366746
2026-03-13 17:30:00+00:00,394.9599914550781,395.2300109863281,394.1700134277344,394.38299560546875,503329
2026-03-13 17:35:00+00:00,394.3900146484375,394.7099914550781,393.8518981933594,394.5249938964844,404852
2026-03-13 17:40:00+00:00,394.5249938964844,394.70001220703125,393.75,394.1000061035156,403052
2026-03-13 17:45:00+00:00,394.07000732421875,394.20001220703125,392.489990234375,392.94500732421875,614702
2026-03-13 17:50:00+00:00,392.92999267578125,393.5,392.55999755859375,393.3651123046875,433572
2026-03-13 17:55:00+00:00,393.3500061035156,393.5299987792969,392.8949890136719,393.17999267578125,346244
2026-03-13 18:00:00+00:00,393.239990234375,393.3599853515625,392.29998779296875,392.69158935546875,477918
2026-03-13 18:05:00+00:00,392.70001220703125,392.8900146484375,392.1499938964844,392.5400085449219,488792
2026-03-13 18:10:00+00:00,392.57501220703125,393.45001220703125,392.5,393.05999755859375,451590
2026-03-13 18:15:00+00:00,393.05999755859375,393.4281921386719,392.6199951171875,392.7998962402344,432050
2026-03-13 18:20:00+00:00,392.7799987792969,392.9200134277344,392.1199951171875,392.31500244140625,403081
2026-03-13 18:25:00+00:00,392.29998779296875,393.20001220703125,392.2568054199219,393.1600036621094,451731
2026-03-13 18:30:00+00:00,393.1499938964844,393.79998779296875,392.9200134277344,393.5299987792969,614294
2026-03-13 18:35:00+00:00,393.57000732421875,393.69000244140625,393.2001037597656,393.3301086425781,431442
2026-03-13 18:40:00+00:00,393.3550109863281,393.9599914550781,393.2596130371094,393.8800048828125,423336
2026-03-13 18:45:00+00:00,393.8550109863281,393.8999938964844,393.0,393.2099914550781,472864
2026-03-13 18:50:00+00:00,393.17999267578125,393.45989990234375,392.739990234375,393.31500244140625,458248
2026-03-13 18:55:00+00:00,393.2900085449219,393.6400146484375,393.0574951171875,393.20001220703125,440202
2026-03-13 19:00:00+00:00,393.17498779296875,393.20001220703125,391.840087890625,391.9551086425781,760620
2026-03-13 19:05:00+00:00,391.95001220703125,392.260009765625,391.6700134277344,391.8900146484375,607117
2026-03-13 19:10:00+00:00,391.8800048828125,392.4100036621094,391.76019287109375,392.20001220703125,458000
2026-03-13 19:15:00+00:00,392.17999267578125,392.7049865722656,392.1199951171875,392.20001220703125,749067
2026-03-13 19:20:00+00:00,392.2099914550781,392.239990234375,390.6099853515625,390.92498779296875,887419
2026-03-13 19:25:00+00:00,390.8999938964844,391.010009765625,390.0799865722656,390.9100036621094,765293
2026-03-13 19:30:00+00:00,390.9100036621094,391.6000061035156,390.8399963378906,391.0379943847656,902029
2026-03-13 19:35:00+00:00,391.0799865722656,391.44000244140625,390.875,391.2200927734375,575378
2026-03-13 19:40:00+00:00,391.2200012207031,391.30999755859375,390.7099914550781,391.1708068847656,562076
2026-03-13 19:45:00+00:00,391.19000244140625,391.32000732421875,390.4100036621094,390.82000732421875,657386
2026-03-13 19:50:00+00:00,390.8299865722656,391.14898681640625,389.95001220703125,391.14898681640625,1169715
2026-03-13 19:55:00+00:00,391.17999267578125,392.1199951171875,391.0299987792969,391.1700134277344,1596216
2026-03-16 13:30:00+00:00,396.125,399.989990234375,394.97601318359375,399.0,3179492
2026-03-16 13:35:00+00:00,398.9849853515625,400.1099853515625,398.70001220703125,399.239990234375,44610
2026-03-16 13:40:00+00:00,399.23699951171875,399.3800048828125,398.1600036621094,398.7900085449219,852341
2026-03-16 13:45:00+00:00,398.7200012207031,400.0299987792969,398.7200012207031,399.2349853515625,880052
2026-03-16 13:50:00+00:00,399.2250061035156,399.70050048828125,398.7200012207031,399.2398986816406,509989
2026-03-16 13:55:00+00:00,399.20001220703125,401.0799865722656,398.79998779296875,401.0299987792969,1098682
2026-03-16 14:00:00+00:00,401.0798034667969,401.80999755859375,400.1600036621094,401.05999755859375,959046
2026-03-16 14:05:00+00:00,401.07000732421875,402.29998779296875,400.6000061035156,402.1400146484375,4064604
2026-03-16 14:10:00+00:00,402.19000244140625,402.8999938964844,401.95001220703125,402.0802001953125,1146229
2026-03-16 14:15:00+00:00,402.05999755859375,402.3500061035156,401.4599914550781,401.9800109863281,0
2026-03-16 14:20:00+00:00,401.9200134277344,403.0799865722656,401.8699951171875,402.9750061035156,752715
2026-03-16 14:25:00+00:00,402.989990234375,403.7300109863281,402.20001220703125,402.3208923339844,906339
2026-03-16 14:30:00+00:00,402.3659973144531,402.3659973144531,400.6689147949219,400.8550109863281,694950
2026-03-16 14:35:00+00:00,400.8500061035156,402.0400085449219,400.4200134277344,400.5150146484375,695207
2026-03-16 14:40:00+00:00,400.5299987792969,400.95001220703125,400.1700134277344,400.5639953613281,664816
2026-03-16 14:45:00+00:00,400.5400085449219,401.3399963378906,399.95001220703125,400.67999267578125,730031
2026-03-16 14:50:00+00:00,400.67498779296875,401.54998779296875,400.1099853515625,401.44000244140625,597987
2026-03-16 14:55:00+00:00,401.4200134277344,401.5,400.3299865722656,400.90008544921875,525309
2026-03-16 15:00:00+00:00,400.9100036621094,401.06500244140625,400.1600036621094,400.1600036621094,462009
2026-03-16 15:05:00+00:00,400.1499938964844,400.2898864746094,399.4200134277344,399.93499755859375,631082
2026-03-16 15:10:00+00:00,399.8999938964844,400.44000244140625,399.5,400.1570129394531,5989067
2026-03-16 15:15:00+00:00,400.1799011230469,400.18798828125,399.2300109863281,399.510009765625,0
2026-03-16 15:20:00+00:00,399.4801025390625,400.6700134277344,399.3299865722656,400.2699890136719,6285880
2026-03-16 15:25:00+00:00,400.2900085449219,400.57000732421875,399.7699890136719,400.1400146484375,0
2026-03-16 15:30:00+00:00,400.1570129394531,400.54998779296875,399.7699890136719,400.32989501953125,372557
2026-03-16 15:35:00+00:00,400.3299865722656,400.9800109863281,400.0400085449219,400.58990478515625,476811
2026-03-16 15:40:00+00:00,400.510009765625,400.9049987792969,400.2900085449219,400.5801086425781,275265
2026-03-16 15:45:00+00:00,400.6199951171875,400.94000244140625,400.19000244140625,400.8302001953125,352548
2026-03-16 15:50:00+00:00,400.82000732421875,400.8999938964844,400.07000732421875,400.4150085449219,6825900
2026-03-16 15:55:00+00:00,400.3999938964844,400.4700012207031,398.20001220703125,398.3299865722656,0
2026-03-16 16:00:00+00:00,398.32000732421875,398.3999938964844,397.6099853515625,397.8599853515625,680836
2026-03-16 16:05:00+00:00,397.8699951171875,398.79998779296875,397.8399963378906,398.3900146484375,528571
2026-03-16 16:10:00+00:00,398.3900146484375,398.5498962402344,397.6300048828125,398.20001220703125,407950
2026-03-16 16:15:00+00:00,398.1700134277344,398.3599853515625,397.29998779296875,397.3349914550781,444441
2026-03-16 16:20:00+00:00,397.29998779296875,397.7200012207031,396.5199890136719,396.8349914550781,619713
2026-03-16 16:25:00+00:00,396.82501220703125,397.1199951171875,396.489990234375,396.8782043457031,428921
2026-03-16 16:30:00+00:00,396.90301513671875,397.239990234375,396.45001220703125,396.94000244140625,441689
2026-03-16 16:35:00+00:00,396.9800109863281,397.2699890136719,396.7200012207031,397.239990234375,348477
2026-03-16 16:40:00+00:00,397.2200012207031,397.95001220703125,396.94000244140625,397.6600036621094,482901
2026-03-16 16:45:00+00:00,397.6415100097656,397.70001220703125,396.70001220703125,397.1099853515625,386792
2026-03-16 16:50:00+00:00,397.1401062011719,397.3900146484375,396.9010925292969,397.17999267578125,8504365
2026-03-16 16:55:00+00:00,397.2200012207031,397.42999267578125,396.79998779296875,397.4100036621094,0
2026-03-16 17:00:00+00:00,397.4100036621094,398.3399963378906,397.3450012207031,397.5220031738281,513910
2026-03-16 17:05:00+00:00,397.5649108886719,397.8900146484375,397.3399963378906,397.3760070800781,267910
2026-03-16 17:10:00+00:00,397.3900146484375,397.8500061035156,397.30999755859375,397.6416931152344,255172
2026-03-16 17:15:00+00:00,397.6199951171875,397.80999755859375,397.04998779296875,397.2379150390625,9036660
2026-03-16 17:20:00+00:00,397.25,397.54998779296875,397.1000061035156,397.2998962402344,0
2026-03-16 17:25:00+00:00,397.29998779296875,397.67999267578125,396.75,396.92010498046875,337140
2026-03-16 17:30:00+00:00,396.9200134277344,397.8299865722656,396.8999938964844,397.70001220703125,397009
2026-03-16 17:35:00+00:00,397.69000244140625,397.7898864746094,396.8599853515625,396.9700012207031,281989
2026-03-16 17:40:00+00:00,396.9798889160156,397.3599853515625,396.82000732421875,396.8599853515625,242565
2026-03-16 17:45:00+00:00,396.8800048828125,397.4200134277344,396.7799987792969,397.0050048828125,309148
2026-03-16 17:50:00+00:00,397.0,397.1099853515625,396.4200134277344,396.8500061035156,364471
2026-03-16 17:55:00+00:00,396.8699951171875,397.25,396.57000732421875,396.57000732421875,9854924
2026-03-16 18:00:00+00:00,396.5899963378906,397.6000061035156,396.5299987792969,397.5486145019531,0
2026-03-16 18:05:00+00:00,397.55999755859375,398.25,397.3301086425781,397.93389892578125,10093672
2026-03-16 18:10:00+00:00,397.9248046875,398.2900085449219,397.85009765625,397.9649963378906,0
2026-03-16 18:15:00+00:00,398.0,398.30999755859375,397.8299865722656,398.0660095214844,299327
2026-03-16 18:20:00+00:00,398.073486328125,398.2900085449219,397.9100036621094,398.114990234375,257035
2026-03-16 18:25:00+00:00,398.1000061035156,398.42999267578125,397.8800048828125,398.05999755859375,310235
2026-03-16 18:30:00+00:00,398.07000732421875,398.2409973144531,397.6400146484375,397.7900085449219,316461
2026-03-16 18:35:00+00:00,397.7900085449219,397.9700012207031,397.5,397.5299072265625,254270
2026-03-16 18:40:00+00:00,397.5000915527344,397.7900085449219,397.1199951171875,397.3799133300781,319106
2026-03-16 18:45:00+00:00,397.375,397.3999938964844,396.92999267578125,397.2049865722656,319181
2026-03-16 18:50:00+00:00,397.2200012207031,397.2200012207031,396.9200134277344,397.05999755859375,205633
2026-03-16 18:55:00+00:00,397.0350036621094,397.3699951171875,396.85009765625,397.0450134277344,322967
2026-03-16 19:00:00+00:00,397.04998779296875,397.6199951171875,396.92999267578125,397.6199951171875,394920
2026-03-16 19:05:00+00:00,397.614990234375,398.7200012207031,397.1499938964844,398.6700134277344,371086
2026-03-16 19:10:00+00:00,398.69000244140625,399.25,396.3999938964844,396.67999267578125,719652
2026-03-16 19:15:00+00:00,396.6600036621094,397.1499938964844,396.0,396.42999267578125,597495
2026-03-16 19:20:00+00:00,396.42999267578125,396.79998779296875,396.1300048828125,396.4800109863281,357587
2026-03-16 19:25:00+00:00,396.4599914550781,396.6700134277344,396.1199951171875,396.590087890625,352659
2026-03-16 19:30:00+00:00,396.5899963378906,396.760009765625,396.0,396.19000244140625,375766
2026-03-16 19:35:00+00:00,396.2099914550781,396.6499938964844,396.1300048828125,396.2650146484375,288976
2026-03-16 19:40:00+00:00,396.2699890136719,396.489990234375,395.20001220703125,395.2799987792969,479521
2026-03-16 19:45:00+00:00,395.2699890136719,395.8500061035156,395.2200012207031,395.7900085449219,427781
2026-03-16 19:50:00+00:00,395.8299865722656,395.8299865722656,394.4200134277344,395.04998779296875,742052
2026-03-16 19:55:00+00:00,395.0899963378906,395.8800048828125,395.03009033203125,395.489990234375,973959
2026-03-17 13:30:00+00:00,395.69000244140625,396.5899963378906,393.0,394.4872131347656,2080270
2026-03-17 13:35:00+00:00,394.4599914550781,396.2699890136719,394.42999267578125,396.260009765625,787208
2026-03-17 13:40:00+00:00,396.2200012207031,397.32000732421875,395.8999938964844,396.3926086425781,925815
2026-03-17 13:45:00+00:00,396.4798889160156,397.510009765625,395.92999267578125,396.840087890625,866220
2026-03-17 13:50:00+00:00,396.8699951171875,397.739013671875,395.6300048828125,397.135009765625,2647163
2026-03-17 13:55:00+00:00,397.1199951171875,398.0,397.1199951171875,397.7101135253906,0
2026-03-17 14:00:00+00:00,397.739990234375,398.29998779296875,396.4501037597656,397.2699890136719,875721
2026-03-17 14:05:00+00:00,397.27520751953125,398.32000732421875,396.9849853515625,398.010009765625,668738
2026-03-17 14:10:00+00:00,398.02880859375,398.17999267578125,397.29998779296875,397.4700012207031,564887
2026-03-17 14:15:00+00:00,397.510009765625,397.69000244140625,396.6499938964844,396.8599853515625,656679
2026-03-17 14:20:00+00:00,396.8399963378906,397.8999938964844,396.6400146484375,397.6199951171875,628956
2026-03-17 14:25:00+00:00,397.6000061035156,398.239990234375,397.135009765625,397.3949890136719,586960
2026-03-17 14:30:00+00:00,397.3700866699219,398.6400146484375,397.1000061035156,398.2300109863281,685954
2026-03-17 14:35:00+00:00,398.260009765625,399.1700134277344,397.9200134277344,398.1000061035156,3924485
2026-03-17 14:40:00+00:00,398.1180114746094,399.7398986816406,397.9200134277344,399.5199890136719,0
2026-03-17 14:45:00+00:00,399.5010070800781,400.1199951171875,399.19000244140625,399.9601135253906,726763
2026-03-17 14:50:00+00:00,399.9599914550781,400.0899963378906,399.19000244140625,399.45001220703125,4277308
2026-03-17 14:55:00+00:00,399.45001220703125,399.7200012207031,398.69000244140625,398.8851013183594,0
2026-03-17 15:00:00+00:00,398.875,399.3699951171875,398.70001220703125,398.82000732421875,436832
2026-03-17 15:05:00+00:00,398.8349914550781,399.1400146484375,397.7650146484375,398.0899963378906,544869
2026-03-17 15:10:00+00:00,398.0899963378906,398.7300109863281,397.8121032714844,397.968505859375,455384
2026-03-17 15:15:00+00:00,397.94500732421875,398.56500244140625,397.7099914550781,398.0799865722656,399842
2026-03-17 15:20:00+00:00,398.04998779296875,398.2392883300781,397.04998779296875,397.4800109863281,457191
2026-03-17 15:25:00+00:00,397.4601135253906,397.849609375,397.3631896972656,397.4280090332031,297243
2026-03-17 15:30:00+00:00,397.4599914550781,397.7200012207031,396.8599853515625,396.92498779296875,4881447
2026-03-17 15:35:00+00:00,396.94000244140625,397.1300048828125,395.75,396.2749938964844,0
2026-03-17 15:40:00+00:00,396.28399658203125,396.6000061035156,395.95001220703125,396.375,406862
2026-03-17 15:45:00+00:00,396.37908935546875,396.9057922363281,396.3299865722656,396.5379943847656,308570
2026-03-17 15:50:00+00:00,396.6499938964844,397.44000244140625,396.6499938964844,397.4197998046875,418479
2026-03-17 15:55:00+00:00,397.3900146484375,397.6700134277344,396.8999938964844,397.0899963378906,405196
2026-03-17 16:00:00+00:00,397.125,397.160400390625,396.42999267578125,396.5006103515625,302881
2026-03-17 16:05:00+00:00,396.55499267578125,396.9100036621094,395.8999938964844,396.5400085449219,330839
2026-03-17 16:10:00+00:00,396.5350036621094,397.0299987792969,396.29998779296875,396.6520080566406,333019
2026-03-17 16:15:00+00:00,396.69989013671875,397.489990234375,396.55999755859375,397.3900146484375,368913
2026-03-17 16:20:00+00:00,397.375,397.92999267578125,397.1300048828125,397.7200012207031,350015
2026-03-17 16:25:00+00:00,397.7304992675781,397.7304992675781,396.7023010253906,397.239990234375,302457
2026-03-17 16:30:00+00:00,397.260009765625,397.4700012207031,396.79998779296875,397.0199890136719,321246
2026-03-17 16:35:00+00:00,397.0498962402344,397.8699951171875,397.0150146484375,397.3800048828125,6002331
2026-03-17 16:40:00+00:00,397.3800048828125,397.8299865722656,396.864990234375,397.74029541015625,0
2026-03-17 16:45:00+00:00,397.7349853515625,397.8900146484375,397.05999755859375,397.06500244140625,274464
2026-03-17 16:50:00+00:00,397.06500244140625,397.7799987792969,397.04998779296875,397.5299987792969,273483
2026-03-17 16:55:00+00:00,397.5,397.7650146484375,397.19000244140625,397.3550109863281,233482
2026-03-17 17:00:00+00:00,397.3299865722656,397.8500061035156,397.30499267578125,397.7200012207031,247585
2026-03-17 17:05:00+00:00,397.7300109863281,398.489990234375,397.5400085449219,398.2650146484375,413009
2026-03-17 17:10:00+00:00,398.2699890136719,398.3999938964844,397.35009765625,397.44500732421875,302728
2026-03-17 17:15:00+00:00,397.4549865722656,397.4549865722656,397.04998779296875,397.2149963378906,264415
2026-03-17 17:20:00+00:00,397.2200012207031,397.6199035644531,396.8800048828125,397.4700012207031,292826
2026-03-17 17:25:00+00:00,397.510009765625,397.760009765625,397.2865905761719,397.70001220703125,223203
2026-03-17 17:30:00+00:00,397.69000244140625,398.3800048828125,397.57000732421875,398.2449951171875,393356
2026-03-17 17:35:00+00:00,398.2300109863281,398.7099914550781,398.1300048828125,398.6471862792969,344758
2026-03-17 17:40:00+00:00,398.6401062011719,398.67999267578125,398.1300048828125,398.260009765625,268317
2026-03-17 17:45:00+00:00,398.2799987792969,398.5299072265625,397.8900146484375,398.32000732421875,357038
2026-03-17 17:50:00+00:00,398.32000732421875,399.17999267578125,398.1000061035156,399.1099853515625,353728
2026-03-17 17:55:00+00:00,399.1300048828125,399.6299133300781,398.8299865722656,399.1960144042969,454156
2026-03-17 18:00:00+00:00,399.20001220703125,399.42999267578125,398.88189697265625,398.92999267578125,356219
2026-03-17 18:05:00+00:00,398.94000244140625,399.6050109863281,398.75,399.5840148925781,313990
2026-03-17 18:10:00+00:00,399.57000732421875,399.6400146484375,399.0899963378906,399.1860046386719,308948
2026-03-17 18:15:00+00:00,399.19000244140625,399.19000244140625,398.5,398.67498779296875,359253
2026-03-17 18:20:00+00:00,398.6820068359375,398.70001220703125,397.7699890136719,397.82598876953125,363310
2026-03-17 18:25:00+00:00,397.80999755859375,398.239990234375,397.80999755859375,398.0,292905
2026-03-17 18:30:00+00:00,397.9849853515625,398.2049865722656,397.79998779296875,398.010009765625,274405
2026-03-17 18:35:00+00:00,398.0220947265625,398.20001220703125,397.3900146484375,397.4800109863281,341249
2026-03-17 18:40:00+00:00,397.4779968261719,397.760009765625,397.1499938964844,397.20001220703125,336091
2026-03-17 18:45:00+00:00,397.20001220703125,397.9200134277344,397.17999267578125,397.82501220703125,273255
2026-03-17 18:50:00+00:00,397.80999755859375,398.0,397.44000244140625,397.8349914550781,327607
2026-03-17 18:55:00+00:00,397.8351135253906,397.8901062011719,397.5450134277344,397.79998779296875,203955
2026-03-17 19:00:00+00:00,397.8160095214844,398.4599914550781,397.7200927734375,398.30499267578125,371853
2026-03-17 19:05:00+00:00,398.29998779296875,398.5050048828125,397.9200134277344,398.2200012207031,8115366
2026-03-17 19:10:00+00:00,398.2698974609375,398.489990234375,398.07000732421875,398.18499755859375,0
2026-03-17 19:15:00+00:00,398.17010498046875,398.6099853515625,398.1300048828125,398.3900146484375,260010
2026-03-17 19:20:00+00:00,398.3800048828125,398.7799987792969,398.1600036621094,398.2950134277344,284626
2026-03-17 19:25:00+00:00,398.2950134277344,398.8800048828125,398.2099914550781,398.67999267578125,298245
2026-03-17 19:30:00+00:00,398.67999267578125,398.9599914550781,398.35009765625,398.4798889160156,285184
2026-03-17 19:35:00+00:00,398.4800109863281,398.8299865722656,398.3900146484375,398.44000244140625,256542
2026-03-17 19:40:00+00:00,398.4679870605469,398.57000732421875,398.2099914550781,398.3699951171875,336370
2026-03-17 19:45:00+00:00,398.3500061035156,398.92999267578125,398.3399963378906,398.8700866699219,351599
2026-03-17 19:50:00+00:00,398.94000244140625,399.2698974609375,397.75,399.010009765625,718197
2026-03-17 19:55:00+00:00,399.0,399.3500061035156,398.2900085449219,399.2200012207031,859051
2026-03-18 13:30:00+00:00,399.0,401.5398864746094,398.05999755859375,398.30999755859375,2743899
2026-03-18 13:35:00+00:00,398.385009765625,400.42999267578125,398.19000244140625,400.1440124511719,0
2026-03-18 13:40:00+00:00,400.1549987792969,401.9700012207031,399.8399963378906,401.85870361328125,1115913
2026-03-18 13:45:00+00:00,401.8599853515625,402.5799865722656,401.30999755859375,402.30999755859375,955887
2026-03-18 13:50:00+00:00,402.29998779296875,402.4200134277344,401.3699951171875,401.7699890136719,805833
2026-03-18 13:55:00+00:00,401.7799987792969,403.06500244140625,401.54998779296875,402.989990234375,861084
2026-03-18 14:00:00+00:00,402.9700012207031,403.05999755859375,400.55010986328125,401.4100036621094,966467
2026-03-18 14:05:00+00:00,401.44989013671875,402.0799865722656,400.75,401.7799987792969,555380
2026-03-18 14:10:00+00:00,401.7699890136719,401.7880859375,399.8269958496094,399.8399963378906,659462
2026-03-18 14:15:00+00:00,399.8500061035156,400.3500061035156,399.70001220703125,399.94000244140625,608133
2026-03-18 14:20:00+00:00,399.9100036621094,400.07000732421875,399.4700012207031,399.55499267578125,3884909
2026-03-18 14:25:00+00:00,399.55999755859375,399.6600036621094,397.57000732421875,397.8799133300781,0
2026-03-18 14:30:00+00:00,397.8659973144531,398.6400146484375,397.70001220703125,398.1300048828125,642212
2026-03-18 14:35:00+00:00,398.13800048828125,398.4599914550781,397.8500061035156,398.1499938964844,438433
2026-03-18 14:40:00+00:00,398.1700134277344,398.4200134277344,397.79998779296875,398.1600036621094,420282
2026-03-18 14:45:00+00:00,398.1499938964844,398.59991455078125,397.8299865722656,398.0899963378906,4650792
2026-03-18 14:50:00+00:00,398.07000732421875,398.3500061035156,397.8200988769531,398.0050048828125,0
2026-03-18 14:55:00+00:00,397.9584045410156,398.46990966796875,397.6099853515625,398.45001220703125,500249
2026-03-18 15:00:00+00:00,398.4599914550781,398.909912109375,397.85009765625,398.6300048828125,557433
2026-03-18 15:05:00+00:00,398.6000061035156,399.7550048828125,398.53009033203125,399.74859619140625,551480
2026-03-18 15:10:00+00:00,399.7300109863281,399.79998779296875,398.5400085449219,398.70330810546875,467194
2026-03-18 15:15:00+00:00,398.739990234375,399.15069580078125,398.07000732421875,398.1700134277344,343724
2026-03-18 15:20:00+00:00,398.1809997558594,398.3599853515625,397.3399963378906,397.9100036621094,5595344
2026-03-18 15:25:00+00:00,397.9200134277344,398.05120849609375,397.6099853515625,397.69000244140625,0
2026-03-18 15:30:00+00:00,397.6199951171875,398.239990234375,397.4100036621094,397.95001220703125,417924
2026-03-18 15:35:00+00:00,397.9800109863281,398.0299987792969,397.55999755859375,397.82000732421875,5771078
2026-03-18 15:40:00+00:00,397.8450012207031,398.07000732421875,397.4599914550781,398.0293884277344,443342
2026-03-18 15:45:00+00:00,398.0199890136719,398.1700134277344,397.4219970703125,397.55999755859375,0
2026-03-18 15:50:00+00:00,397.5350036621094,398.1788024902344,397.4800109863281,398.1310119628906,295250
2026-03-18 15:55:00+00:00,398.14129638671875,398.5,397.95001220703125,398.2099914550781,337487
2026-03-18 16:00:00+00:00,398.20599365234375,398.2300109863281,397.510009765625,397.79998779296875,6285145
2026-03-18 16:05:00+00:00,397.7950134277344,398.0,397.54998779296875,397.8599853515625,0
2026-03-18 16:10:00+00:00,397.8699951171875,398.4195861816406,397.610107421875,398.1199951171875,6385093
2026-03-18 16:15:00+00:00,398.1300048828125,398.2297058105469,397.760009765625,398.2297058105469,0
2026-03-18 16:20:00+00:00,398.20050048828125,398.6600036621094,398.1451110839844,398.2250061035156,571785
2026-03-18 16:25:00+00:00,398.20001220703125,398.25,397.8500061035156,397.8500061035156,220955
2026-03-18 16:30:00+00:00,397.840087890625,398.239990234375,397.27520751953125,397.3999938964844,378172
2026-03-18 16:35:00+00:00,397.3699951171875,397.6099853515625,396.76568603515625,397.5199890136719,454899
2026-03-18 16:40:00+00:00,397.54998779296875,397.67999267578125,397.29998779296875,397.4599914550781,240614
2026-03-18 16:45:00+00:00,397.4798889160156,397.489990234375,397.05999755859375,397.2349853515625,282861
2026-03-18 16:50:00+00:00,397.2349853515625,397.9800109863281,397.1199951171875,397.8230895996094,237203
2026-03-18 16:55:00+00:00,397.80999755859375,397.8900146484375,397.3599853515625,397.44000244140625,234066
2026-03-18 17:00:00+00:00,397.3999938964844,397.5400085449219,396.8399963378906,397.2099914550781,264243
2026-03-18 17:05:00+00:00,397.2099914550781,397.5,396.9200134277344,397.0450134277344,253847
2026-03-18 17:10:00+00:00,397.05999755859375,397.0899963378906,396.20001220703125,396.8800048828125,325144
2026-03-18 17:15:00+00:00,396.8599853515625,396.92999267578125,396.54998779296875,396.67498779296875,205091
2026-03-18 17:20:00+00:00,396.70001220703125,397.07000732421875,396.6000061035156,397.05499267578125,216528
2026-03-18 17:25:00+00:00,397.0400085449219,397.2300109863281,396.860107421875,397.1700134277344,169554
2026-03-18 17:30:00+00:00,397.17999267578125,397.42999267578125,397.0,397.2980041503906,237434
2026-03-18 17:35:00+00:00,397.30999755859375,398.0400085449219,397.30499267578125,397.77899169921875,288187
2026-03-18 17:40:00+00:00,397.78509521484375,397.78509521484375,397.1600036621094,397.32501220703125,7946438
2026-03-18 17:45:00+00:00,397.29998779296875,398.05999755859375,397.29998779296875,397.5899963378906,0
2026-03-18 17:50:00+00:00,397.54998779296875,397.79998779296875,397.30999755859375,397.7650146484375,8051076
2026-03-18 17:55:00+00:00,397.82000732421875,397.8500061035156,397.4100036621094,397.6809997558594,0
2026-03-18 18:00:00+00:00,397.7221984863281,398.54998779296875,397.6600036621094,398.3901062011719,459764
2026-03-18 18:05:00+00:00,398.3999938964844,398.4100036621094,397.80999755859375,397.8599853515625,269027
2026-03-18 18:10:00+00:00,397.89410400390625,398.0719909667969,397.2900085449219,397.4729919433594,381026
2026-03-18 18:15:00+00:00,397.4999084472656,397.510009765625,396.45001220703125,397.010009765625,466930
2026-03-18 18:20:00+00:00,397.0299987792969,397.1799011230469,396.67999267578125,396.8999938964844,288190
2026-03-18 18:25:00+00:00,396.8599853515625,397.32000732421875,396.739990234375,397.2349853515625,277795
2026-03-18 18:30:00+00:00,397.19000244140625,397.3500061035156,395.9200134277344,395.94940185546875,441365
2026-03-18 18:35:00+00:00,395.9800109863281,397.5799865722656,395.8599853515625,396.43499755859375,521398
2026-03-18 18:40:00+00:00,396.4599914550781,397.17999267578125,396.1499938964844,396.7850036621094,395044
2026-03-18 18:45:00+00:00,396.77398681640625,396.8599853515625,396.45001220703125,396.4732971191406,265176
2026-03-18 18:50:00+00:00,396.45001220703125,396.5199890136719,395.1600036621094,395.4200134277344,560867
2026-03-18 18:55:00+00:00,395.4599914550781,395.7099914550781,394.8999938964844,394.9800109863281,560031
2026-03-18 19:00:00+00:00,394.989990234375,395.69000244140625,394.69000244140625,395.6593933105469,529521
2026-03-18 19:05:00+00:00,395.6300048828125,395.94000244140625,395.2799987792969,395.8500061035156,450843
2026-03-18 19:10:00+00:00,395.8399963378906,395.8953857421875,395.3492126464844,395.6000061035156,328581
2026-03-18 19:15:00+00:00,395.5899963378906,395.6700134277344,394.80999755859375,394.82501220703125,347837
2026-03-18 19:20:00+00:00,394.82000732421875,395.0799865722656,394.1600036621094,394.3299865722656,510642
2026-03-18 19:25:00+00:00,394.3500061035156,394.8800048828125,394.1969909667969,394.6789855957031,369568
2026-03-18 19:30:00+00:00,394.67999267578125,394.8500061035156,393.8900146484375,394.3599853515625,497277
2026-03-18 19:35:00+00:00,394.3599853515625,394.3800048828125,393.8500061035156,393.989990234375,338929
2026-03-18 19:40:00+00:00,394.0,394.1400146484375,393.29998779296875,393.5400085449219,481283
2026-03-18 19:45:00+00:00,393.54998779296875,393.57000732421875,392.70001220703125,393.1400146484375,678157
2026-03-18 19:50:00+00:00,393.1499938964844,393.3699951171875,392.5299987792969,392.57000732421875,672431
2026-03-18 19:55:00+00:00,392.55999755859375,392.8999938964844,392.30999755859375,392.8500061035156,1057503
2026-03-19 13:30:00+00:00,387.2049865722656,387.2049865722656,380.6499938964844,381.69000244140625,5529984
2026-03-19 13:35:00+00:00,381.69000244140625,381.9100036621094,379.72320556640625,381.81500244140625,0
2026-03-19 13:40:00+00:00,381.7900085449219,383.2900085449219,380.8800048828125,382.82000732421875,1343796
2026-03-19 13:45:00+00:00,382.875,383.010009765625,381.45001220703125,382.9700012207031,853478
2026-03-19 13:50:00+00:00,382.8900146484375,384.21990966796875,382.82000732421875,384.04998779296875,948055
2026-03-19 13:55:00+00:00,384.04998779296875,384.0849914550781,382.0899963378906,383.0899963378906,710614
2026-03-19 14:00:00+00:00,383.0799865722656,383.989990234375,382.760009765625,383.1099853515625,4712087
2026-03-19 14:05:00+00:00,383.1199951171875,383.94000244140625,382.8299865722656,383.0799865722656,0
2026-03-19 14:10:00+00:00,383.07000732421875,384.1499938964844,382.55999755859375,383.20989990234375,839567
2026-03-19 14:15:00+00:00,383.19000244140625,383.5494079589844,381.7699890136719,382.05999755859375,750080
2026-03-19 14:20:00+00:00,382.05499267578125,382.1199951171875,379.79400634765625,380.1300048828125,1115421
2026-03-19 14:25:00+00:00,380.1499938964844,381.05999755859375,380.1000061035156,380.6499938964844,770193
2026-03-19 14:30:00+00:00,380.6400146484375,382.2799987792969,380.5199890136719,382.1099853515625,953017
2026-03-19 14:35:00+00:00,382.1400146484375,382.7099914550781,380.82000732421875,381.1499938964844,724642
2026-03-19 14:40:00+00:00,381.18939208984375,382.2300109863281,381.0,381.25799560546875,689401
2026-03-19 14:45:00+00:00,381.2950134277344,381.3900146484375,380.32000732421875,381.114990234375,617164
2026-03-19 14:50:00+00:00,381.1099853515625,381.44000244140625,380.4200134277344,380.7900085449219,614711
2026-03-19 14:55:00+00:00,380.7900085449219,381.70001220703125,380.239990234375,381.3450927734375,567880
2026-03-19 15:00:00+00:00,381.32000732421875,382.7872009277344,381.32000732421875,382.760009765625,654541
2026-03-19 15:05:00+00:00,382.7650146484375,383.92999267578125,382.60009765625,383.70001220703125,728976
2026-03-19 15:10:00+00:00,383.7200012207031,384.0799865722656,383.29998779296875,383.80999755859375,520434
2026-03-19 15:15:00+00:00,383.80999755859375,384.2200012207031,382.79010009765625,382.8999938964844,587370
2026-03-19 15:20:00+00:00,382.92999267578125,383.1499938964844,382.25,382.3599853515625,502804
2026-03-19 15:25:00+00:00,382.3599853515625,383.1698913574219,382.1499938964844,383.0199890136719,459995
2026-03-19 15:30:00+00:00,383.05999755859375,383.0801086425781,382.2439880371094,382.2879943847656,402121
2026-03-19 15:35:00+00:00,382.2699890136719,382.6099853515625,381.6600036621094,382.0199890136719,438385
2026-03-19 15:40:00+00:00,382.0400085449219,382.1700134277344,381.3500061035156,381.35699462890625,450912
2026-03-19 15:45:00+00:00,381.3500061035156,381.6600036621094,380.82000732421875,381.3800964355469,506930
2026-03-19 15:50:00+00:00,381.3900146484375,381.989990234375,381.17010498046875,381.3699951171875,393149
2026-03-19 15:55:00+00:00,381.3800048828125,382.3900146484375,381.260009765625,382.1993103027344,540004
2026-03-19 16:00:00+00:00,382.17999267578125,383.46978759765625,381.7799987792969,383.0849914550781,550982
2026-03-19 16:05:00+00:00,383.1000061035156,383.6499938964844,382.9200134277344,383.06048583984375,402338
2026-03-19 16:10:00+00:00,383.0899963378906,383.1099853515625,382.2401123046875,382.5799865722656,411007
2026-03-19 16:15:00+00:00,382.57000732421875,382.7099914550781,381.8399963378906,382.0199890136719,353652
2026-03-19 16:20:00+00:00,381.94500732421875,382.2200012207031,381.610107421875,381.7250061035156,336863
2026-03-19 16:25:00+00:00,381.7349853515625,382.1300048828125,381.6499938964844,381.8800048828125,255036
2026-03-19 16:30:00+00:00,381.9100036621094,382.25,381.6600036621094,381.82000732421875,346022
2026-03-19 16:35:00+00:00,381.79998779296875,381.8135986328125,381.1199951171875,381.60009765625,419699
2026-03-19 16:40:00+00:00,381.6299133300781,382.6300048828125,381.5899963378906,382.0199890136719,453528
2026-03-19 16:45:00+00:00,382.0101013183594,382.33880615234375,381.8399963378906,382.1000061035156,282396
2026-03-19 16:50:00+00:00,382.1099853515625,382.1099853515625,380.8599853515625,381.1919860839844,10525557
2026-03-19 16:55:00+00:00,381.19000244140625,382.4912109375,381.0700988769531,382.2900085449219,0
2026-03-19 17:00:00+00:00,382.29998779296875,382.45001220703125,381.3450012207031,381.3598937988281,260951
2026-03-19 17:05:00+00:00,381.3299865722656,381.489990234375,380.32000732421875,380.38861083984375,498004
2026-03-19 17:10:00+00:00,380.375,380.9100036621094,380.20001220703125,380.57000732421875,364387
2026-03-19 17:15:00+00:00,380.5419921875,381.3299865722656,380.239990234375,381.1709899902344,331719
2026-03-19 17:20:00+00:00,381.1449890136719,381.8999938964844,380.82000732421875,381.70001220703125,389609
2026-03-19 17:25:00+00:00,381.7099914550781,381.8800048828125,381.44000244140625,381.6400146484375,238548
2026-03-19 17:30:00+00:00,381.6451110839844,382.07000732421875,381.0600891113281,381.19500732421875,302562
2026-03-19 17:35:00+00:00,381.17999267578125,381.42999267578125,380.70001220703125,380.7200012207031,277153
2026-03-19 17:40:00+00:00,380.7330017089844,381.1300048828125,380.6239929199219,380.92999267578125,275448
2026-03-19 17:45:00+00:00,380.93499755859375,381.0400085449219,380.6499938964844,380.9599914550781,228077
2026-03-19 17:50:00+00:00,380.9800109863281,382.2398986816406,380.94000244140625,382.0450134277344,361609
2026-03-19 17:55:00+00:00,382.0,382.0,381.4400939941406,381.4599914550781,267078
2026-03-19 18:00:00+00:00,381.4599914550781,381.489990234375,380.8999938964844,380.9501037597656,243960
2026-03-19 18:05:00+00:00,380.95001220703125,381.885009765625,380.92010498046875,381.7250061035156,339453
2026-03-19 18:10:00+00:00,381.7099914550781,382.8999938964844,381.7099914550781,382.5950012207031,463746
2026-03-19 18:15:00+00:00,382.6000061035156,382.79998779296875,381.9200134277344,382.31500244140625,301054
2026-03-19 18:20:00+00:00,382.30010986328125,382.6600036621094,382.0,382.06719970703125,278985
2026-03-19 18:25:00+00:00,382.05999755859375,382.239990234375,381.3999938964844,381.4200134277344,423787
2026-03-19 18:30:00+00:00,381.4200134277344,381.79998779296875,381.20001220703125,381.5,337867
2026-03-19 18:35:00+00:00,381.5150146484375,381.6799011230469,380.79998779296875,380.8800048828125,444303
2026-03-19 18:40:00+00:00,380.8999938964844,381.0799865722656,380.260009765625,380.3299865722656,429762
2026-03-19 18:45:00+00:00,380.32000732421875,380.3424987792969,378.79998779296875,378.9800109863281,1038386
2026-03-19 18:50:00+00:00,378.9700012207031,379.5899963378906,378.7300109863281,379.5,583119
2026-03-19 18:55:00+00:00,379.489990234375,381.3500061035156,379.3299865722656,381.19989013671875,828445
2026-03-19 19:00:00+00:00,381.20001220703125,382.9800109863281,381.05999755859375,382.7749938964844,753479
2026-03-19 19:05:00+00:00,382.7900085449219,384.95001220703125,382.739990234375,383.82000732421875,1105972
2026-03-19 19:10:00+00:00,383.82000732421875,384.89990234375,383.25,384.1549987792969,721368
2026-03-19 19:15:00+00:00,384.1499938964844,384.3399963378906,383.23699951171875,384.0450134277344,494774
2026-03-19 19:20:00+00:00,384.0799865722656,384.1499938964844,383.04998779296875,383.0799865722656,364276
2026-03-19 19:25:00+00:00,383.04998779296875,383.1499938964844,382.18060302734375,382.6600036621094,500405
2026-03-19 19:30:00+00:00,382.67999267578125,382.8599853515625,382.1700134277344,382.20001220703125,421186
2026-03-19 19:35:00+00:00,382.239990234375,382.42999267578125,381.20001220703125,382.364990234375,505237
2026-03-19 19:40:00+00:00,382.3699951171875,382.5498962402344,381.8599853515625,382.07501220703125,365905
2026-03-19 19:45:00+00:00,382.04998779296875,382.6050109863281,381.6708984375,382.17498779296875,422525
2026-03-19 19:50:00+00:00,382.1600036621094,382.67999267578125,380.6000061035156,380.8299865722656,1112524
2026-03-19 19:55:00+00:00,380.8399963378906,381.1600036621094,380.04998779296875,380.239990234375,1349373
2026-03-20 13:30:00+00:00,379.3900146484375,379.8900146484375,374.360107421875,374.625,6260368
2026-03-20 13:35:00+00:00,374.6099853515625,374.7900085449219,373.33160400390625,374.29998779296875,1771766
2026-03-20 13:40:00+00:00,374.27301025390625,375.4800109863281,374.0299987792969,374.8900146484375,1337548
2026-03-20 13:45:00+00:00,374.8699951171875,376.20001220703125,374.7001037597656,375.6950988769531,1279673
2026-03-20 13:50:00+00:00,375.6499938964844,375.7799987792969,371.95001220703125,372.7080993652344,1943384
2026-03-20 13:55:00+00:00,372.7149963378906,372.869384765625,370.739990234375,371.1700134277344,1550975
2026-03-20 14:00:00+00:00,371.18499755859375,372.1300048828125,370.8999938964844,371.68499755859375,1371307
2026-03-20 14:05:00+00:00,371.70001220703125,372.1700134277344,369.8999938964844,371.43280029296875,1806767
2026-03-20 14:10:00+00:00,371.4599914550781,371.5400085449219,370.010009765625,370.69000244140625,1091619
2026-03-20 14:15:00+00:00,370.7327880859375,372.1000061035156,370.4800109863281,371.7749938964844,1023099
2026-03-20 14:20:00+00:00,371.7799987792969,372.8800048828125,371.5299987792969,372.43499755859375,915337
2026-03-20 14:25:00+00:00,372.4100036621094,372.79998779296875,372.0799865722656,372.3500061035156,734572
2026-03-20 14:30:00+00:00,372.3301086425781,373.55999755859375,372.3301086425781,372.8399963378906,996663
2026-03-20 14:35:00+00:00,372.8900146484375,373.44000244140625,372.0,373.0400085449219,932349
2026-03-20 14:40:00+00:00,373.0188903808594,373.5400085449219,372.6400146484375,373.1300048828125,736908
2026-03-20 14:45:00+00:00,373.04010009765625,373.6299133300781,372.55999755859375,373.4200134277344,708809
2026-03-20 14:50:00+00:00,373.4200134277344,373.57000732421875,371.8900146484375,372.125,780654
2026-03-20 14:55:00+00:00,372.1199951171875,373.739990234375,372.1099853515625,372.8500061035156,781206
2026-03-20 15:00:00+00:00,372.864990234375,373.79998779296875,372.5899963378906,373.1050109863281,1470291
2026-03-20 15:05:00+00:00,373.1050109863281,373.67999267578125,373.0450134277344,373.5199890136719,622123
2026-03-20 15:10:00+00:00,373.55999755859375,375.05999755859375,373.4599914550781,374.8999938964844,939451
2026-03-20 15:15:00+00:00,374.8900146484375,375.1300048828125,374.3399963378906,374.5799865722656,706813
2026-03-20 15:20:00+00:00,374.5799865722656,376.06500244140625,374.20001220703125,374.3399963378906,866054
2026-03-20 15:25:00+00:00,374.3399963378906,374.75,374.1300048828125,374.4901123046875,572015
2026-03-20 15:30:00+00:00,374.4800109863281,375.3999938964844,374.25,375.19000244140625,554674
2026-03-20 15:35:00+00:00,375.1600036621094,375.30999755859375,374.6365966796875,374.7149963378906,549804
2026-03-20 15:40:00+00:00,374.71240234375,375.1700134277344,374.5400085449219,374.8800048828125,411008
2026-03-20 15:45:00+00:00,374.8599853515625,375.44000244140625,374.6300048828125,375.2699890136719,428971
2026-03-20 15:50:00+00:00,375.260009765625,375.79998779296875,374.8299865722656,375.7300109863281,522014
2026-03-20 15:55:00+00:00,375.75,376.07000732421875,375.55999755859375,375.78900146484375,528829
2026-03-20 16:00:00+00:00,375.6400146484375,376.6400146484375,375.6050109863281,376.54998779296875,643093
2026-03-20 16:05:00+00:00,376.5715026855469,376.57501220703125,375.4800109863281,375.95001220703125,613334
2026-03-20 16:10:00+00:00,375.8900146484375,376.5400085449219,375.7301025390625,375.8699951171875,527151
2026-03-20 16:15:00+00:00,375.92999267578125,376.67999267578125,375.7099914550781,376.4800109863281,585315
2026-03-20 16:20:00+00:00,376.4800109863281,376.9599914550781,376.3800048828125,376.67999267578125,556294
2026-03-20 16:25:00+00:00,376.69000244140625,376.82000732421875,376.239990234375,376.4800109863281,613296
2026-03-20 16:30:00+00:00,376.5,376.5299987792969,375.0,375.2569885253906,892025
2026-03-20 16:35:00+00:00,375.2699890136719,375.45001220703125,374.44000244140625,374.6300048828125,653706
2026-03-20 16:40:00+00:00,374.5899963378906,374.94000244140625,374.4599914550781,374.4800109863281,459982
2026-03-20 16:45:00+00:00,374.4800109863281,374.69000244140625,373.82000732421875,373.989990234375,622076
2026-03-20 16:50:00+00:00,374.0,374.2699890136719,373.6199951171875,374.1180114746094,560057
2026-03-20 16:55:00+00:00,374.0799865722656,375.0899963378906,374.010009765625,374.6400146484375,522927
2026-03-20 17:00:00+00:00,374.6099853515625,375.1199951171875,374.2799987792969,374.69000244140625,516390
2026-03-20 17:05:00+00:00,374.69500732421875,374.8599853515625,373.3306884765625,374.1650085449219,619326
2026-03-20 17:10:00+00:00,374.17999267578125,374.37969970703125,373.8900146484375,374.1400146484375,336982
2026-03-20 17:15:00+00:00,374.1499938964844,374.4100036621094,373.7301025390625,373.8800048828125,362240
2026-03-20 17:20:00+00:00,373.885009765625,373.9999084472656,373.5451965332031,373.59051513671875,340323
2026-03-20 17:25:00+00:00,373.59100341796875,373.60150146484375,372.6900939941406,372.8599853515625,531531
2026-03-20 17:30:00+00:00,372.87969970703125,373.1099853515625,372.05999755859375,372.260009765625,631269
2026-03-20 17:35:00+00:00,372.2799987792969,372.5,371.42999267578125,371.6966857910156,707164
2026-03-20 17:40:00+00:00,371.69000244140625,371.83990478515625,371.1600036621094,371.5199890136719,489288
2026-03-20 17:45:00+00:00,371.57000732421875,371.8599853515625,371.44000244140625,371.6099853515625,496172
2026-03-20 17:50:00+00:00,371.6000061035156,371.989990234375,371.4400939941406,371.739990234375,451004
2026-03-20 17:55:00+00:00,371.739990234375,372.07000732421875,371.5799865722656,371.81500244140625,410658
2026-03-20 18:00:00+00:00,371.8800048828125,371.95001220703125,370.55999755859375,370.5715026855469,793109
2026-03-20 18:05:00+00:00,370.6000061035156,371.05999755859375,370.3299865722656,370.8450012207031,657758
2026-03-20 18:10:00+00:00,370.8299865722656,370.8599853515625,370.20001220703125,370.7449951171875,537885
2026-03-20 18:15:00+00:00,370.7550048828125,370.8500061035156,370.360107421875,370.760009765625,377999
2026-03-20 18:20:00+00:00,370.7699890136719,371.1199951171875,369.0705871582031,369.29998779296875,1245205
2026-03-20 18:25:00+00:00,369.2799987792969,369.8699951171875,369.2699890136719,369.69500732421875,568055
2026-03-20 18:30:00+00:00,369.6600036621094,370.19000244140625,369.1000061035156,369.44000244140625,653146
2026-03-20 18:35:00+00:00,369.45001220703125,369.5198974609375,368.3699951171875,368.6600036621094,854126
2026-03-20 18:40:00+00:00,368.67999267578125,368.9630126953125,368.07000732421875,368.2300109863281,592929
2026-03-20 18:45:00+00:00,368.20001220703125,368.5199890136719,367.7349853515625,368.260009765625,795753
2026-03-20 18:50:00+00:00,368.239990234375,368.4884033203125,367.8999938964844,368.14898681640625,664272
2026-03-20 18:55:00+00:00,368.1199951171875,368.3999938964844,367.8599853515625,368.2799072265625,559649
2026-03-20 19:00:00+00:00,368.2799987792969,368.7099914550781,367.5,367.7250061035156,618883
2026-03-20 19:05:00+00:00,367.739990234375,367.739990234375,367.010009765625,367.4649963378906,692538
2026-03-20 19:10:00+00:00,367.4700012207031,367.55999755859375,366.7900085449219,367.0,771367
2026-03-20 19:15:00+00:00,366.9700012207031,367.42999267578125,366.6600036621094,367.2799987792969,715366
2026-03-20 19:20:00+00:00,367.2900085449219,367.2900085449219,365.79998779296875,366.0,878059
2026-03-20 19:25:00+00:00,366.0,366.5199890136719,365.94000244140625,366.1899108886719,781445
2026-03-20 19:30:00+00:00,366.19000244140625,366.4599914550781,365.6499938964844,365.7398986816406,1352108
2026-03-20 19:35:00+00:00,365.68341064453125,365.739990234375,364.4601135253906,365.05999755859375,1728499
2026-03-20 19:40:00+00:00,365.05999755859375,365.8500061035156,364.7699890136719,365.80010986328125,1113008
2026-03-20 19:45:00+00:00,365.7510070800781,365.8500061035156,364.7300109863281,365.5050048828125,1079283
2026-03-20 19:50:00+00:00,365.5199890136719,367.8699951171875,365.1199951171875,367.67999267578125,1533343
2026-03-20 19:55:00+00:00,367.70001220703125,368.07000732421875,367.45001220703125,367.9700012207031,2538305
2026-03-23 13:30:00+00:00,373.0849914550781,377.1400146484375,372.7300109863281,375.6600036621094,7721480
2026-03-23 13:35:00+00:00,375.7300109863281,380.2300109863281,375.6199951171875,380.2200012207031,2392707
2026-03-23 13:40:00+00:00,380.2200012207031,381.5199890136719,379.1499938964844,379.5400085449219,2293686
2026-03-23 13:45:00+00:00,379.510009765625,381.6300048828125,379.2349853515625,381.3800048828125,1743997
2026-03-23 13:50:00+00:00,381.3999938964844,382.3900146484375,381.3275146484375,381.8399963378906,1548205
2026-03-23 13:55:00+00:00,381.80999755859375,382.010009765625,380.95098876953125,381.8699951171875,1206662
2026-03-23 14:00:00+00:00,381.9100036621094,381.9800109863281,380.6700134277344,381.3800048828125,1172432
2026-03-23 14:05:00+00:00,381.3999938964844,382.0,380.8399963378906,381.69000244140625,1280827
2026-03-23 14:10:00+00:00,381.69000244140625,383.0400085449219,381.489990234375,382.4200134277344,1417845
2026-03-23 14:15:00+00:00,382.4599914550781,383.1000061035156,382.2850036621094,382.7900085449219,1017061
2026-03-23 14:20:00+00:00,382.7799987792969,384.0,382.45001220703125,383.67999267578125,1198303
2026-03-23 14:25:00+00:00,383.67999267578125,383.8999938964844,382.8800048828125,383.3609924316406,1065430
2026-03-23 14:30:00+00:00,383.3800048828125,383.8999938964844,382.3100891113281,383.580810546875,1027162
2026-03-23 14:35:00+00:00,383.5799865722656,384.1400146484375,382.8100891113281,383.57000732421875,1017284
2026-03-23 14:40:00+00:00,383.57000732421875,383.7300109863281,382.9200134277344,383.09991455078125,687518
2026-03-23 14:45:00+00:00,383.05999755859375,384.6499938964844,382.760009765625,384.135009765625,1137242
2026-03-23 14:50:00+00:00,384.1400146484375,384.1400146484375,382.8500061035156,383.5199890136719,820020
2026-03-23 14:55:00+00:00,383.5400085449219,383.7799987792969,382.88031005859375,383.4200134277344,752138
2026-03-23 15:00:00+00:00,383.4100036621094,384.8900146484375,383.260009765625,384.79998779296875,1018981
2026-03-23 15:05:00+00:00,384.79998779296875,385.3299865722656,384.46978759765625,385.1700134277344,1047634
2026-03-23 15:10:00+00:00,385.17498779296875,385.2200012207031,384.29998779296875,384.5050048828125,734231
2026-03-23 15:15:00+00:00,384.4997863769531,384.67999267578125,383.54998779296875,383.70989990234375,698278
2026-03-23 15:20:00+00:00,383.70989990234375,384.1000061035156,382.92999267578125,384.0,801845
2026-03-23 15:25:00+00:00,384.010986328125,384.0899963378906,383.29010009765625,383.4700012207031,603900
2026-03-23 15:30:00+00:00,383.5,383.8800048828125,382.7699890136719,382.9450988769531,626630
2026-03-23 15:35:00+00:00,382.92999267578125,383.0299987792969,381.95928955078125,381.9750061035156,1114398
2026-03-23 15:40:00+00:00,381.9750061035156,382.0400085449219,380.6109924316406,381.19500732421875,1210110
2026-03-23 15:45:00+00:00,381.20001220703125,381.2099914550781,380.3999938964844,380.875,825512
2026-03-23 15:50:00+00:00,380.8599853515625,381.20001220703125,379.44000244140625,379.489990234375,1138885
2026-03-23 15:55:00+00:00,379.5,379.6000061035156,378.03009033203125,378.19000244140625,1319555
2026-03-23 16:00:00+00:00,378.20001220703125,378.8794860839844,378.0799865722656,378.3399963378906,1103732
2026-03-23 16:05:00+00:00,378.32000732421875,379.92999267578125,378.1499938964844,379.6300048828125,925413
2026-03-23 16:10:00+00:00,379.6199951171875,380.4700012207031,379.3999938964844,380.0,690586
2026-03-23 16:15:00+00:00,379.9700012207031,380.29998779296875,378.8599853515625,379.0299987792969,603499
2026-03-23 16:20:00+00:00,379.0400085449219,379.139892578125,378.17010498046875,378.6600036621094,599001
2026-03-23 16:25:00+00:00,378.6499938964844,378.69000244140625,377.3070068359375,377.3900146484375,763113
2026-03-23 16:30:00+00:00,377.3599853515625,378.4599914550781,377.32000732421875,378.45001220703125,1002925
2026-03-23 16:35:00+00:00,378.45001220703125,379.0,377.8500061035156,377.9549865722656,589394
2026-03-23 16:40:00+00:00,377.93499755859375,378.5899963378906,377.9200134277344,378.45001220703125,483365
2026-03-23 16:45:00+00:00,378.4599914550781,379.3500061035156,378.1000061035156,379.19500732421875,545176
2026-03-23 16:50:00+00:00,379.2200012207031,379.5400085449219,378.552001953125,378.93499755859375,475351
2026-03-23 16:55:00+00:00,378.95001220703125,379.0899963378906,378.010009765625,378.31500244140625,396867
2026-03-23 17:00:00+00:00,378.3399963378906,378.85980224609375,377.93499755859375,378.0199890136719,438224
2026-03-23 17:05:00+00:00,378.04998779296875,378.4800109863281,377.5299987792969,378.3599853515625,540135
2026-03-23 17:10:00+00:00,378.3550109863281,378.6000061035156,377.42999267578125,377.4949951171875,409459
2026-03-23 17:15:00+00:00,377.4800109863281,377.70001220703125,376.75,376.9200134277344,681026
2026-03-23 17:20:00+00:00,376.8999938964844,377.45001220703125,376.4700012207031,377.2799987792969,594594
2026-03-23 17:25:00+00:00,377.25,378.17999267578125,377.1600036621094,377.5899963378906,487394
2026-03-23 17:30:00+00:00,377.6700134277344,379.4649963378906,377.5899963378906,379.2799072265625,613353
2026-03-23 17:35:00+00:00,379.2900085449219,380.9195861816406,379.239990234375,380.0350036621094,873251
2026-03-23 17:40:00+00:00,380.0,380.0,378.8699951171875,378.9800109863281,548583
2026-03-23 17:45:00+00:00,378.9700012207031,379.30999755859375,378.82000732421875,379.260009765625,361798
2026-03-23 17:50:00+00:00,379.260009765625,380.3399963378906,379.1400146484375,380.2049865722656,498287
2026-03-23 17:55:00+00:00,380.19000244140625,380.3399963378906,379.94000244140625,380.260009765625,428003
2026-03-23 18:00:00+00:00,380.2699890136719,380.760009765625,380.0,380.6199951171875,485736
2026-03-23 18:05:00+00:00,380.614990234375,380.6400146484375,379.4100036621094,379.898193359375,631450
2026-03-23 18:10:00+00:00,379.8699951171875,380.4200134277344,379.8699951171875,380.0299987792969,355537
2026-03-23 18:15:00+00:00,379.95001220703125,380.1600036621094,379.29998779296875,379.5050048828125,471422
2026-03-23 18:20:00+00:00,379.510009765625,380.2998962402344,379.4200134277344,380.1401062011719,440937
2026-03-23 18:25:00+00:00,380.1400146484375,380.2200012207031,379.6400146484375,379.70001220703125,456884
2026-03-23 18:30:00+00:00,379.70001220703125,380.79998779296875,379.5799865722656,380.7850036621094,529557
2026-03-23 18:35:00+00:00,380.7850036621094,381.5851135253906,380.7850036621094,381.3349914550781,770186
2026-03-23 18:40:00+00:00,381.3599853515625,381.739990234375,381.04998779296875,381.30999755859375,477526
2026-03-23 18:45:00+00:00,381.30999755859375,381.8699035644531,381.1600036621094,381.81500244140625,403769
2026-03-23 18:50:00+00:00,381.81500244140625,381.9179992675781,381.4200134277344,381.7099914550781,445797
2026-03-23 18:55:00+00:00,381.7300109863281,382.25,381.4599914550781,381.885009765625,557581
2026-03-23 19:00:00+00:00,381.8900146484375,381.95001220703125,381.29998779296875,381.57000732421875,496908
2026-03-23 19:05:00+00:00,381.55999755859375,381.7300109863281,381.2799987792969,381.67498779296875,381260
2026-03-23 19:10:00+00:00,381.67498779296875,381.79998779296875,381.19000244140625,381.20001220703125,433619
2026-03-23 19:15:00+00:00,381.2250061035156,381.3500061035156,380.6199951171875,381.1000061035156,589918
2026-03-23 19:20:00+00:00,381.0899963378906,381.69000244140625,381.04998779296875,381.510009765625,549467
2026-03-23 19:25:00+00:00,381.510009765625,381.6199951171875,380.81060791015625,381.25,525436
2026-03-23 19:30:00+00:00,381.2550048828125,381.3299865722656,380.8268127441406,380.9649963378906,457264
2026-03-23 19:35:00+00:00,380.989990234375,381.3399963378906,380.95001220703125,381.29998779296875,399996
2026-03-23 19:40:00+00:00,381.2950134277344,381.6300964355469,381.07000732421875,381.614990234375,540148
2026-03-23 19:45:00+00:00,381.6000061035156,381.92999267578125,381.3800048828125,381.760009765625,678244
2026-03-23 19:50:00+00:00,381.760009765625,381.80999755859375,380.2200012207031,380.5249938964844,1136247
2026-03-23 19:55:00+00:00,380.54998779296875,381.19000244140625,380.3700866699219,380.8500061035156,1628893
2026-03-24 13:30:00+00:00,376.69500732421875,383.260009765625,376.30999755859375,383.2200012207031,3001774
2026-03-24 13:35:00+00:00,383.2099914550781,384.7699890136719,382.6199951171875,384.4599914550781,1963745
2026-03-24 13:40:00+00:00,384.4949951171875,384.5,382.82000732421875,383.4700012207031,1492069
2026-03-24 13:45:00+00:00,383.49639892578125,386.239990234375,382.110107421875,382.3800048828125,1951753
2026-03-24 13:50:00+00:00,382.3900146484375,382.7900085449219,381.42999267578125,381.6300048828125,1224383
2026-03-24 13:55:00+00:00,381.648193359375,383.1600036621094,381.5199890136719,383.07000732421875,1012767
2026-03-24 14:00:00+00:00,383.07000732421875,385.5849914550781,382.9804992675781,385.0708923339844,1376300
2026-03-24 14:05:00+00:00,385.0799865722656,386.3699951171875,384.79998779296875,386.17999267578125,1212217
2026-03-24 14:10:00+00:00,386.1099853515625,386.1600036621094,383.4700012207031,384.2799987792969,1200462
2026-03-24 14:15:00+00:00,384.2900085449219,385.3599853515625,383.54998779296875,384.3699951171875,904913
2026-03-24 14:20:00+00:00,384.3800048828125,385.20001220703125,383.29998779296875,384.70001220703125,814135
2026-03-24 14:25:00+00:00,384.6700134277344,385.92999267578125,384.1700134277344,384.55999755859375,914272
2026-03-24 14:30:00+00:00,384.55999755859375,384.9200134277344,383.3800048828125,384.44000244140625,830671
2026-03-24 14:35:00+00:00,384.44000244140625,384.69000244140625,382.7200012207031,383.3800048828125,862200
2026-03-24 14:40:00+00:00,383.3599853515625,384.3500061035156,383.1600036621094,384.28228759765625,612653
2026-03-24 14:45:00+00:00,384.2799987792969,385.1499938964844,383.4100036621094,384.20989990234375,719498
2026-03-24 14:50:00+00:00,384.1600036621094,387.260009765625,383.4779968261719,385.375,1421021
2026-03-24 14:55:00+00:00,385.3299865722656,387.4700012207031,384.80999755859375,385.69000244140625,1358621
2026-03-24 15:00:00+00:00,385.7099914550781,387.2300109863281,385.57000732421875,385.635009765625,811724
2026-03-24 15:05:00+00:00,385.614990234375,385.7049865722656,384.8500061035156,385.3599853515625,671716
2026-03-24 15:10:00+00:00,385.3500061035156,386.20001220703125,384.6109924316406,385.1000061035156,710613
2026-03-24 15:15:00+00:00,385.0950012207031,385.239990234375,384.55010986328125,384.9075012207031,552605
2026-03-24 15:20:00+00:00,384.9150085449219,385.7099914550781,384.62200927734375,385.489990234375,570018
2026-03-24 15:25:00+00:00,385.5299987792969,386.0400085449219,383.8999938964844,383.9599914550781,662078
2026-03-24 15:30:00+00:00,383.92999267578125,384.20001220703125,382.8900146484375,383.3399963378906,860605
2026-03-24 15:35:00+00:00,383.3599853515625,384.20001220703125,383.25,384.1549987792969,592403
2026-03-24 15:40:00+00:00,384.1300048828125,384.3599853515625,383.6000061035156,384.010009765625,523069
2026-03-24 15:45:00+00:00,384.0400085449219,384.1700134277344,383.6317138671875,383.82940673828125,380840
2026-03-24 15:50:00+00:00,383.8450012207031,384.45001220703125,383.4800109863281,383.6799011230469,549679
2026-03-24 15:55:00+00:00,383.635009765625,383.70001220703125,382.3800048828125,382.5199890136719,691836
2026-03-24 16:00:00+00:00,382.4599914550781,382.739990234375,381.8500061035156,382.1700134277344,544554
2026-03-24 16:05:00+00:00,382.2099914550781,382.5400085449219,381.67999267578125,382.5150146484375,482344
2026-03-24 16:10:00+00:00,382.5150146484375,382.95001220703125,382.3493957519531,382.7398986816406,441761
2026-03-24 16:15:00+00:00,382.7900085449219,383.9200134277344,382.5400085449219,383.7799987792969,480612
2026-03-24 16:20:00+00:00,383.7615051269531,384.20001220703125,383.5799865722656,384.04888916015625,442227
2026-03-24 16:25:00+00:00,384.0299987792969,384.3699951171875,383.45001220703125,384.1199951171875,463334
2026-03-24 16:30:00+00:00,384.0899963378906,384.2900085449219,383.1400146484375,383.2699890136719,433886
2026-03-24 16:35:00+00:00,383.2922058105469,383.3599853515625,382.0799865722656,382.0799865722656,441513
2026-03-24 16:40:00+00:00,382.1000061035156,383.1596984863281,382.05999755859375,383.1596984863281,454542
2026-03-24 16:45:00+00:00,383.1499938964844,384.0884094238281,383.110107421875,383.55999755859375,428603
2026-03-24 16:50:00+00:00,383.5494079589844,383.760009765625,383.0618896484375,383.1000061035156,295845
2026-03-24 16:55:00+00:00,383.135009765625,383.2099914550781,382.4849853515625,382.9200134277344,300941
2026-03-24 17:00:00+00:00,382.92999267578125,383.2200012207031,381.4200134277344,381.4649963378906,497719
2026-03-24 17:05:00+00:00,381.4800109863281,381.70001220703125,380.6099853515625,381.30999755859375,617705
2026-03-24 17:10:00+00:00,381.3133850097656,381.6499938964844,380.8599853515625,381.2799987792969,507888
2026-03-24 17:15:00+00:00,381.25,381.4599914550781,380.5508117675781,380.739990234375,476752
2026-03-24 17:20:00+00:00,380.739990234375,381.3999938964844,380.70379638671875,381.1400146484375,375838
2026-03-24 17:25:00+00:00,381.1549987792969,381.6099853515625,380.8999938964844,381.4100036621094,314640
2026-03-24 17:30:00+00:00,381.3900146484375,381.8900146484375,380.67999267578125,380.81500244140625,504912
2026-03-24 17:35:00+00:00,380.80999755859375,381.29998779296875,380.6518859863281,381.07000732421875,339815
2026-03-24 17:40:00+00:00,381.0799865722656,381.20001220703125,379.80999755859375,379.9200134277344,722636
2026-03-24 17:45:00+00:00,379.94500732421875,380.2601013183594,379.80999755859375,380.0350036621094,403065
2026-03-24 17:50:00+00:00,380.010009765625,380.6499938964844,379.67999267578125,380.07501220703125,574330
2026-03-24 17:55:00+00:00,380.0199890136719,381.75,379.918701171875,381.42498779296875,792493
2026-03-24 18:00:00+00:00,381.3699951171875,382.20001220703125,381.20001220703125,381.44500732421875,530778
2026-03-24 18:05:00+00:00,381.44000244140625,381.6499938964844,381.1300048828125,381.2900085449219,307412
2026-03-24 18:10:00+00:00,381.28851318359375,381.8299865722656,381.15008544921875,381.614990234375,405582
2026-03-24 18:15:00+00:00,381.6199951171875,382.1000061035156,381.1099853515625,381.95001220703125,381757
2026-03-24 18:20:00+00:00,381.9949951171875,382.9100036621094,381.8800048828125,382.7950134277344,528308
2026-03-24 18:25:00+00:00,382.82000732421875,383.7900085449219,382.7200012207031,383.4200134277344,728403
2026-03-24 18:30:00+00:00,383.4200134277344,384.2300109863281,382.8399963378906,384.17498779296875,634405
2026-03-24 18:35:00+00:00,384.1700134277344,386.1400146484375,384.0450134277344,386.05499267578125,935457
2026-03-24 18:40:00+00:00,386.0799865722656,386.45001220703125,384.80999755859375,384.9901123046875,910006
2026-03-24 18:45:00+00:00,385.010009765625,385.1700134277344,384.30999755859375,384.510009765625,505017
2026-03-24 18:50:00+00:00,384.510009765625,385.2300109863281,384.43499755859375,384.75,597194
2026-03-24 18:55:00+00:00,384.7300109863281,384.7300109863281,384.131103515625,384.4967956542969,533147
2026-03-24 19:00:00+00:00,384.4607849121094,385.1698913574219,384.44000244140625,384.7049865722656,511233
2026-03-24 19:05:00+00:00,384.67999267578125,385.20001220703125,384.25,384.8900146484375,682498
2026-03-24 19:10:00+00:00,384.8699951171875,385.20001220703125,384.6400146484375,384.9750061035156,472924
2026-03-24 19:15:00+00:00,384.9800109863281,385.5350036621094,384.4100036621094,385.29998779296875,634967
2026-03-24 19:20:00+00:00,385.3299865722656,385.44000244140625,384.55999755859375,384.79998779296875,462885
2026-03-24 19:25:00+00:00,384.7900085449219,384.92999267578125,383.95001220703125,384.04998779296875,488518
2026-03-24 19:30:00+00:00,384.0299987792969,384.3699951171875,383.6000061035156,383.7900085449219,529232
2026-03-24 19:35:00+00:00,383.7900085449219,383.9599914550781,383.3699951171875,383.79998779296875,741073
2026-03-24 19:40:00+00:00,383.79998779296875,384.2799987792969,383.6099853515625,384.1099853515625,421603
2026-03-24 19:45:00+00:00,384.0899963378906,384.5599060058594,383.8699951171875,384.5299987792969,427084
2026-03-24 19:50:00+00:00,384.57000732421875,384.8599853515625,383.5299987792969,383.67999267578125,853854
2026-03-24 19:55:00+00:00,383.70001220703125,383.7799987792969,382.29998779296875,383.1099853515625,1614587
2026-03-25 13:30:00+00:00,389.989990234375,394.3800048828125,389.2799987792969,393.0950927734375,4243501
2026-03-25 13:35:00+00:00,393.1401062011719,396.2200012207031,393.0369873046875,393.82000732421875,2332668
2026-03-25 13:40:00+00:00,393.82000732421875,394.5696105957031,392.94000244140625,393.2650146484375,1234219
2026-03-25 13:45:00+00:00,393.2699890136719,393.7799987792969,392.8800048828125,392.9599914550781,914681
2026-03-25 13:50:00+00:00,392.9649963378906,393.55999755859375,391.6499938964844,392.7590026855469,1201182
2026-03-25 13:55:00+00:00,392.760009765625,393.1000061035156,391.7601013183594,392.01629638671875,967456
2026-03-25 14:00:00+00:00,392.04998779296875,393.19000244140625,390.5199890136719,392.44000244140625,1351166
2026-03-25 14:05:00+00:00,392.44000244140625,393.54998779296875,392.0,392.7300109863281,872257
2026-03-25 14:10:00+00:00,392.76690673828125,393.2300109863281,392.010009765625,393.1799011230469,888086
2026-03-25 14:15:00+00:00,393.16009521484375,393.4200134277344,392.739990234375,392.8500061035156,637866
2026-03-25 14:20:00+00:00,392.8299865722656,394.20001220703125,392.82501220703125,393.4700012207031,844910
2026-03-25 14:25:00+00:00,393.4649963378906,394.8299865722656,393.32000732421875,393.8299865722656,1002329
2026-03-25 14:30:00+00:00,393.9800109863281,394.4800109863281,393.1600036621094,394.2799987792969,613897
2026-03-25 14:35:00+00:00,394.2900085449219,394.6000061035156,393.5,393.94000244140625,501919
2026-03-25 14:40:00+00:00,393.96990966796875,394.80999755859375,393.6401062011719,394.20001220703125,612048
2026-03-25 14:45:00+00:00,394.20001220703125,394.45001220703125,393.5849914550781,394.1549987792969,527670
2026-03-25 14:50:00+00:00,394.1789855957031,394.44000244140625,393.67999267578125,393.7919921875,525070
2026-03-25 14:55:00+00:00,393.80999755859375,394.0,393.0199890136719,393.20001220703125,553661
2026-03-25 15:00:00+00:00,393.17999267578125,393.59991455078125,392.8800048828125,393.3598937988281,575591
2026-03-25 15:05:00+00:00,393.3599853515625,393.510009765625,391.70001220703125,391.7300109863281,813806
2026-03-25 15:10:00+00:00,391.92999267578125,392.3800048828125,391.5,391.67999267578125,669203
2026-03-25 15:15:00+00:00,391.68499755859375,392.0400085449219,389.260009765625,389.92999267578125,1240298
2026-03-25 15:20:00+00:00,389.95001220703125,392.239990234375,389.8299865722656,391.9200134277344,817290
2026-03-25 15:25:00+00:00,391.91009521484375,392.6700134277344,391.3800048828125,392.6000061035156,737390
2026-03-25 15:30:00+00:00,392.6000061035156,393.0409851074219,392.4021911621094,392.4800109863281,551534
2026-03-25 15:35:00+00:00,392.4800109863281,392.5050048828125,390.77099609375,391.05499267578125,605369
2026-03-25 15:40:00+00:00,391.0400085449219,391.3399963378906,390.29998779296875,390.7699890136719,614986
2026-03-25 15:45:00+00:00,390.7749938964844,390.9200134277344,389.6700134277344,389.83990478515625,601108
2026-03-25 15:50:00+00:00,389.80499267578125,390.0199890136719,388.82000732421875,389.010009765625,847563
2026-03-25 15:55:00+00:00,388.92999267578125,389.30999755859375,388.2749938964844,388.8699951171875,933182
2026-03-25 16:00:00+00:00,388.8599853515625,389.4693908691406,388.42999267578125,388.4750061035156,717728
2026-03-25 16:05:00+00:00,388.5,388.79998779296875,387.84490966796875,388.6700134277344,718822
2026-03-25 16:10:00+00:00,388.6400146484375,388.6700134277344,387.8800048828125,388.2200012207031,481756
2026-03-25 16:15:00+00:00,388.19000244140625,388.2699890136719,387.6000061035156,388.04998779296875,493583
2026-03-25 16:20:00+00:00,388.0899963378906,389.4800109863281,387.8399963378906,389.44000244140625,596822
2026-03-25 16:25:00+00:00,389.3599853515625,389.7900085449219,388.92999267578125,389.1099853515625,576033
2026-03-25 16:30:00+00:00,389.1099853515625,390.0780029296875,388.81500244140625,389.7200012207031,623360
2026-03-25 16:35:00+00:00,389.760009765625,390.1600036621094,389.54998779296875,389.8299865722656,416914
2026-03-25 16:40:00+00:00,389.8044128417969,390.05999755859375,389.4599914550781,389.5199890136719,360605
2026-03-25 16:45:00+00:00,389.5799865722656,389.760009765625,389.2099914550781,389.43499755859375,387513
2026-03-25 16:50:00+00:00,389.42999267578125,389.75,388.6499938964844,389.6199035644531,504548
2026-03-25 16:55:00+00:00,389.5899963378906,389.6700134277344,389.07000732421875,389.3699951171875,313768
2026-03-25 17:00:00+00:00,389.3699035644531,389.5899963378906,388.3699951171875,388.6000061035156,519281
2026-03-25 17:05:00+00:00,388.5899963378906,388.66619873046875,387.8450012207031,388.17999267578125,486646
2026-03-25 17:10:00+00:00,388.189697265625,389.1600036621094,388.1600036621094,388.8399963378906,360055
2026-03-25 17:15:00+00:00,388.8299865722656,388.8800048828125,387.9800109863281,388.25,418594
2026-03-25 17:20:00+00:00,388.25,388.69000244140625,388.0400085449219,388.17498779296875,377916
2026-03-25 17:25:00+00:00,388.1400146484375,388.739990234375,388.1099853515625,388.2950134277344,407804
2026-03-25 17:30:00+00:00,388.30999755859375,388.7550048828125,387.69000244140625,388.7200012207031,506789
2026-03-25 17:35:00+00:00,388.739990234375,389.17999267578125,388.6285095214844,389.06500244140625,449651
2026-03-25 17:40:00+00:00,389.04998779296875,389.75,388.7699890136719,389.2699890136719,411124
2026-03-25 17:45:00+00:00,389.2650146484375,389.30828857421875,388.20001220703125,388.2200012207031,427983
2026-03-25 17:50:00+00:00,388.20001220703125,388.67999267578125,387.3399963378906,387.5050964355469,589130
2026-03-25 17:55:00+00:00,387.5,389.19000244140625,387.3800048828125,388.260009765625,662779
2026-03-25 18:00:00+00:00,388.2099914550781,388.3399963378906,387.5899963378906,387.9150085449219,353102
2026-03-25 18:05:00+00:00,387.9200134277344,388.3399963378906,387.45001220703125,387.6300048828125,391672
2026-03-25 18:10:00+00:00,387.6600036621094,388.2900085449219,387.6200866699219,388.1099853515625,306527
2026-03-25 18:15:00+00:00,388.1400146484375,388.4599914550781,387.60009765625,388.2001037597656,385768
2026-03-25 18:20:00+00:00,388.2492980957031,388.91839599609375,388.2001037597656,388.70001220703125,405357
2026-03-25 18:25:00+00:00,388.67999267578125,388.7200012207031,387.57000732421875,387.659912109375,427289
2026-03-25 18:30:00+00:00,387.6510925292969,387.8699951171875,387.2200012207031,387.55999755859375,477526
2026-03-25 18:35:00+00:00,387.54998779296875,387.6000061035156,386.8399963378906,387.1050109863281,540990
2026-03-25 18:40:00+00:00,387.10931396484375,387.20989990234375,386.510009765625,386.68499755859375,544628
2026-03-25 18:45:00+00:00,386.69500732421875,386.92999267578125,386.44000244140625,386.75,399237
2026-03-25 18:50:00+00:00,386.7699890136719,387.1000061035156,386.54998779296875,387.0249938964844,390817
2026-03-25 18:55:00+00:00,387.0350036621094,387.0350036621094,385.4700927734375,386.20001220703125,705324
2026-03-25 19:00:00+00:00,386.2300109863281,386.2300109863281,385.0911865234375,385.55999755859375,657553
2026-03-25 19:05:00+00:00,385.57501220703125,385.80999755859375,385.07501220703125,385.33758544921875,597971
2026-03-25 19:10:00+00:00,385.32000732421875,385.7200012207031,385.1199951171875,385.6400146484375,429353
2026-03-25 19:15:00+00:00,385.6499938964844,386.4700012207031,385.5400085449219,386.3949890136719,550786
2026-03-25 19:20:00+00:00,386.3949890136719,386.9649963378906,386.3200988769531,386.42999267578125,540453
2026-03-25 19:25:00+00:00,386.42010498046875,386.45001220703125,385.4599914550781,385.489990234375,469416
2026-03-25 19:30:00+00:00,385.4700012207031,385.70001220703125,385.2900085449219,385.364990234375,127867
